{
  "experiment_name": "AW-SSJF_80jobs_load0.90_fixed",
  "metadata": {
    "scheduler": "AW-SSJF",
    "num_jobs": 80,
    "mode": "fixed_jobs",
    "simulation_duration": null,
    "system_load": 0.9,
    "base_service_time": null,
    "w_max": 2.0,
    "p": 1.0,
    "q": 1.0,
    "use_confidence": true,
    "weight_exponent": 4.0,
    "gamma_panic": null,
    "gamma_dep": null,
    "weight_mode": null,
    "adaptive_k": null,
    "adaptive_k_min": 1.0,
    "adaptive_k_max": 4.0,
    "adaptive_k_high_threshold": 10,
    "adaptive_k_low_threshold": 3,
    "enable_emotion": null,
    "arousal_noise": null,
    "random_seed": 42,
    "starvation_threshold": 30.0,
    "starvation_coefficient": 3.0,
    "output_dir": "results/experiments/defense/A1/threshold_30_coef_3",
    "verbose": null,
    "model_name": null,
    "dataset_path": null,
    "use_cache": null,
    "force_regenerate": null,
    "device_map": null,
    "dtype": null,
    "load_in_8bit": null,
    "force_new_job_config": null,
    "use_saved_job_config": true,
    "experiment_mode": "fixed_jobs",
    "arrival_rate": 0.45,
    "run_metrics": {
      "total_jobs": 80,
      "total_time": 221.98382790282216,
      "throughput": 0.360386613546558,
      "avg_waiting_time": 28.629588815126986,
      "avg_jct": 31.262331810150716,
      "p50_waiting_time": 34.586075086870025,
      "p95_waiting_time": 52.48704649317809,
      "p99_waiting_time": 54.32816181580449,
      "p50_jct": 37.84446594082323,
      "p95_jct": 54.426416613974304,
      "p99_jct": 55.84667836586857,
      "estimated_arrival_rate": 0.4775629988044028,
      "avg_actual_execution_time": 2.6327429950237273,
      "effective_load": 1.257300639784816,
      "throughput_p25": 0.35064534378597473,
      "throughput_p50": 0.3587712938926786,
      "throughput_p75": 0.351999704841221,
      "aw_jct": 31.378626323945056
    }
  },
  "num_jobs": 80,
  "total_run_time": 221.98382790282216,
  "overall_metrics": {
    "avg_waiting_time": 28.629588815126986,
    "std_waiting_time": 18.375272880081155,
    "p50_waiting_time": 34.586075086870025,
    "p95_waiting_time": 52.48704649317809,
    "p99_waiting_time": 54.32816181580449,
    "avg_turnaround_time": 31.262331810150716,
    "std_turnaround_time": 18.55177871094191,
    "p99_turnaround_time": 55.84667836586857,
    "avg_service_time": 2.163803407669067,
    "throughput": 0.360386613546558,
    "aw_jct": 31.378626323945056,
    "total_affect_weight": 104.1098842737755,
    "avg_affect_weight": 1.3013735534221937
  },
  "run_metrics": {
    "total_jobs": 80,
    "total_time": 221.98382790282216,
    "throughput": 0.360386613546558,
    "avg_waiting_time": 28.629588815126986,
    "avg_jct": 31.262331810150716,
    "p50_waiting_time": 34.586075086870025,
    "p95_waiting_time": 52.48704649317809,
    "p99_waiting_time": 54.32816181580449,
    "p50_jct": 37.84446594082323,
    "p95_jct": 54.426416613974304,
    "p99_jct": 55.84667836586857,
    "estimated_arrival_rate": 0.4775629988044028,
    "avg_actual_execution_time": 2.6327429950237273,
    "effective_load": 1.257300639784816,
    "throughput_p25": 0.35064534378597473,
    "throughput_p50": 0.3587712938926786,
    "throughput_p75": 0.351999704841221,
    "aw_jct": 31.378626323945056
  },
  "llm_metrics": {
    "num_llm_jobs": 80,
    "avg_actual_execution_time": 2.6327429950237273,
    "std_actual_execution_time": 1.2486890106585462,
    "avg_output_token_length": 128.625,
    "std_output_token_length": 61.22057966893159,
    "cache_hit_count": 0,
    "cache_hit_rate": 0.0,
    "fallback_used_count": 0,
    "error_count": 0,
    "prediction_accuracy": {
      "avg_absolute_error": 1.0068344161510467,
      "std_absolute_error": 0.8980333747681188,
      "avg_relative_error": 0.43833197785472056,
      "median_relative_error": 0.3232367035160836,
      "max_absolute_error": 3.870221757888794
    }
  },
  "per_emotion_class_metrics": {
    "depression": {
      "count": 20,
      "avg_waiting_time": 30.947685589728252,
      "std_waiting_time": 19.290266486464695,
      "avg_turnaround_time": 33.59559769862641,
      "std_turnaround_time": 19.45263069341245,
      "avg_predicted_service_time": 2.2728546142578123,
      "avg_measured_execution_time": 2.6479121088981628,
      "avg_affect_weight": 1.7143353566673867,
      "p50_waiting_time": 35.64094393418669,
      "p95_waiting_time": 50.4272450334142,
      "p99_waiting_time": 52.44467326903542
    },
    "panic": {
      "count": 20,
      "avg_waiting_time": 28.421536997305434,
      "std_waiting_time": 19.491874502442517,
      "avg_turnaround_time": 31.002482799040358,
      "std_turnaround_time": 19.748080524772597,
      "avg_predicted_service_time": 2.392194450378418,
      "avg_measured_execution_time": 2.5809458017349245,
      "avg_affect_weight": 1.4071937119871893,
      "p50_waiting_time": 36.368791140892036,
      "p95_waiting_time": 53.30781507919406,
      "p99_waiting_time": 54.78989660459675
    },
    "excited": {
      "count": 20,
      "avg_waiting_time": 25.909100929836576,
      "std_waiting_time": 17.023794093578196,
      "avg_turnaround_time": 28.636186639408415,
      "std_turnaround_time": 17.265769219545327,
      "avg_predicted_service_time": 2.0685425910949706,
      "avg_measured_execution_time": 2.7270857095718384,
      "avg_affect_weight": 1.0236754560750314,
      "p50_waiting_time": 32.38630508008775,
      "p95_waiting_time": 47.43695762000982,
      "p99_waiting_time": 50.48497124158588
    },
    "calm": {
      "count": 20,
      "avg_waiting_time": 29.2400317436377,
      "std_waiting_time": 17.191711446890565,
      "avg_turnaround_time": 31.815060103527685,
      "std_turnaround_time": 17.24708274086445,
      "avg_predicted_service_time": 1.9216219749450683,
      "avg_measured_execution_time": 2.575028359889984,
      "avg_affect_weight": 1.060289688959168,
      "p50_waiting_time": 34.35161146997091,
      "p95_waiting_time": 52.04091745611185,
      "p99_waiting_time": 53.69372703426595
    },
    "overall": {
      "count": 80,
      "avg_waiting_time": 28.629588815126986,
      "avg_turnaround_time": 31.262331810150716
    }
  },
  "per_quadrant_metrics": {
    "excited": {
      "count": 20,
      "avg_waiting_time": 25.909100929836576,
      "p50_waiting_time": 32.38630508008775,
      "p99_waiting_time": 50.48497124158588,
      "avg_jct": 28.636186639408415,
      "p99_jct": 52.07660784923283,
      "avg_affect_weight": 1.0236754560750314
    },
    "calm": {
      "count": 20,
      "avg_waiting_time": 29.2400317436377,
      "p50_waiting_time": 34.35161146997091,
      "p99_waiting_time": 53.69372703426595,
      "avg_jct": 31.815060103527685,
      "p99_jct": 55.482616390735586,
      "avg_affect_weight": 1.060289688959168
    },
    "panic": {
      "count": 20,
      "avg_waiting_time": 28.421536997305434,
      "p50_waiting_time": 36.368791140892036,
      "p99_waiting_time": 54.78989660459675,
      "avg_jct": 31.002482799040358,
      "p99_jct": 56.74435240703739,
      "avg_affect_weight": 1.4071937119871893
    },
    "depression": {
      "count": 20,
      "avg_waiting_time": 30.947685589728252,
      "p50_waiting_time": 35.64094393418669,
      "p99_waiting_time": 52.44467326903542,
      "avg_jct": 33.59559769862641,
      "p99_jct": 54.29602013850411,
      "avg_affect_weight": 1.7143353566673867
    }
  },
  "fairness_analysis": {
    "waiting_time_fairness": {
      "jain_index": 0.9959929105091249,
      "per_quadrant_values": {
        "depression": 30.947685589728252,
        "panic": 28.421536997305434,
        "excited": 25.909100929836576,
        "calm": 29.2400317436377
      },
      "coefficient_of_variation": 0.06342878571137259,
      "max_min_ratio": 1.1944716134124636,
      "depression_vs_others": 1.1109526480394725,
      "mean": 28.629588815126993,
      "std": 1.8159400539593995
    },
    "turnaround_time_fairness": {
      "jain_index": 0.9967583771752252,