{
  "experiment_name": "SSJF-Emotion_54jobs_load0.90_fixed",
  "metadata": {
    "scheduler": "SSJF-Emotion",
    "num_jobs": 54,
    "mode": "fixed_jobs",
    "simulation_duration": null,
    "system_load": 0.9,
    "base_service_time": null,
    "alpha": null,
    "rho": null,
    "emotion_correlation": null,
    "enable_emotion": null,
    "arousal_noise": null,
    "random_seed": 42,
    "starvation_threshold": null,
    "starvation_coefficient": 5.0,
    "beta": null,
    "output_dir": "results/starvation_sweep/coeff_5",
    "verbose": true,
    "model_name": null,
    "dataset_path": null,
    "use_cache": null,
    "force_regenerate": null,
    "device_map": null,
    "dtype": null,
    "load_in_8bit": null,
    "experiment_mode": "fixed_jobs",
    "arrival_rate": 0.8181818181818181,
    "run_metrics": {
      "total_jobs": 54,
      "total_time": 67.40157316195135,
      "throughput": 0.8011682438071546,
      "avg_waiting_time": 5.43684502876662,
      "avg_jct": 6.5275991271290135,
      "p50_waiting_time": 3.765201258528453,
      "p95_waiting_time": 11.214542261241295,
      "p99_waiting_time": 12.37493982677571,
      "p50_jct": 4.9241627479492465,
      "p95_jct": 12.933919787601187,
      "p99_jct": 14.282851642419022,
      "estimated_arrival_rate": 0.8360020016254281,
      "avg_actual_execution_time": 1.090754098362393,
      "effective_load": 0.9118726095120996,
      "throughput_p25": 0.641411084816021,
      "throughput_p50": 0.7306943605737075,
      "throughput_p75": 0.7657153093791718
    }
  },
  "num_jobs": 54,
  "total_run_time": 67.40157316195135,
  "overall_metrics": {
    "avg_waiting_time": 5.43684502876662,
    "std_waiting_time": 4.465289684427634,
    "p50_waiting_time": 3.765201258528453,
    "p95_waiting_time": 11.214542261241295,
    "p99_waiting_time": 12.37493982677571,
    "avg_turnaround_time": 6.5275991271290135,
    "std_turnaround_time": 4.712781309288232,
    "p99_turnaround_time": 14.282851642419022,
    "avg_service_time": 1.1000000000000003,
    "throughput": 0.8011682438071546
  },
  "run_metrics": {
    "total_jobs": 54,
    "total_time": 67.40157316195135,
    "throughput": 0.8011682438071546,
    "avg_waiting_time": 5.43684502876662,
    "avg_jct": 6.5275991271290135,
    "p50_waiting_time": 3.765201258528453,
    "p95_waiting_time": 11.214542261241295,
    "p99_waiting_time": 12.37493982677571,
    "p50_jct": 4.9241627479492465,
    "p95_jct": 12.933919787601187,
    "p99_jct": 14.282851642419022,
    "estimated_arrival_rate": 0.8360020016254281,
    "avg_actual_execution_time": 1.090754098362393,
    "effective_load": 0.9118726095120996,
    "throughput_p25": 0.641411084816021,
    "throughput_p50": 0.7306943605737075,
    "throughput_p75": 0.7657153093791718
  },
  "llm_metrics": {
    "num_llm_jobs": 54,
    "avg_actual_execution_time": 1.090754098362393,
    "std_actual_execution_time": 0.45586442771314983,
    "avg_output_token_length": 53.72222222222222,
    "std_output_token_length": 22.656383833150905,
    "cache_hit_count": 54,
    "cache_hit_rate": 1.0,
    "fallback_used_count": 0,
    "error_count": 0,
    "prediction_accuracy": {
      "avg_absolute_error": 0.22975503345772083,
      "std_absolute_error": 0.17707351980794445,
      "avg_relative_error": 0.22694408801968732,
      "median_relative_error": 0.1904256397753196,
      "max_absolute_error": 0.8118516006469729
    }
  },
  "per_emotion_class_metrics": {
    "low": {
      "count": 18,
      "avg_waiting_time": 2.6401327986946495,
      "std_waiting_time": 3.5393867157719674,
      "avg_turnaround_time": 3.233652433365331,
      "std_turnaround_time": 3.4922608249174023,
      "avg_predicted_service_time": 0.3959999999999999,
      "avg_measured_execution_time": 0.5935196346706815,
      "p50_waiting_time": 1.0029595796489152,
      "p95_waiting_time": 10.508705218628334,
      "p99_waiting_time": 10.725844209800476
    },
    "high": {
      "count": 18,
      "avg_waiting_time": 8.21015704678404,
      "std_waiting_time": 4.117517989371236,
      "avg_turnaround_time": 9.771360182168495,
      "std_turnaround_time": 4.249734335090467,
      "avg_predicted_service_time": 1.8040000000000005,
      "avg_measured_execution_time": 1.5612031353844538,
      "p50_waiting_time": 9.847503777540355,
      "p95_waiting_time": 12.350397084909176,
      "p99_waiting_time": 12.402550411375563
    },
    "medium": {
      "count": 18,
      "avg_waiting_time": 5.460245240821164,
      "std_waiting_time": 3.8499112670229807,
      "avg_turnaround_time": 6.577784765853208,
      "std_turnaround_time": 3.8730099686869135,
      "avg_predicted_service_time": 1.1000000000000003,
      "avg_measured_execution_time": 1.1175395250320435,
      "p50_waiting_time": 3.765201258528453,
      "p95_waiting_time": 10.697445082615827,
      "p99_waiting_time": 10.715344544221969
    },
    "overall": {
      "count": 54,
      "avg_waiting_time": 5.460245240821164,
      "avg_turnaround_time": 6.577784765853208
    }
  },
  "fairness_analysis": {
    "waiting_time_fairness": {
      "jain_index": 0.8511064487345866,
      "per_class_values": {
        "low": 2.6401327986946495,
        "high": 8.21015704678404,
        "medium": 5.460245240821164
      },
      "coefficient_of_variation": 0.41825968268797936,
      "max_min_ratio": 3.109751543878155,
      "mean": 5.436845028766618,
      "std": 2.2740130765556437
    },
    "turnaround_time_fairness": {
      "jain_index": 0.8567417895243573,
      "per_class_values": {
        "low": 3.233652433365331,
        "high": 9.771360182168495,
        "medium": 6.577784765853208
      },
      "coefficient_of_variation": 0.40891664164013214,
      "max_min_ratio": 3.0217719385503754,
      "mean": 6.527599127129011,
      "std": 2.669243913038653
    },
    "per_class_metrics": {
      "low": {
        "count": 18,
        "avg_waiting_time": 2.6401327986946495,
        "std_waiting_time": 3.5393867157719674,
        "avg_turnaround_time": 3.233652433365331,
        "std_turnaround_time": 3.4922608249174023,
        "avg_predicted_service_time": 0.3959999999999999,
        "avg_measured_execution_time": 0.5935196346706815,
        "p50_waiting_time": 1.0029595796489152,
        "p95_waiting_time": 10.508705218628334,
        "p99_waiting_time": 10.725844209800476
      },
      "high": {
        "count": 18,
        "avg_waiting_time": 8.21015704678404,
        "std_waiting_time": 4.117517989371236,
        "avg_turnaround_time": 9.771360182168495,
        "std_turnaround_time": 4.249734335090467,
        "avg_predicted_service_time": 1.8040000000000005,
        "avg_measured_execution_time": 1.5612031353844538,
        "p50_waiting_time": 9.847503777540355,
        "p95_waiting_time": 12.350397084909176,
        "p99_waiting_time": 12.402550411375563
      },
      "medium": {
        "count": 18,
        "avg_waiting_time": 5.460245240821164,
        "std_waiting_time": 3.8499112670229807,
        "avg_turnaround_time": 6.577784765853208,
        "std_turnaround_time": 3.8730099686869135,
        "avg_predicted_service_time": 1.1000000000000003,
        "avg_measured_execution_time": 1.1175395250320435,
        "p50_waiting_time": 3.765201258528453,
        "p95_waiting_time": 10.697445082615827,
        "p99_waiting_time": 10.715344544221969
      },
      "overall": {
        "count": 54,
        "avg_waiting_time": 5.460245240821164,
        "avg_turnaround_time": 6.577784765853208
      }
    },
    "arousal_valence_distribution": {
      "high_positive": 6,
      "high_neutral": 6,
      "high_negative": 6,
      "medium_positive": 6,
      "medium_neutral": 6,
      "medium_negative": 6,
      "low_positive": 6,
      "low_neutral": 6,
      "low_negative": 6,
      "total": 54
    }
  }
}