{
  "experiment_name": "FCFS_90jobs_load1.20_fixed",
  "metadata": {
    "scheduler": "FCFS",
    "num_jobs": 90,
    "mode": "fixed_jobs",
    "simulation_duration": null,
    "system_load": 1.2,
    "base_service_time": null,
    "alpha": null,
    "rho": null,
    "enable_emotion": null,
    "arousal_noise": null,
    "random_seed": 42,
    "starvation_threshold": null,
    "starvation_coefficient": null,
    "beta": null,
    "output_dir": "results/llm_runs_job90_load1.2",
    "verbose": true,
    "model_name": null,
    "dataset_path": null,
    "use_cache": null,
    "force_regenerate": null,
    "device_map": null,
    "dtype": null,
    "load_in_8bit": null,
    "experiment_mode": "fixed_jobs",
    "arrival_rate": 0.6,
    "run_metrics": {
      "total_jobs": 90,
      "total_time": 148.40284278606276,
      "throughput": 0.606457385252005,
      "avg_waiting_time": 6.056532670342737,
      "avg_jct": 7.619376379864563,
      "p50_waiting_time": 5.7262855842717,
      "p95_waiting_time": 12.759142795740265,
      "p99_waiting_time": 15.65814328058556,
      "p50_jct": 7.395260118235736,
      "p95_jct": 14.053734456880417,
      "p99_jct": 16.418906513293535,
      "throughput_p25": 0.526786804673194,
      "throughput_p50": 0.5791758111185517,
      "throughput_p75": 0.6021652115401059
    }
  },
  "num_jobs": 90,
  "total_run_time": 148.40284278606276,
  "overall_metrics": {
    "avg_waiting_time": 6.056532670342737,
    "std_waiting_time": 4.106286841001451,
    "p50_waiting_time": 5.7262855842717,
    "p95_waiting_time": 12.759142795740265,
    "p99_waiting_time": 15.65814328058556,
    "avg_turnaround_time": 7.619376379864563,
    "std_turnaround_time": 4.051984443352981,
    "p99_turnaround_time": 16.418906513293535,
    "avg_service_time": 2.0,
    "throughput": 0.606457385252005
  },
  "run_metrics": {
    "total_jobs": 90,
    "total_time": 148.40284278606276,
    "throughput": 0.606457385252005,
    "avg_waiting_time": 6.056532670342737,
    "avg_jct": 7.619376379864563,
    "p50_waiting_time": 5.7262855842717,
    "p95_waiting_time": 12.759142795740265,
    "p99_waiting_time": 15.65814328058556,
    "p50_jct": 7.395260118235736,
    "p95_jct": 14.053734456880417,
    "p99_jct": 16.418906513293535,
    "throughput_p25": 0.526786804673194,
    "throughput_p50": 0.5791758111185517,
    "throughput_p75": 0.6021652115401059
  },
  "llm_metrics": {
    "num_llm_jobs": 90,
    "avg_actual_execution_time": 1.5628437095218235,
    "std_actual_execution_time": 0.5824180546474336,
    "avg_output_token_length": 76.13333333333334,
    "std_output_token_length": 28.889521360597936,
    "cache_hit_count": 1,
    "cache_hit_rate": 0.011111111111111112,
    "fallback_used_count": 0,
    "error_count": 0,
    "prediction_accuracy": {
      "avg_absolute_error": 0.5696806390550404,
      "std_absolute_error": 0.4688143158512107,
      "avg_relative_error": 0.33800892979203206,
      "median_relative_error": 0.2927115098939266,
      "max_absolute_error": 1.854819326400757
    }
  },
  "per_emotion_class_metrics": {
    "low": {
      "count": 30,
      "avg_waiting_time": 6.736867350676118,
      "std_waiting_time": 4.419392009125547,
      "avg_turnaround_time": 7.6376080059393825,
      "std_turnaround_time": 4.379463495753756,
      "avg_execution_time": 0.7199999999999995,
      "p50_waiting_time": 6.239563249339252,
      "p95_waiting_time": 14.396949380308318,
      "p99_waiting_time": 16.04420185565718
    },
    "medium": {
      "count": 30,
      "avg_waiting_time": 5.9260522955070485,
      "std_waiting_time": 3.811704643662686,
      "avg_turnaround_time": 7.549515957972462,
      "std_turnaround_time": 3.7927921387074384,
      "avg_execution_time": 2.0,
      "p50_waiting_time": 5.9983088612709565,
      "p95_waiting_time": 11.703201972383356,
      "p99_waiting_time": 12.94024374316849
    },
    "high": {
      "count": 30,
      "avg_waiting_time": 5.5066783648450475,
      "std_waiting_time": 3.967673963186322,
      "avg_turnaround_time": 7.67100517568184,
      "std_turnaround_time": 3.9601619494850513,
      "avg_execution_time": 3.2800000000000002,
      "p50_waiting_time": 4.861249698078275,
      "p95_waiting_time": 12.055905436857069,
      "p99_waiting_time": 13.581759960079111
    },
    "overall": {
      "count": 90,
      "avg_waiting_time": 5.506678364845049,
      "avg_turnaround_time": 7.671005175681842
    }
  },
  "fairness_analysis": {
    "waiting_time_fairness": {
      "jain_index": 0.9929419701443469,
      "per_class_values": {
        "low": 6.736867350676118,
        "medium": 5.9260522955070485,
        "high": 5.5066783648450475
      },
      "coefficient_of_variation": 0.08431014020655747,
      "max_min_ratio": 1.2233994623119206,
      "mean": 6.056532670342738,
      "std": 0.5106271186021921
    },
    "turnaround_time_fairness": {
      "jain_index": 0.9999547666811154,
      "per_class_values": {
        "low": 7.6376080059393825,
        "medium": 7.549515957972462,
        "high": 7.67100517568184
      },
      "coefficient_of_variation": 0.006725724126843335,
      "max_min_ratio": 1.0160923188169544,
      "mean": 7.619376379864562,
      "std": 0.051245823549555314
    },
    "per_class_metrics": {
      "low": {
        "count": 30,
        "avg_waiting_time": 6.736867350676118,
        "std_waiting_time": 4.419392009125547,
        "avg_turnaround_time": 7.6376080059393825,
        "std_turnaround_time": 4.379463495753756,
        "avg_execution_time": 0.7199999999999995,
        "p50_waiting_time": 6.239563249339252,
        "p95_waiting_time": 14.396949380308318,
        "p99_waiting_time": 16.04420185565718
      },
      "medium": {
        "count": 30,
        "avg_waiting_time": 5.9260522955070485,
        "std_waiting_time": 3.811704643662686,
        "avg_turnaround_time": 7.549515957972462,
        "std_turnaround_time": 3.7927921387074384,
        "avg_execution_time": 2.0,
        "p50_waiting_time": 5.9983088612709565,
        "p95_waiting_time": 11.703201972383356,
        "p99_waiting_time": 12.94024374316849
      },
      "high": {
        "count": 30,
        "avg_waiting_time": 5.5066783648450475,
        "std_waiting_time": 3.967673963186322,
        "avg_turnaround_time": 7.67100517568184,
        "std_turnaround_time": 3.9601619494850513,
        "avg_execution_time": 3.2800000000000002,
        "p50_waiting_time": 4.861249698078275,
        "p95_waiting_time": 12.055905436857069,
        "p99_waiting_time": 13.581759960079111
      },
      "overall": {
        "count": 90,
        "avg_waiting_time": 5.506678364845049,
        "avg_turnaround_time": 7.671005175681842
      }
    }
  }
}