{
  "experiment_name": "SSJF-Emotion_90jobs_load1.20_fixed",
  "metadata": {
    "scheduler": "SSJF-Emotion",
    "num_jobs": 90,
    "mode": "fixed_jobs",
    "simulation_duration": null,
    "system_load": 1.2,
    "base_service_time": null,
    "alpha": null,
    "rho": null,
    "enable_emotion": null,
    "arousal_noise": null,
    "random_seed": 42,
    "starvation_threshold": null,
    "starvation_coefficient": null,
    "beta": null,
    "output_dir": "results/llm_runs_job90_load1.2",
    "verbose": true,
    "model_name": null,
    "dataset_path": null,
    "use_cache": null,
    "force_regenerate": null,
    "device_map": null,
    "dtype": null,
    "load_in_8bit": null,
    "experiment_mode": "fixed_jobs",
    "arrival_rate": 0.6,
    "run_metrics": {
      "total_jobs": 90,
      "total_time": 148.40284278606276,
      "throughput": 0.606457385252005,
      "avg_waiting_time": 4.620098676897236,
      "avg_jct": 6.182942386419059,
      "p50_waiting_time": 2.032501970054364,
      "p95_waiting_time": 18.32727434186352,
      "p99_waiting_time": 30.76902714283498,
      "p50_jct": 3.2730399649252426,
      "p95_jct": 20.571840457973476,
      "p99_jct": 32.678166714024854,
      "throughput_p25": 0.5534137919676813,
      "throughput_p50": 0.6041331504609594,
      "throughput_p75": 0.6186845491858011
    }
  },
  "num_jobs": 90,
  "total_run_time": 148.40284278606276,
  "overall_metrics": {
    "avg_waiting_time": 4.620098676897236,
    "std_waiting_time": 6.4292078681389215,
    "p50_waiting_time": 2.032501970054364,
    "p95_waiting_time": 18.32727434186352,
    "p99_waiting_time": 30.76902714283498,
    "avg_turnaround_time": 6.182942386419059,
    "std_turnaround_time": 6.736582500194855,
    "p99_turnaround_time": 32.678166714024854,
    "avg_service_time": 2.0,
    "throughput": 0.606457385252005
  },
  "run_metrics": {
    "total_jobs": 90,
    "total_time": 148.40284278606276,
    "throughput": 0.606457385252005,
    "avg_waiting_time": 4.620098676897236,
    "avg_jct": 6.182942386419059,
    "p50_waiting_time": 2.032501970054364,
    "p95_waiting_time": 18.32727434186352,
    "p99_waiting_time": 30.76902714283498,
    "p50_jct": 3.2730399649252426,
    "p95_jct": 20.571840457973476,
    "p99_jct": 32.678166714024854,
    "throughput_p25": 0.5534137919676813,
    "throughput_p50": 0.6041331504609594,
    "throughput_p75": 0.6186845491858011
  },
  "llm_metrics": {
    "num_llm_jobs": 90,
    "avg_actual_execution_time": 1.5628437095218235,
    "std_actual_execution_time": 0.5824180546474335,
    "avg_output_token_length": 76.13333333333334,
    "std_output_token_length": 28.889521360597936,
    "cache_hit_count": 90,
    "cache_hit_rate": 1.0,
    "fallback_used_count": 0,
    "error_count": 0,
    "prediction_accuracy": {
      "avg_absolute_error": 0.5696806390550404,
      "std_absolute_error": 0.4688143158512107,
      "avg_relative_error": 0.3380089297920321,
      "median_relative_error": 0.2927115098939266,
      "max_absolute_error": 1.854819326400757
    }
  },
  "per_emotion_class_metrics": {
    "low": {
      "count": 30,
      "avg_waiting_time": 1.0747440361365257,
      "std_waiting_time": 0.6669740934360943,
      "avg_turnaround_time": 1.9754846913997908,
      "std_turnaround_time": 0.6501808155049917,
      "avg_execution_time": 0.7199999999999995,
      "p50_waiting_time": 1.0559660141447615,
      "p95_waiting_time": 2.160938090166206,
      "p99_waiting_time": 2.4635571476407363
    },
    "medium": {
      "count": 30,
      "avg_waiting_time": 2.2702571107358285,
      "std_waiting_time": 1.5975036668846634,
      "avg_turnaround_time": 3.8937207732012427,
      "std_turnaround_time": 1.656735277681267,
      "avg_execution_time": 2.0,
      "p50_waiting_time": 2.185170883138497,
      "p95_waiting_time": 4.696046542260924,
      "p99_waiting_time": 5.649589728074098
    },
    "high": {
      "count": 30,
      "avg_waiting_time": 10.51529488381935,
      "std_waiting_time": 8.25606660554898,
      "avg_turnaround_time": 12.679621694656142,
      "std_turnaround_time": 8.235717733674093,
      "avg_execution_time": 3.2800000000000002,
      "p50_waiting_time": 8.708709611213415,
      "p95_waiting_time": 26.114610349251087,
      "p99_waiting_time": 30.782547691372216
    },
    "overall": {
      "count": 90,
      "avg_waiting_time": 10.515294883819355,
      "avg_turnaround_time": 12.679621694656145
    }
  },
  "fairness_analysis": {
    "waiting_time_fairness": {
      "jain_index": 0.5478749472871589,
      "per_class_values": {
        "low": 1.0747440361365257,
        "medium": 2.2702571107358285,
        "high": 10.51529488381935
      },
      "coefficient_of_variation": 0.9084239284055591,
      "max_min_ratio": 9.783999287513685,
      "mean": 4.620098676897235,
      "std": 4.197008189688312
    },
    "turnaround_time_fairness": {
      "jain_index": 0.6377258711226289,
      "per_class_values": {
        "low": 1.9754846913997908,
        "medium": 3.8937207732012427,
        "high": 12.679621694656142
      },
      "coefficient_of_variation": 0.7537054272931467,
      "max_min_ratio": 6.418486435180423,
      "mean": 6.182942386419058,
      "std": 4.660117233284884
    },
    "per_class_metrics": {
      "low": {
        "count": 30,
        "avg_waiting_time": 1.0747440361365257,
        "std_waiting_time": 0.6669740934360943,
        "avg_turnaround_time": 1.9754846913997908,
        "std_turnaround_time": 0.6501808155049917,
        "avg_execution_time": 0.7199999999999995,
        "p50_waiting_time": 1.0559660141447615,
        "p95_waiting_time": 2.160938090166206,
        "p99_waiting_time": 2.4635571476407363
      },
      "medium": {
        "count": 30,
        "avg_waiting_time": 2.2702571107358285,
        "std_waiting_time": 1.5975036668846634,
        "avg_turnaround_time": 3.8937207732012427,
        "std_turnaround_time": 1.656735277681267,
        "avg_execution_time": 2.0,
        "p50_waiting_time": 2.185170883138497,
        "p95_waiting_time": 4.696046542260924,
        "p99_waiting_time": 5.649589728074098
      },
      "high": {
        "count": 30,
        "avg_waiting_time": 10.51529488381935,
        "std_waiting_time": 8.25606660554898,
        "avg_turnaround_time": 12.679621694656142,
        "std_turnaround_time": 8.235717733674093,
        "avg_execution_time": 3.2800000000000002,
        "p50_waiting_time": 8.708709611213415,
        "p95_waiting_time": 26.114610349251087,
        "p99_waiting_time": 30.782547691372216
      },
      "overall": {
        "count": 90,
        "avg_waiting_time": 10.515294883819355,
        "avg_turnaround_time": 12.679621694656145
      }
    }
  }
}