{
  "experiment_name": "FCFS_180jobs_load0.90_fixed",
  "metadata": {
    "scheduler": "FCFS",
    "num_jobs": 180,
    "mode": "fixed_jobs",
    "simulation_duration": null,
    "system_load": 0.9,
    "base_service_time": null,
    "alpha": null,
    "rho": null,
    "emotion_correlation": null,
    "enable_emotion": null,
    "arousal_noise": null,
    "random_seed": 8901,
    "starvation_threshold": null,
    "starvation_coefficient": null,
    "beta": null,
    "output_dir": "results/multi_seed_runs/seed_8901",
    "verbose": true,
    "model_name": null,
    "dataset_path": null,
    "use_cache": null,
    "force_regenerate": null,
    "device_map": null,
    "dtype": null,
    "load_in_8bit": null,
    "experiment_mode": "fixed_jobs",
    "arrival_rate": 0.8181818181818181,
    "run_metrics": {
      "total_jobs": 180,
      "total_time": 216.582805586208,
      "throughput": 0.8310909054521104,
      "avg_waiting_time": 4.8730539774400885,
      "avg_jct": 5.988934764812678,
      "p50_waiting_time": 4.991002001172546,
      "p95_waiting_time": 10.538814576394266,
      "p99_waiting_time": 12.012655499138775,
      "p50_jct": 6.073468683718666,
      "p95_jct": 11.664871822874527,
      "p99_jct": 12.668008121565279,
      "estimated_arrival_rate": 0.8726861548281858,
      "avg_actual_execution_time": 1.1158807873725891,
      "effective_load": 0.9738137135788332,
      "throughput_p25": 0.8100475078688588,
      "throughput_p50": 0.7520037494941518,
      "throughput_p75": 0.8127524591973061
    }
  },
  "num_jobs": 180,
  "total_run_time": 216.582805586208,
  "overall_metrics": {
    "avg_waiting_time": 4.8730539774400885,
    "std_waiting_time": 3.2283705098047,
    "p50_waiting_time": 4.991002001172546,
    "p95_waiting_time": 10.538814576394266,
    "p99_waiting_time": 12.012655499138775,
    "avg_turnaround_time": 5.988934764812678,
    "std_turnaround_time": 3.252046026372742,
    "p99_turnaround_time": 12.668008121565279,
    "avg_service_time": 1.1,
    "throughput": 0.8310909054521104
  },
  "run_metrics": {
    "total_jobs": 180,
    "total_time": 216.582805586208,
    "throughput": 0.8310909054521104,
    "avg_waiting_time": 4.8730539774400885,
    "avg_jct": 5.988934764812678,
    "p50_waiting_time": 4.991002001172546,
    "p95_waiting_time": 10.538814576394266,
    "p99_waiting_time": 12.012655499138775,
    "p50_jct": 6.073468683718666,
    "p95_jct": 11.664871822874527,
    "p99_jct": 12.668008121565279,
    "estimated_arrival_rate": 0.8726861548281858,
    "avg_actual_execution_time": 1.1158807873725891,
    "effective_load": 0.9738137135788332,
    "throughput_p25": 0.8100475078688588,
    "throughput_p50": 0.7520037494941518,
    "throughput_p75": 0.8127524591973061
  },
  "llm_metrics": {
    "num_llm_jobs": 180,
    "avg_actual_execution_time": 1.1158807873725891,
    "std_actual_execution_time": 0.4396159606195968,
    "avg_output_token_length": 54.88333333333333,
    "std_output_token_length": 21.781560754199617,
    "cache_hit_count": 2,
    "cache_hit_rate": 0.011111111111111112,
    "fallback_used_count": 0,
    "error_count": 0,
    "prediction_accuracy": {
      "avg_absolute_error": 0.23180570787853674,
      "std_absolute_error": 0.20904437314933613,
      "avg_relative_error": 0.22053586088109636,
      "median_relative_error": 0.18307963465178737,
      "max_absolute_error": 1.1154142894744874
    }
  },
  "per_emotion_class_metrics": {
    "low": {
      "count": 60,
      "avg_waiting_time": 4.8301039997055115,
      "std_waiting_time": 3.249951088526801,
      "avg_turnaround_time": 5.46549147599081,
      "std_turnaround_time": 3.275364276283386,
      "avg_predicted_service_time": 0.39599999999999996,
      "avg_measured_execution_time": 0.6353874762852987,
      "p50_waiting_time": 4.812994209010526,
      "p95_waiting_time": 10.77392726367006,
      "p99_waiting_time": 12.11101180935929
    },
    "medium": {
      "count": 60,
      "avg_waiting_time": 4.945117751362251,
      "std_waiting_time": 3.132048148071085,
      "avg_turnaround_time": 6.113267214697925,
      "std_turnaround_time": 3.1256312381859575,
      "avg_predicted_service_time": 1.0999999999999999,
      "avg_measured_execution_time": 1.168149463335673,
      "p50_waiting_time": 5.321964750152695,
      "p95_waiting_time": 9.596777568616345,
      "p99_waiting_time": 10.866607221082024
    },
    "high": {
      "count": 60,
      "avg_waiting_time": 4.8439401812525,
      "std_waiting_time": 3.2995962275481796,
      "avg_turnaround_time": 6.388045603749295,
      "std_turnaround_time": 3.2834566232857627,
      "avg_predicted_service_time": 1.8040000000000005,
      "avg_measured_execution_time": 1.5441054224967956,
      "p50_waiting_time": 4.868332661344716,
      "p95_waiting_time": 10.481585664343843,
      "p99_waiting_time": 11.322218593391165
    },
    "overall": {
      "count": 180,
      "avg_waiting_time": 4.8439401812525,
      "avg_turnaround_time": 6.388045603749295
    }
  },
  "fairness_analysis": {
    "waiting_time_fairness": {
      "jain_index": 0.9998893229599207,
      "per_class_values": {
        "low": 4.8301039997055115,
        "medium": 4.945117751362251,
        "high": 4.8439401812525
      },
      "coefficient_of_variation": 0.010520897815419419,
      "max_min_ratio": 1.0238118582257758,
      "mean": 4.873053977440088,
      "std": 0.051268902945670325
    },
    "turnaround_time_fairness": {
      "jain_index": 0.995846943626215,
      "per_class_values": {
        "low": 5.46549147599081,
        "medium": 6.113267214697925,
        "high": 6.388045603749295
      },
      "coefficient_of_variation": 0.06457844982008731,
      "max_min_ratio": 1.168796188194812,
      "mean": 5.988934764812677,
      "std": 0.3867561231852319
    },
    "per_class_metrics": {
      "low": {
        "count": 60,
        "avg_waiting_time": 4.8301039997055115,
        "std_waiting_time": 3.249951088526801,
        "avg_turnaround_time": 5.46549147599081,
        "std_turnaround_time": 3.275364276283386,
        "avg_predicted_service_time": 0.39599999999999996,
        "avg_measured_execution_time": 0.6353874762852987,
        "p50_waiting_time": 4.812994209010526,
        "p95_waiting_time": 10.77392726367006,
        "p99_waiting_time": 12.11101180935929
      },
      "medium": {
        "count": 60,
        "avg_waiting_time": 4.945117751362251,
        "std_waiting_time": 3.132048148071085,
        "avg_turnaround_time": 6.113267214697925,
        "std_turnaround_time": 3.1256312381859575,
        "avg_predicted_service_time": 1.0999999999999999,
        "avg_measured_execution_time": 1.168149463335673,
        "p50_waiting_time": 5.321964750152695,
        "p95_waiting_time": 9.596777568616345,
        "p99_waiting_time": 10.866607221082024
      },
      "high": {
        "count": 60,
        "avg_waiting_time": 4.8439401812525,
        "std_waiting_time": 3.2995962275481796,
        "avg_turnaround_time": 6.388045603749295,
        "std_turnaround_time": 3.2834566232857627,
        "avg_predicted_service_time": 1.8040000000000005,
        "avg_measured_execution_time": 1.5441054224967956,
        "p50_waiting_time": 4.868332661344716,
        "p95_waiting_time": 10.481585664343843,
        "p99_waiting_time": 11.322218593391165
      },
      "overall": {
        "count": 180,
        "avg_waiting_time": 4.8439401812525,
        "avg_turnaround_time": 6.388045603749295
      }
    },
    "arousal_valence_distribution": {
      "high_positive": 20,
      "high_neutral": 20,
      "high_negative": 20,
      "medium_positive": 20,
      "medium_neutral": 20,
      "medium_negative": 20,
      "low_positive": 20,
      "low_neutral": 20,
      "low_negative": 20,
      "total": 180
    }
  }
}