{
  "experiment_name": "FCFS_80s_load1.20_window",
  "metadata": {
    "scheduler": "FCFS",
    "num_jobs": 44,
    "mode": "time_window",
    "simulation_duration": 80.0,
    "system_load": 1.2,
    "base_service_time": null,
    "alpha": null,
    "rho": null,
    "enable_emotion": null,
    "arousal_noise": null,
    "random_seed": 42,
    "starvation_threshold": null,
    "starvation_coefficient": null,
    "output_dir": "results/llm_runs_time80_job50_load1.2",
    "verbose": true,
    "model_name": null,
    "dataset_path": null,
    "use_cache": null,
    "force_regenerate": null,
    "device_map": null,
    "dtype": null,
    "load_in_8bit": null,
    "experiment_mode": "time_window",
    "arrival_rate": 0.6,
    "run_metrics": {
      "total_jobs": 44,
      "total_time": 80.0,
      "throughput": 0.55,
      "avg_waiting_time": 9.59495774696531,
      "avg_jct": 11.3120296323777,
      "p50_waiting_time": 11.066959582841488,
      "p95_waiting_time": 16.959267597104674,
      "p99_waiting_time": 18.190929804728317,
      "p50_jct": 13.041984163796993,
      "p95_jct": 18.531716792149638,
      "p99_jct": 20.120910521433636,
      "throughput_p25": 0.42394139001938563,
      "throughput_p50": 0.4898166802603992,
      "throughput_p75": 0.522611452185785
    }
  },
  "num_jobs": 44,
  "total_run_time": 80.16133098382387,
  "overall_metrics": {
    "avg_waiting_time": 9.59495774696531,
    "std_waiting_time": 5.733431406807731,
    "p50_waiting_time": 11.066959582841488,
    "p95_waiting_time": 16.959267597104674,
    "p99_waiting_time": 18.190929804728317,
    "avg_turnaround_time": 11.3120296323777,
    "std_turnaround_time": 5.623426566879049,
    "p99_turnaround_time": 20.120910521433636,
    "avg_service_time": 2.1163636363636367,
    "throughput": 0.5488930817388619
  },
  "run_metrics": {
    "total_jobs": 44,
    "total_time": 80.0,
    "throughput": 0.55,
    "avg_waiting_time": 9.59495774696531,
    "avg_jct": 11.3120296323777,
    "p50_waiting_time": 11.066959582841488,
    "p95_waiting_time": 16.959267597104674,
    "p99_waiting_time": 18.190929804728317,
    "p50_jct": 13.041984163796993,
    "p95_jct": 18.531716792149638,
    "p99_jct": 20.120910521433636,
    "throughput_p25": 0.42394139001938563,
    "throughput_p50": 0.4898166802603992,
    "throughput_p75": 0.522611452185785
  },
  "llm_metrics": {
    "num_llm_jobs": 44,
    "avg_actual_execution_time": 1.7170718854123896,
    "std_actual_execution_time": 0.7239483318122799,
    "avg_output_token_length": 82.56818181818181,
    "std_output_token_length": 34.61699380839674,
    "cache_hit_count": 0,
    "cache_hit_rate": 0.0,
    "fallback_used_count": 0,
    "error_count": 0,
    "prediction_accuracy": {
      "avg_absolute_error": 0.5574646397070453,
      "std_absolute_error": 0.4662431454151432,
      "avg_relative_error": 0.3134445457865204,
      "median_relative_error": 0.25766142153575955,
      "max_absolute_error": 1.5626948165893557
    }
  },
  "per_emotion_class_metrics": {
    "high": {
      "count": 16,
      "avg_waiting_time": 9.043659305919617,
      "std_waiting_time": 5.197699005712056,
      "avg_turnaround_time": 11.398210263599365,
      "std_turnaround_time": 4.898104567361526,
      "avg_execution_time": 3.2800000000000002,
      "p50_waiting_time": 11.066959582841488,
      "p95_waiting_time": 15.285158520126133,
      "p99_waiting_time": 16.73755219072659
    },
    "low": {
      "count": 12,
      "avg_waiting_time": 10.576274075341358,
      "std_waiting_time": 5.835685718906574,
      "avg_turnaround_time": 11.446821171275909,
      "std_turnaround_time": 5.8736836955807785,
      "avg_execution_time": 0.7199999999999998,
      "p50_waiting_time": 13.282798941603449,
      "p95_waiting_time": 16.439642899696423,
      "p99_waiting_time": 16.585521434087696
    },
    "medium": {
      "count": 16,
      "avg_waiting_time": 9.41026894172897,
      "std_waiting_time": 6.064723911775846,
      "avg_turnaround_time": 11.124755346982381,
      "std_turnaround_time": 6.086080320943811,
      "avg_execution_time": 2.0,
      "p50_waiting_time": 7.658625707711037,
      "p95_waiting_time": 17.517445520559875,
      "p99_waiting_time": 18.714226006745424
    },
    "overall": {
      "count": 44,
      "avg_waiting_time": 9.41026894172897,
      "avg_turnaround_time": 11.124755346982383
    }
  },
  "fairness_analysis": {
    "waiting_time_fairness": {
      "jain_index": 0.9954607855673833,
      "per_class_values": {
        "high": 9.043659305919617,
        "low": 10.576274075341358,
        "medium": 9.41026894172897
      },
      "coefficient_of_variation": 0.0675271268073727,
      "max_min_ratio": 1.1694684328077853,
      "mean": 9.676734107663314,
      "std": 0.6534420511694092
    },
    "turnaround_time_fairness": {
      "jain_index": 0.9998432867761464,
      "per_class_values": {
        "high": 11.398210263599365,
        "low": 11.446821171275909,
        "medium": 11.124755346982381
      },
      "coefficient_of_variation": 0.01251949626533282,
      "max_min_ratio": 1.028950373670994,
      "mean": 11.323262260619218,
      "std": 0.14176153958320636
    },
    "per_class_metrics": {
      "high": {
        "count": 16,
        "avg_waiting_time": 9.043659305919617,
        "std_waiting_time": 5.197699005712056,
        "avg_turnaround_time": 11.398210263599365,
        "std_turnaround_time": 4.898104567361526,
        "avg_execution_time": 3.2800000000000002,
        "p50_waiting_time": 11.066959582841488,
        "p95_waiting_time": 15.285158520126133,
        "p99_waiting_time": 16.73755219072659
      },
      "low": {
        "count": 12,
        "avg_waiting_time": 10.576274075341358,
        "std_waiting_time": 5.835685718906574,
        "avg_turnaround_time": 11.446821171275909,
        "std_turnaround_time": 5.8736836955807785,
        "avg_execution_time": 0.7199999999999998,
        "p50_waiting_time": 13.282798941603449,
        "p95_waiting_time": 16.439642899696423,
        "p99_waiting_time": 16.585521434087696
      },
      "medium": {
        "count": 16,
        "avg_waiting_time": 9.41026894172897,
        "std_waiting_time": 6.064723911775846,
        "avg_turnaround_time": 11.124755346982381,
        "std_turnaround_time": 6.086080320943811,
        "avg_execution_time": 2.0,
        "p50_waiting_time": 7.658625707711037,
        "p95_waiting_time": 17.517445520559875,
        "p99_waiting_time": 18.714226006745424
      },
      "overall": {
        "count": 44,
        "avg_waiting_time": 9.41026894172897,
        "avg_turnaround_time": 11.124755346982383
      }
    }
  }
}