{
  "experiment_name": "SSJF-Emotion_80s_load1.20_window",
  "metadata": {
    "scheduler": "SSJF-Emotion",
    "num_jobs": 49,
    "mode": "time_window",
    "simulation_duration": 80.0,
    "system_load": 1.2,
    "base_service_time": null,
    "alpha": null,
    "rho": null,
    "enable_emotion": null,
    "arousal_noise": null,
    "random_seed": 42,
    "starvation_threshold": null,
    "starvation_coefficient": null,
    "output_dir": "results/llm_runs_time80_job50_load1.2",
    "verbose": true,
    "model_name": null,
    "dataset_path": null,
    "use_cache": null,
    "force_regenerate": null,
    "device_map": null,
    "dtype": null,
    "load_in_8bit": null,
    "experiment_mode": "time_window",
    "arrival_rate": 0.6,
    "run_metrics": {
      "total_jobs": 49,
      "total_time": 80.0,
      "throughput": 0.6125,
      "avg_waiting_time": 5.881985024481878,
      "avg_jct": 7.463279945461592,
      "p50_waiting_time": 1.9223158081986682,
      "p95_waiting_time": 30.66098651749411,
      "p99_waiting_time": 33.4353011054521,
      "p50_jct": 3.4960022277053184,
      "p95_jct": 32.86499056679526,
      "p99_jct": 35.79848387904218,
      "throughput_p25": 0.46735832643605685,
      "throughput_p50": 0.5513298463077367,
      "throughput_p75": 0.5665197730684386
    }
  },
  "num_jobs": 49,
  "total_run_time": 82.09361915368471,
  "overall_metrics": {
    "avg_waiting_time": 5.881985024481878,
    "std_waiting_time": 9.35031263092203,
    "p50_waiting_time": 1.9223158081986682,
    "p95_waiting_time": 30.66098651749411,
    "p99_waiting_time": 33.4353011054521,
    "avg_turnaround_time": 7.463279945461592,
    "std_turnaround_time": 9.718586358842385,
    "p99_turnaround_time": 35.79848387904218,
    "avg_service_time": 1.8955102040816325,
    "throughput": 0.5968795200546433
  },
  "run_metrics": {
    "total_jobs": 49,
    "total_time": 80.0,
    "throughput": 0.6125,
    "avg_waiting_time": 5.881985024481878,
    "avg_jct": 7.463279945461592,
    "p50_waiting_time": 1.9223158081986682,
    "p95_waiting_time": 30.66098651749411,
    "p99_waiting_time": 33.4353011054521,
    "p50_jct": 3.4960022277053184,
    "p95_jct": 32.86499056679526,
    "p99_jct": 35.79848387904218,
    "throughput_p25": 0.46735832643605685,
    "throughput_p50": 0.5513298463077367,
    "throughput_p75": 0.5665197730684386
  },
  "llm_metrics": {
    "num_llm_jobs": 49,
    "avg_actual_execution_time": 1.5812949209797138,
    "std_actual_execution_time": 0.648377749080811,
    "avg_output_token_length": 75.75510204081633,
    "std_output_token_length": 30.98882656585052,
    "cache_hit_count": 12,
    "cache_hit_rate": 0.24489795918367346,
    "fallback_used_count": 0,
    "error_count": 0,
    "prediction_accuracy": {
      "avg_absolute_error": 0.45037533137263097,
      "std_absolute_error": 0.40818889804599107,
      "avg_relative_error": 0.27158409803171896,
      "median_relative_error": 0.2405487681390114,
      "max_absolute_error": 1.4367766666412356
    }
  },
  "per_emotion_class_metrics": {
    "high": {
      "count": 14,
      "avg_waiting_time": 15.756896132175978,
      "std_waiting_time": 12.69600791450386,
      "avg_turnaround_time": 18.085389335611605,
      "std_turnaround_time": 12.724594470184092,
      "avg_execution_time": 3.2800000000000007,
      "p50_waiting_time": 17.00478988594279,
      "p95_waiting_time": 33.40342030261334,
      "p99_waiting_time": 33.50093805247305
    },
    "low": {
      "count": 18,
      "avg_waiting_time": 1.024406790177436,
      "std_waiting_time": 0.8911482883383136,
      "avg_turnaround_time": 1.9015350733602159,
      "std_turnaround_time": 0.8565945682674747,
      "avg_execution_time": 0.7199999999999996,
      "p50_waiting_time": 1.042938961645838,
      "p95_waiting_time": 2.713143097092943,
      "p99_waiting_time": 3.0733613574130234
    },
    "medium": {
      "count": 17,
      "avg_waiting_time": 2.8930234191737942,
      "std_waiting_time": 2.0472965838955397,
      "avg_turnaround_time": 4.604566782857158,
      "std_turnaround_time": 2.0685625338309395,
      "avg_execution_time": 2.0,
      "p50_waiting_time": 2.371187912698595,
      "p95_waiting_time": 5.968540133679124,
      "p99_waiting_time": 6.495049135319285
    },
    "overall": {
      "count": 49,
      "avg_waiting_time": 2.893023419173794,
      "avg_turnaround_time": 4.604566782857159
    }
  },
  "fairness_analysis": {
    "waiting_time_fairness": {
      "jain_index": 0.5006868002645133,
      "per_class_values": {
        "high": 15.756896132175978,
        "low": 1.024406790177436,
        "medium": 2.8930234191737942
      },
      "coefficient_of_variation": 0.9986273415656733,
      "max_min_ratio": 15.381483491969774,
      "mean": 6.55810878050907,
      "std": 6.549106737178272
    },
    "turnaround_time_fairness": {
      "jain_index": 0.5728358919314928,
      "per_class_values": {
        "high": 18.085389335611605,
        "low": 1.9015350733602159,
        "medium": 4.604566782857158
      },
      "coefficient_of_variation": 0.8635396165770205,
      "max_min_ratio": 9.510941759098236,
      "mean": 8.19716373060966,
      "std": 7.078575624949725
    },
    "per_class_metrics": {
      "high": {
        "count": 14,
        "avg_waiting_time": 15.756896132175978,
        "std_waiting_time": 12.69600791450386,
        "avg_turnaround_time": 18.085389335611605,
        "std_turnaround_time": 12.724594470184092,
        "avg_execution_time": 3.2800000000000007,
        "p50_waiting_time": 17.00478988594279,
        "p95_waiting_time": 33.40342030261334,
        "p99_waiting_time": 33.50093805247305
      },
      "low": {
        "count": 18,
        "avg_waiting_time": 1.024406790177436,
        "std_waiting_time": 0.8911482883383136,
        "avg_turnaround_time": 1.9015350733602159,
        "std_turnaround_time": 0.8565945682674747,
        "avg_execution_time": 0.7199999999999996,
        "p50_waiting_time": 1.042938961645838,
        "p95_waiting_time": 2.713143097092943,
        "p99_waiting_time": 3.0733613574130234
      },
      "medium": {
        "count": 17,
        "avg_waiting_time": 2.8930234191737942,
        "std_waiting_time": 2.0472965838955397,
        "avg_turnaround_time": 4.604566782857158,
        "std_turnaround_time": 2.0685625338309395,
        "avg_execution_time": 2.0,
        "p50_waiting_time": 2.371187912698595,
        "p95_waiting_time": 5.968540133679124,
        "p99_waiting_time": 6.495049135319285
      },
      "overall": {
        "count": 49,
        "avg_waiting_time": 2.893023419173794,
        "avg_turnaround_time": 4.604566782857159
      }
    }
  }
}