{
  "experiment_name": "AW-SSJF_300s_load0.90_window",
  "metadata": {
    "scheduler": "AW-SSJF",
    "num_jobs": 119,
    "mode": "time_window",
    "simulation_duration": 300.0,
    "system_load": 0.9,
    "base_service_time": null,
    "w_max": 2.0,
    "p": 1.0,
    "q": 1.0,
    "use_confidence": true,
    "weight_exponent": 2.0,
    "gamma_panic": null,
    "gamma_dep": null,
    "weight_mode": null,
    "adaptive_k": null,
    "adaptive_k_min": null,
    "adaptive_k_max": null,
    "adaptive_k_high_threshold": null,
    "adaptive_k_low_threshold": null,
    "enable_emotion": null,
    "arousal_noise": null,
    "random_seed": 42,
    "starvation_threshold": null,
    "starvation_coefficient": null,
    "output_dir": "results/experiments/exp4_online/static_k2",
    "verbose": null,
    "model_name": null,
    "dataset_path": null,
    "use_cache": null,
    "force_regenerate": null,
    "device_map": null,
    "dtype": null,
    "load_in_8bit": null,
    "use_oracle_service_time": null,
    "disable_predictor": null,
    "force_new_job_config": null,
    "use_saved_job_config": true,
    "experiment_mode": "time_window",
    "arrival_rate": 0.45,
    "run_metrics": {
      "total_jobs": 119,
      "total_time": 300.0,
      "throughput": 0.39666666666666667,
      "avg_waiting_time": 11.521720195705987,
      "avg_jct": 13.988127322445232,
      "p50_waiting_time": 7.285172042893908,
      "p95_waiting_time": 38.978028600814454,
      "p99_waiting_time": 70.35285363555009,
      "p50_jct": 9.974057623397243,
      "p95_jct": 41.34112744592352,
      "p99_jct": 74.99484419226698,
      "estimated_arrival_rate": 0.4054218481863833,
      "avg_actual_execution_time": 2.4664071267392456,
      "effective_load": 0.9999353357026923,
      "throughput_p25": 0.4118068445843342,
      "throughput_p50": 0.445472319558922,
      "throughput_p75": 0.40581349271778455,
      "aw_jct": 13.50568496587796
    }
  },
  "num_jobs": 119,
  "total_run_time": 300.28103668821876,
  "overall_metrics": {
    "avg_waiting_time": 11.521720195705987,
    "std_waiting_time": 13.196536303073435,
    "p50_waiting_time": 7.285172042893908,
    "p95_waiting_time": 38.978028600814454,
    "p99_waiting_time": 70.35285363555009,
    "avg_turnaround_time": 13.988127322445232,
    "std_turnaround_time": 13.453064107320825,
    "p99_turnaround_time": 74.99484419226698,
    "avg_service_time": 1.905072941499598,
    "throughput": 0.39629542149062674,
    "aw_jct": 13.50568496587796,
    "total_affect_weight": 155.99710614624928,
    "avg_affect_weight": 1.3109000516491531
  },
  "run_metrics": {
    "total_jobs": 119,
    "total_time": 300.0,
    "throughput": 0.39666666666666667,
    "avg_waiting_time": 11.521720195705987,
    "avg_jct": 13.988127322445232,
    "p50_waiting_time": 7.285172042893908,
    "p95_waiting_time": 38.978028600814454,
    "p99_waiting_time": 70.35285363555009,
    "p50_jct": 9.974057623397243,
    "p95_jct": 41.34112744592352,
    "p99_jct": 74.99484419226698,
    "estimated_arrival_rate": 0.4054218481863833,
    "avg_actual_execution_time": 2.4664071267392456,
    "effective_load": 0.9999353357026923,
    "throughput_p25": 0.4118068445843342,
    "throughput_p50": 0.445472319558922,
    "throughput_p75": 0.40581349271778455,
    "aw_jct": 13.50568496587796
  },
  "llm_metrics": {
    "num_llm_jobs": 119,
    "avg_actual_execution_time": 2.4664071267392456,
    "std_actual_execution_time": 1.3967305850091334,
    "avg_output_token_length": 120.10924369747899,
    "std_output_token_length": 68.09592713742371,
    "cache_hit_count": 1,
    "cache_hit_rate": 0.008403361344537815,
    "fallback_used_count": 0,
    "error_count": 0,
    "prediction_accuracy": {
      "avg_absolute_error": 1.066509420250644,
      "std_absolute_error": 1.1862514949416112,
      "avg_relative_error": 0.3786398873854985,
      "median_relative_error": 0.27221811615197034,
      "max_absolute_error": 4.277076797485352
    }
  },
  "per_emotion_class_metrics": {
    "panic": {
      "count": 31,
      "avg_waiting_time": 10.194158089523443,
      "std_waiting_time": 12.543680817521782,
      "avg_turnaround_time": 12.781922806440912,
      "std_turnaround_time": 13.097751197198711,
      "avg_predicted_service_time": 2.01692863218246,
      "avg_measured_execution_time": 2.5877647169174685,
      "avg_affect_weight": 1.3606048448927512,
      "p50_waiting_time": 6.329692507638384,
      "p95_waiting_time": 23.266848078536928,
      "p99_waiting_time": 57.18797413474497
    },
    "calm": {
      "count": 28,
      "avg_waiting_time": 15.450859030525512,
      "std_waiting_time": 18.37306263309084,
      "avg_turnaround_time": 17.928698466375383,
      "std_turnaround_time": 18.640771450084298,
      "avg_predicted_service_time": 1.6950886290413993,
      "avg_measured_execution_time": 2.4778394358498708,
      "avg_affect_weight": 1.0857189941245653,
      "p50_waiting_time": 6.610152732106755,
      "p95_waiting_time": 57.61741788866031,
      "p99_waiting_time": 71.17931481894942
    },
    "excited": {
      "count": 27,
      "avg_waiting_time": 12.766546327765646,
      "std_waiting_time": 12.89521506756274,
      "avg_turnaround_time": 15.094573390711544,
      "std_turnaround_time": 12.813701435872593,
      "avg_predicted_service_time": 1.610460388748734,
      "avg_measured_execution_time": 2.3280270629458957,
      "avg_affect_weight": 1.0209307665146428,
      "p50_waiting_time": 7.777612396727932,
      "p95_waiting_time": 35.01751809903948,
      "p99_waiting_time": 59.42303571276757
    },
    "depression": {
      "count": 33,
      "avg_waiting_time": 8.416515115436335,
      "std_waiting_time": 5.660600180703467,
      "avg_turnaround_time": 10.872439568593702,
      "std_turnaround_time": 6.088445026662942,
      "avg_predicted_service_time": 2.219211525194573,
      "avg_measured_execution_time": 2.455924453157367,
      "avg_affect_weight": 1.6925179825209329,
      "p50_waiting_time": 7.737943675563983,
      "p95_waiting_time": 19.948773296401967,
      "p99_waiting_time": 23.577201765989564
    },
    "overall": {
      "count": 119,
      "avg_waiting_time": 11.521720195705987,
      "avg_turnaround_time": 13.988127322445232
    }
  },
  "per_quadrant_metrics": {
    "excited": {
      "count": 27,
      "avg_waiting_time": 12.766546327765646,
      "p50_waiting_time": 7.777612396727932,
      "p99_waiting_time": 59.42303571276757,
      "avg_jct": 15.094573390711544,
      "p99_jct": 60.650955610800715,
      "avg_affect_weight": 1.0209307665146428
    },
    "calm": {
      "count": 28,
      "avg_waiting_time": 15.450859030525512,
      "p50_waiting_time": 6.610152732106755,
      "p99_waiting_time": 71.17931481894942,
      "avg_jct": 17.928698466375383,
      "p99_jct": 75.5123481040904,
      "avg_affect_weight": 1.0857189941245653
    },
    "panic": {
      "count": 31,
      "avg_waiting_time": 10.194158089523443,
      "p50_waiting_time": 6.329692507638384,
      "p99_waiting_time": 57.18797413474497,
      "avg_jct": 12.781922806440912,
      "p99_jct": 62.445383588137,
      "avg_affect_weight": 1.3606048448927512
    },
    "depression": {
      "count": 33,
      "avg_waiting_time": 8.416515115436335,
      "p50_waiting_time": 7.737943675563983,
      "p99_waiting_time": 23.577201765989564,
      "avg_jct": 10.872439568593702,
      "p99_jct": 25.785920533155704,
      "avg_affect_weight": 1.6925179825209329
    }
  },
  "fairness_analysis": {
    "waiting_time_fairness": {
      "jain_index": 0.9509861991142413,
      "per_quadrant_values": {
        "panic": 10.194158089523443,
        "calm": 15.450859030525512,
        "excited": 12.766546327765646,
        "depression": 8.416515115436335
      },
      "coefficient_of_variation": 0.2270241633609616,
      "max_min_ratio": 1.8357786825794227,
      "depression_vs_others": 0.657342296952132,
      "mean": 11.707019640812733,
      "std": 2.657776339405856
    },