{
  "experiment_name": "FCFS_50jobs_load1.00_fixedjobs",
  "metadata": {
    "scheduler": "FCFS",
    "num_jobs": 50,
    "system_load": 1.0,
    "base_service_time": null,
    "alpha": 4.0,
    "rho": null,
    "enable_emotion": null,
    "arousal_noise": null,
    "random_seed": 42,
    "starvation_threshold": null,
    "starvation_coefficient": null,
    "output_dir": "results/load1_alpha4",
    "verbose": true,
    "model_name": null,
    "dataset_path": null,
    "use_cache": null,
    "force_regenerate": null,
    "device_map": null,
    "dtype": null,
    "load_in_8bit": null,
    "experiment_mode": "fixed_jobs",
    "arrival_rate": 0.5,
    "run_metrics": {
      "total_jobs": 50,
      "total_time": 115.8587059426524,
      "throughput": 0.4315601455513316,
      "avg_waiting_time": 13.210860264919004,
      "avg_jct": 15.43461393179675,
      "p50_waiting_time": 15.101299508911008,
      "p95_waiting_time": 26.138329340246855,
      "p99_waiting_time": 26.81170858574288,
      "p50_jct": 17.11491423235711,
      "p95_jct": 27.624867708121453,
      "p99_jct": 29.605857440952228,
      "throughput_p25": 0.38369496157755256,
      "throughput_p50": 0.42207437897248484,
      "throughput_p75": 0.4371736493403683
    }
  },
  "num_jobs": 50,
  "total_run_time": 115.8587059426524,
  "overall_metrics": {
    "avg_waiting_time": 13.210860264919004,
    "std_waiting_time": 8.238058978366313,
    "p50_waiting_time": 15.101299508911008,
    "p95_waiting_time": 26.138329340246855,
    "p99_waiting_time": 26.81170858574288,
    "avg_turnaround_time": 15.43461393179675,
    "std_turnaround_time": 8.25603752856375,
    "p99_turnaround_time": 29.605857440952228,
    "avg_service_time": 4.540000000000001,
    "throughput": 0.4315601455513316
  },
  "run_metrics": {
    "total_jobs": 50,
    "total_time": 115.8587059426524,
    "throughput": 0.4315601455513316,
    "avg_waiting_time": 13.210860264919004,
    "avg_jct": 15.43461393179675,
    "p50_waiting_time": 15.101299508911008,
    "p95_waiting_time": 26.138329340246855,
    "p99_waiting_time": 26.81170858574288,
    "p50_jct": 17.11491423235711,
    "p95_jct": 27.624867708121453,
    "p99_jct": 29.605857440952228,
    "throughput_p25": 0.38369496157755256,
    "throughput_p50": 0.42207437897248484,
    "throughput_p75": 0.4371736493403683
  },
  "llm_metrics": {
    "num_llm_jobs": 50,
    "avg_actual_execution_time": 2.2237536668777467,
    "std_actual_execution_time": 1.5819328775034265,
    "avg_output_token_length": 118.36,
    "std_output_token_length": 84.53206728810079,
    "cache_hit_count": 0,
    "cache_hit_rate": 0.0,
    "fallback_used_count": 0,
    "error_count": 0,
    "prediction_accuracy": {
      "avg_absolute_error": 2.5446105852127077,
      "std_absolute_error": 2.3982538751336975,
      "avg_relative_error": 1.0538965857243692,
      "median_relative_error": 0.7924220069121466,
      "max_absolute_error": 7.007228755950928
    }
  },
  "per_emotion_class_metrics": {
    "medium": {
      "count": 12,
      "avg_waiting_time": 12.979290691507165,
      "std_waiting_time": 8.951339460696788,
      "avg_turnaround_time": 14.620516645404004,
      "std_turnaround_time": 8.851459189428912,
      "avg_execution_time": 2.0,
      "p50_waiting_time": 13.43280731043253,
      "p95_waiting_time": 26.130698180024016,
      "p99_waiting_time": 26.288788502973667
    },
    "high": {
      "count": 24,
      "avg_waiting_time": 12.094933970253605,
      "std_waiting_time": 8.344947417188209,
      "avg_turnaround_time": 15.622918221832256,
      "std_turnaround_time": 8.514696448227163,
      "avg_execution_time": 8.4,
      "p50_waiting_time": 14.605820529644618,
      "p95_waiting_time": 23.313392446540632,
      "p99_waiting_time": 26.371977874799082
    },
    "low": {
      "count": 14,
      "avg_waiting_time": 15.322364975841264,
      "std_waiting_time": 6.9049603901773855,
      "avg_turnaround_time": 15.809604251501097,
      "std_turnaround_time": 7.1571831377496915,
      "avg_execution_time": 0.10000000000000002,
      "p50_waiting_time": 16.657187239134707,
      "p95_waiting_time": 24.765317528993656,
      "p99_waiting_time": 25.974550978397623
    },
    "overall": {
      "count": 50,
      "avg_waiting_time": 15.322364975841268,
      "avg_turnaround_time": 15.809604251501101
    }
  },
  "fairness_analysis": {
    "waiting_time_fairness": {
      "jain_index": 0.9898770655984679,
      "per_class_values": {
        "medium": 12.979290691507165,
        "high": 12.094933970253605,
        "low": 15.322364975841264
      },
      "coefficient_of_variation": 0.10112594200431785,
      "max_min_ratio": 1.2668415564338948,
      "mean": 13.465529879200679,
      "std": 1.3617143936214569
    },
    "turnaround_time_fairness": {
      "jain_index": 0.9988444645940349,
      "per_class_values": {
        "medium": 14.620516645404004,
        "high": 15.622918221832256,
        "low": 15.809604251501097
      },
      "coefficient_of_variation": 0.03401282423979768,
      "max_min_ratio": 1.081330067530198,
      "mean": 15.35101303957912,
      "std": 0.522131308418047
    },
    "per_class_metrics": {
      "medium": {
        "count": 12,
        "avg_waiting_time": 12.979290691507165,
        "std_waiting_time": 8.951339460696788,
        "avg_turnaround_time": 14.620516645404004,
        "std_turnaround_time": 8.851459189428912,
        "avg_execution_time": 2.0,
        "p50_waiting_time": 13.43280731043253,
        "p95_waiting_time": 26.130698180024016,
        "p99_waiting_time": 26.288788502973667
      },
      "high": {
        "count": 24,
        "avg_waiting_time": 12.094933970253605,
        "std_waiting_time": 8.344947417188209,
        "avg_turnaround_time": 15.622918221832256,
        "std_turnaround_time": 8.514696448227163,
        "avg_execution_time": 8.4,
        "p50_waiting_time": 14.605820529644618,
        "p95_waiting_time": 23.313392446540632,
        "p99_waiting_time": 26.371977874799082
      },
      "low": {
        "count": 14,
        "avg_waiting_time": 15.322364975841264,
        "std_waiting_time": 6.9049603901773855,
        "avg_turnaround_time": 15.809604251501097,
        "std_turnaround_time": 7.1571831377496915,
        "avg_execution_time": 0.10000000000000002,
        "p50_waiting_time": 16.657187239134707,
        "p95_waiting_time": 24.765317528993656,
        "p99_waiting_time": 25.974550978397623
      },
      "overall": {
        "count": 50,
        "avg_waiting_time": 15.322364975841268,
        "avg_turnaround_time": 15.809604251501101
      }
    }
  }
}