{
  "config": {
    "k_min": 1.0,
    "k_max": 4.0,
    "high_threshold": 10,
    "low_threshold": 3,
    "hysteresis_window": 3,
    "adjustment_interval": 5.0
  },
  "trajectory": {
    "k_history": [
      [
        0.0,
        4.0
      ],
      [
        121.5667413009507,
        3.0
      ],
      [
        204.58499200476234,
        4.0
      ]
    ],
    "load_history": [
      [
        1.0428179777263535,
        1
      ],
      [
        7.731976713098623,
        1
      ],
      [
        13.013196195520498,
        2
      ],
      [
        14.47032519713793,
        4
      ],
      [
        19.733274425424675,
        4
      ],
      [
        20.95177909270678,
        4
      ],
      [
        23.38067790404711,
        5
      ],
      [
        24.30868026153002,
        4
      ],
      [
        26.385103906549553,
        3
      ],
      [
        28.178764785684685,
        2
      ],
      [
        30.236052717126945,
        1
      ],
      [
        32.228601421274284,
        1
      ],
      [
        34.62330467894519,
        1
      ],
      [
        38.039501740483885,
        4
      ],
      [
        39.20783741667712,
        4
      ],
      [
        40.583056761769896,
        5
      ],
      [
        41.95996887877429,
        4
      ],
      [
        43.13201077177966,
        5
      ],
      [
        48.38759691908801,
        7
      ],
      [
        50.21788556769336,
        8
      ],
      [
        51.473787858037596,
        7
      ],
      [
        54.37539584830249,
        9
      ],
      [
        56.69921095564807,
        11
      ],
      [
        58.385757042913085,
        10
      ],
      [
        59.57872541144336,
        9
      ],
      [
        60.854254557637816,
        8
      ],
      [
        61.88111384108508,
        7
      ],
      [
        64.00312526419604,
        7
      ],
      [
        69.2749968309685,
        6
      ],
      [
        70.89880831435168,
        6
      ],
      [
        72.91463430121387,
        5
      ],
      [
        76.03549010947192,
        7
      ],
      [
        77.0834184427544,
        6
      ],
      [
        78.91304142668689,
        6
      ],
      [
        80.41437776282275,
        7
      ],
      [
        81.99316413596118,
        8
      ],
      [
        83.57712991431201,
        7
      ],
      [
        85.01652939513171,
        6
      ],
      [
        86.68352158263171,
        6
      ],
      [
        87.58697707846606,
        6
      ],
      [
        88.94368965819324,
        5
      ],
      [
        90.70785720541919,
        6
      ],
      [
        92.73993737891162,
        6
      ],
      [
        94.73274762824023,
        7
      ],
      [
        97.81588633254016,
        6
      ],
      [
        99.54394347861255,
        5
      ],
      [
        101.46064765646899,
        4
      ],
      [
        103.7642205496117,
        4
      ],
      [
        105.78105623915637,
        4
      ],
      [
        107.38784892752612,
        3
      ],
      [
        108.97378642752612,
        2
      ],
      [
        110.29239566519702,
        1
      ],
      [
        113.04605395987475,
        1
      ],
      [
        116.31004960669105,
        1
      ],
      [
        121.5667413009507,
        1
      ],
      [
        124.85541756285255,
        4
      ],
      [
        126.74847800863807,
        4
      ],
      [
        128.35335643423622,
        5
      ],
      [
        131.4339857829911,
        5
      ],
      [
        134.62134702337806,
        6
      ],
      [
        136.77798493040626,
        7
      ],
      [
        138.09618623388832,
        6
      ],
      [
        143.36617024077003,
        7
      ],
      [
        148.63498695028846,
        7
      ],
      [
        151.3310416473252,
        6
      ],
      [
        153.6548567546708,
        8
      ],
      [
        155.4273837341172,
        7
      ],
      [
        156.60231526030128,
        7
      ],
      [
        157.6321821941239,
        6
      ],
      [
        160.06250007284706,
        6
      ],
      [
        161.85272367132728,
        6
      ],
      [
        167.12358100546425,
        9
      ],
      [
        172.39482886923378,
        9
      ],
      [
        174.12404616011207,
        11
      ],
      [
        175.64762647284095,
        11
      ],
      [
        176.9479451907975,
        11
      ],
      [
        178.61548693312233,
        10
      ],
      [
        180.44705493582313,
        10
      ],
      [
        181.97357232702797,
        10
      ],
      [
        184.55810411108558,
        9
      ],
      [
        189.82622606886451,
        11
      ],
      [
        194.06913168562477,
        12
      ],
      [
        199.33417041433876,
        13
      ],
      [
        204.58499200476234,
        18
      ],
      [
        206.7396326793534,
        19
      ],
      [
        208.44440300596779,
        19
      ],
      [
        209.78342754973,
        18
      ],
      [
        211.42868788374489,
        17
      ],
      [
        213.4072924388749,
        17
      ],
      [
        218.67558510435646,
        19
      ],
      [
        220.07491381300514,
        21
      ],
      [
        221.8478542102677,
        21
      ],
      [
        227.12200410498207,
        21
      ],
      [
        229.04115255011146,
        20
      ],
      [
        232.7701593173844,
        21
      ],
      [
        235.65235407484596,
        20
      ],
      [
        237.27907354963844,
        20
      ],
      [
        242.5634532703263,
        21
      ],
      [
        244.31239516867225,
        20
      ],
      [
        249.5852857364518,
        21
      ],
      [
        251.85200531614845,
        21
      ],
      [
        253.44043762816017,
        20
      ],
      [
        254.41063768995826,
        19
      ],
      [
        257.37684018744056,
        21
      ],
      [
        262.6537409557206,
        22
      ],
      [
        264.6125915778977,
        22
      ],
      [
        266.5442906154496,
        21
      ],
      [
        269.80998213423317,
        23
      ],
      [
        273.17007835043495,
        26
      ],
      [
        274.7060964835984,
        25
      ],
      [
        275.73276336325233,
        24
      ],
      [
        278.297076774965,
        24
      ],
      [
        279.36483771933143,
        24
      ],
      [
        280.35321123732155,
        23
      ],
      [
        281.66918046606605,
        23
      ],
      [
        283.5157047046525,
        23
      ],
      [
        286.51506383551185,
        23
      ],
      [
        288.93546373976295,
        22
      ],
      [
        294.18613345755165,
        22
      ],
      [
        299.4427643550736,
        22
      ]
    ]
  },
  "statistics": {
    "num_k_transitions": 2,
    "k_values_used": [
      3.0,
      4.0
    ],
    "final_k": 4.0,
    "avg_queue_length": 10.633333333333333,
    "max_queue_length": 26,
    "min_queue_length": 1
  }
}