{
  "experiment_name": "AW-SSJF_300s_load0.90_window",
  "metadata": {
    "scheduler": "AW-SSJF",
    "num_jobs": 120,
    "mode": "time_window",
    "simulation_duration": 300.0,
    "system_load": 0.9,
    "base_service_time": null,
    "w_max": 2.0,
    "p": 1.0,
    "q": 1.0,
    "use_confidence": true,
    "weight_exponent": null,
    "gamma_panic": null,
    "gamma_dep": null,
    "weight_mode": null,
    "adaptive_k": true,
    "adaptive_k_min": 1.0,
    "adaptive_k_max": 4.0,
    "adaptive_k_high_threshold": 10,
    "adaptive_k_low_threshold": 3,
    "enable_emotion": null,
    "arousal_noise": null,
    "random_seed": 42,
    "starvation_threshold": null,
    "starvation_coefficient": null,
    "output_dir": "results/experiments/exp4_online/online",
    "verbose": null,
    "model_name": null,
    "dataset_path": null,
    "use_cache": null,
    "force_regenerate": null,
    "device_map": null,
    "dtype": null,
    "load_in_8bit": null,
    "force_new_job_config": true,
    "use_saved_job_config": null,
    "experiment_mode": "time_window",
    "arrival_rate": 0.45,
    "run_metrics": {
      "total_jobs": 120,
      "total_time": 300.0,
      "throughput": 0.4,
      "avg_waiting_time": 13.017630228812717,
      "avg_jct": 15.475537063097182,
      "p50_waiting_time": 7.451818915183176,
      "p95_waiting_time": 53.860557650537935,
      "p99_waiting_time": 75.83893373638816,
      "p50_jct": 10.259144253111726,
      "p95_jct": 54.87457392117545,
      "p99_jct": 77.20309476048178,
      "estimated_arrival_rate": 0.4203069405073669,
      "avg_actual_execution_time": 2.4579068342844645,
      "effective_load": 1.033075301570251,
      "throughput_p25": 0.4114400392665834,
      "throughput_p50": 0.43866708542700406,
      "throughput_p75": 0.4089516539648488,
      "aw_jct": 14.483143790381352
    }
  },
  "num_jobs": 120,
  "total_run_time": 301.5131798518998,
  "overall_metrics": {
    "avg_waiting_time": 13.017630228812717,
    "std_waiting_time": 16.474523348642524,
    "p50_waiting_time": 7.451818915183176,
    "p95_waiting_time": 53.860557650537935,
    "p99_waiting_time": 75.83893373638816,
    "avg_turnaround_time": 15.475537063097182,
    "std_turnaround_time": 16.59243271486702,
    "p99_turnaround_time": 77.20309476048178,
    "avg_service_time": 1.96697083346049,
    "throughput": 0.3979925522955341,
    "aw_jct": 14.483143790381352,
    "total_affect_weight": 158.59067032810782,
    "avg_affect_weight": 1.3215889194008983
  },
  "run_metrics": {
    "total_jobs": 120,
    "total_time": 300.0,
    "throughput": 0.4,
    "avg_waiting_time": 13.017630228812717,
    "avg_jct": 15.475537063097182,
    "p50_waiting_time": 7.451818915183176,
    "p95_waiting_time": 53.860557650537935,
    "p99_waiting_time": 75.83893373638816,
    "p50_jct": 10.259144253111726,
    "p95_jct": 54.87457392117545,
    "p99_jct": 77.20309476048178,
    "estimated_arrival_rate": 0.4203069405073669,
    "avg_actual_execution_time": 2.4579068342844645,
    "effective_load": 1.033075301570251,
    "throughput_p25": 0.4114400392665834,
    "throughput_p50": 0.43866708542700406,
    "throughput_p75": 0.4089516539648488,
    "aw_jct": 14.483143790381352
  },
  "llm_metrics": {
    "num_llm_jobs": 120,
    "avg_actual_execution_time": 2.4579068342844645,
    "std_actual_execution_time": 1.37576337870077,
    "avg_output_token_length": 119.40833333333333,
    "std_output_token_length": 66.88154900435711,
    "cache_hit_count": 1,
    "cache_hit_rate": 0.008333333333333333,
    "fallback_used_count": 0,
    "error_count": 0,
    "prediction_accuracy": {
      "avg_absolute_error": 1.058988386631012,
      "std_absolute_error": 1.1528850358788552,
      "avg_relative_error": 0.38478620634839494,
      "median_relative_error": 0.2846727541820523,
      "max_absolute_error": 4.3072370910644535
    }
  },
  "per_emotion_class_metrics": {
    "panic": {
      "count": 36,
      "avg_waiting_time": 10.535128041505471,
      "std_waiting_time": 11.86974008578979,
      "avg_turnaround_time": 13.109090617364965,
      "std_turnaround_time": 12.01378357259297,
      "avg_predicted_service_time": 2.1499847073025173,
      "avg_measured_execution_time": 2.5739625758594937,
      "avg_affect_weight": 1.3531955315183186,
      "p50_waiting_time": 7.375723303488101,
      "p95_waiting_time": 23.981503515884192,
      "p99_waiting_time": 56.17985295543563
    },
    "calm": {
      "count": 28,
      "avg_waiting_time": 16.684608040925323,
      "std_waiting_time": 20.786566474486044,
      "avg_turnaround_time": 19.13236937221107,
      "std_turnaround_time": 21.241526038667555,
      "avg_predicted_service_time": 1.6904928616115027,
      "avg_measured_execution_time": 2.4477613312857494,
      "avg_affect_weight": 1.0887792510772276,
      "p50_waiting_time": 7.35896405964084,
      "p95_waiting_time": 56.12909494860981,
      "p99_waiting_time": 86.81803973016235
    },
    "excited": {
      "count": 23,
      "avg_waiting_time": 20.35044124557473,
      "std_waiting_time": 22.754703749780166,
      "avg_turnaround_time": 22.634094535950148,
      "std_turnaround_time": 22.44580764928337,
      "avg_predicted_service_time": 1.6551856563402259,
      "avg_measured_execution_time": 2.2836532903754194,
      "avg_affect_weight": 1.0233355973954419,
      "p50_waiting_time": 9.455274271494687,
      "p95_waiting_time": 72.70898421845376,
      "p99_waiting_time": 75.75059405301296
    },
    "depression": {
      "count": 33,
      "avg_waiting_time": 7.503692247551553,
      "std_waiting_time": 4.44354336847885,
      "avg_turnaround_time": 9.965050563568472,
      "std_turnaround_time": 5.113921073623094,
      "avg_predicted_service_time": 2.219211525194573,
      "avg_measured_execution_time": 2.46135831601692,
      "avg_affect_weight": 1.6925179825209329,
      "p50_waiting_time": 6.4994041659147115,
      "p95_waiting_time": 16.004597792252206,
      "p99_waiting_time": 16.402874687830217
    },
    "overall": {
      "count": 120,
      "avg_waiting_time": 13.017630228812717,
      "avg_turnaround_time": 15.475537063097182
    }
  },
  "per_quadrant_metrics": {
    "excited": {
      "count": 23,
      "avg_waiting_time": 20.35044124557473,
      "p50_waiting_time": 9.455274271494687,
      "p99_waiting_time": 75.75059405301296,
      "avg_jct": 22.634094535950148,
      "p99_jct": 77.17408994649135,
      "avg_affect_weight": 1.0233355973954419
    },
    "calm": {
      "count": 28,
      "avg_waiting_time": 16.684608040925323,
      "p50_waiting_time": 7.35896405964084,
      "p99_waiting_time": 86.81803973016235,
      "avg_jct": 19.13236937221107,
      "p99_jct": 91.14959016856643,
      "avg_affect_weight": 1.0887792510772276
    },
    "panic": {
      "count": 36,
      "avg_waiting_time": 10.535128041505471,
      "p50_waiting_time": 7.375723303488101,
      "p99_waiting_time": 56.17985295543563,
      "avg_jct": 13.109090617364965,
      "p99_jct": 58.443326287363874,
      "avg_affect_weight": 1.3531955315183186
    },
    "depression": {
      "count": 33,
      "avg_waiting_time": 7.503692247551553,
      "p50_waiting_time": 6.4994041659147115,
      "p99_waiting_time": 16.402874687830217,
      "avg_jct": 9.965050563568472,
      "p99_jct": 20.620071312698396,
      "avg_affect_weight": 1.6925179825209329
    }
  },
  "fairness_analysis": {
    "waiting_time_fairness": {
      "jain_index": 0.881918054122556,
      "per_quadrant_values": {
        "panic": 10.535128041505471,
        "calm": 16.684608040925323,
        "excited": 20.35044124557473,
        "depression": 7.503692247551553
      },
      "coefficient_of_variation": 0.3659128271077216,
      "max_min_ratio": 2.7120570212904265,
      "depression_vs_others": 0.47321826419599944,
      "mean": 13.768467393889269,
      "std": 5.038058829038507
    },
    "turnaround_time_fairness": {
      "jain_index": 0.9143764754145288,