{
  "metadata": {
    "input_dir": "results/multi_seed_runs",
    "confidence_level": 0.95
  },
  "schedulers": {
    "SSJF-Combined": {
      "avg_waiting_time": {
        "mean": 4.004980367098065,
        "std": 2.0305619582879277,
        "ci_low": 3.3555751476679716,
        "ci_high": 4.654385586528157,
        "n": 40
      },
      "std_waiting_time": {
        "mean": 5.3492281339673315,
        "std": 1.9363167874119385,
        "ci_low": 4.729963982443658,
        "ci_high": 5.968492285491005,
        "n": 40
      },
      "p50_waiting_time": {
        "mean": 1.9364010423427884,
        "std": 2.0416876363882848,
        "ci_low": 1.283437658435822,
        "ci_high": 2.589364426249755,
        "n": 40
      },
      "p95_waiting_time": {
        "mean": 16.137504960163753,
        "std": 6.416255503102386,
        "ci_low": 14.085486898905012,
        "ci_high": 18.189523021422495,
        "n": 40
      },
      "p99_waiting_time": {
        "mean": 21.02865505747603,
        "std": 6.798175464245503,
        "ci_low": 18.85449306696728,
        "ci_high": 23.20281704798478,
        "n": 40
      },
      "avg_turnaround_time": {
        "mean": 5.3389067013136,
        "std": 2.049377924679188,
        "ci_low": 4.683483843892589,
        "ci_high": 5.99432955873461,
        "n": 40
      },
      "throughput": {
        "mean": 0.6830915448244624,
        "std": 0.12148541995592779,
        "ci_low": 0.644238622616388,
        "ci_high": 0.7219444670325369,
        "n": 40
      },
      "jain_index_waiting": {
        "mean": 0.779885647486985,
        "std": 0.084024285834221,
        "ci_low": 0.7530133771989922,
        "ci_high": 0.8067579177749777,
        "n": 40
      },
      "cv_waiting": {
        "mean": 0.5288317160300218,
        "std": 0.13570218639902093,
        "ci_low": 0.4854320513333075,
        "ci_high": 0.5722313807267361,
        "n": 40
      },
      "max_min_ratio_waiting": {
        "mean": 4.490076048148039,
        "std": 1.7920998741733696,
        "ci_low": 3.9169347030745505,
        "ci_high": 5.063217393221526,
        "n": 40
      },
      "total_time": {
        "mean": 160.78258501370777,
        "std": 66.84995839119183,
        "ci_low": 139.40293111015094,
        "ci_high": 182.1622389172646,
        "n": 40
      },
      "effective_load": {
        "mean": 0.9483555653542581,
        "std": 0.09720448196961974,
        "ci_low": 0.9172680638449254,
        "ci_high": 0.9794430668635908,
        "n": 40
      },
      "per_emotion_class": {
        "low": {
          "avg_waiting_time": {
            "mean": 1.6639184408271366,
            "std": 1.1157901351459398,
            "ci_low": 1.3070714435735635,
            "ci_high": 2.0207654380807094,
            "n": 40
          },
          "avg_turnaround_time": {
            "mean": 2.407469445952182,
            "std": 1.1085143750024145,
            "ci_low": 2.0529493496795133,
            "ci_high": 2.761989542224851,
            "n": 40
          },
          "avg_predicted_service_time": {
            "mean": 0.5579999999999998,
            "std": 0.16406377746755382,
            "ci_low": 0.5055298584355044,
            "ci_high": 0.6104701415644953,
            "n": 40
          }
        },
        "medium": {
          "avg_waiting_time": {
            "mean": 3.613643592599277,
            "std": 1.920679453449322,
            "ci_low": 2.9993805030977922,
            "ci_high": 4.227906682100762,
            "n": 40
          },
          "avg_turnaround_time": {
            "mean": 5.039621701243762,
            "std": 1.9298305860890321,
            "ci_low": 4.4224319375397645,
            "ci_high": 5.65681146494776,
            "n": 40
          },
          "avg_predicted_service_time": {
            "mean": 1.55,
            "std": 0.45573271518765,
            "ci_low": 1.4042496067652903,
            "ci_high": 1.6957503932347098,
            "n": 40
          }
        },
        "high": {
          "avg_waiting_time": {
            "mean": 6.7373790678677805,
            "std": 3.414831362686394,
            "ci_low": 5.645263015288965,
            "ci_high": 7.829495120446596,
            "n": 40
          },
          "avg_turnaround_time": {
            "mean": 8.569628956744854,
            "std": 3.459518341744732,
            "ci_low": 7.463221314922676,
            "ci_high": 9.67603659856703,
            "n": 40
          },
          "avg_predicted_service_time": {
            "mean": 2.5420000000000007,
            "std": 0.7474016529077459,
            "ci_low": 2.3029693550950765,
            "ci_high": 2.781030644904925,
            "n": 40
          }
        }
      },
      "num_seeds": 40
    },
    "SSJF-Emotion": {
      "avg_waiting_time": {
        "mean": 3.708369120774921,
        "std": 1.8982001716546386,
        "ci_low": 3.1012952543685124,
        "ci_high": 4.31544298718133,
        "n": 40
      },
      "std_waiting_time": {
        "mean": 4.777718996701916,
        "std": 1.8973370626225756,
        "ci_low": 4.170921165955523,
        "ci_high": 5.384516827448309,
        "n": 40
      },
      "p50_waiting_time": {
        "mean": 1.7587618165442733,
        "std": 1.8690654966666511,
        "ci_low": 1.1610056712378656,
        "ci_high": 2.356517961850681,
        "n": 40
      },
      "p95_waiting_time": {
        "mean": 14.49098519377811,
        "std": 5.4323784225645815,
        "ci_low": 12.753626288213201,
        "ci_high": 16.22834409934302,
        "n": 40
      },
      "p99_waiting_time": {
        "mean": 17.554022299804195,
        "std": 6.051477584463903,
        "ci_low": 15.618665876635243,
        "ci_high": 19.48937872297315,
        "n": 40
      },
      "avg_turnaround_time": {
        "mean": 5.042295454990455,
        "std": 1.92006303310615,
        "ci_low": 4.428229506278782,
        "ci_high": 5.656361403702128,
        "n": 40
      },
      "throughput": {
        "mean": 0.6830915448244624,
        "std": 0.12148541995592779,
        "ci_low": 0.644238622616388,
        "ci_high": 0.7219444670325369,
        "n": 40
      },
      "jain_index_waiting": {
        "mean": 0.6008154305327655,
        "std": 0.11710049938776351,
        "ci_low": 0.5633648739565938,
        "ci_high": 0.6382659871089372,
        "n": 40
      },
      "cv_waiting": {
        "mean": 0.8261049436371202,
        "std": 0.19656222366160436,
        "ci_low": 0.7632412947503566,
        "ci_high": 0.8889685925238837,
        "n": 40
      },
      "max_min_ratio_waiting": {
        "mean": 8.957554561014366,
        "std": 4.581838886405729,
        "ci_low": 7.492211395653177,
        "ci_high": 10.422897726375554,
        "n": 40
      },
      "total_time": {
        "mean": 160.78258501370777,
        "std": 66.84995839119183,
        "ci_low": 139.40293111015094,
        "ci_high": 182.1622389172646,
        "n": 40
      },
      "effective_load": {
        "mean": 0.9483555653542581,
        "std": 0.09720448196961974,
        "ci_low": 0.9172680638449254,
        "ci_high": 0.9794430668635908,
        "n": 40
      },
      "per_emotion_class": {
        "low": {
          "avg_waiting_time": {
            "mean": 1.044930179736752,
            "std": 0.836445621998924,
            "ci_low": 0.7774218919554005,
            "ci_high": 1.3124384675181036,
            "n": 40
          },
          "avg_turnaround_time": {
            "mean": 1.7884811848617979,
            "std": 0.8293384511466848,
            "ci_low": 1.5232458805902511,
            "ci_high": 2.0537164891333446,
            "n": 40
          },
          "avg_predicted_service_time": {
            "mean": 0.5579999999999998,
            "std": 0.16406377746755382,
            "ci_low": 0.5055298584355044,
            "ci_high": 0.6104701415644953,
            "n": 40
          }
        },
        "medium": {
          "avg_waiting_time": {
            "mean": 2.003246616856831,