{
  "experiment_name": "AW-SSJF_80jobs_load0.90_fixed",
  "metadata": {
    "scheduler": "AW-SSJF",
    "num_jobs": 80,
    "mode": "fixed_jobs",
    "simulation_duration": null,
    "system_load": 0.9,
    "base_service_time": null,
    "w_max": 2.0,
    "p": 1.0,
    "q": 1.0,
    "use_confidence": true,
    "weight_exponent": 4.0,
    "gamma_panic": null,
    "gamma_dep": null,
    "weight_mode": null,
    "adaptive_k": null,
    "adaptive_k_min": 1.0,
    "adaptive_k_max": 4.0,
    "adaptive_k_high_threshold": 10,
    "adaptive_k_low_threshold": 3,
    "enable_emotion": null,
    "arousal_noise": null,
    "random_seed": 42,
    "starvation_threshold": 30.0,
    "starvation_coefficient": 4.0,
    "output_dir": "results/experiments/defense/A1/threshold_30_coef_4",
    "verbose": null,
    "model_name": null,
    "dataset_path": null,
    "use_cache": null,
    "force_regenerate": null,
    "device_map": null,
    "dtype": null,
    "load_in_8bit": null,
    "force_new_job_config": null,
    "use_saved_job_config": true,
    "experiment_mode": "fixed_jobs",
    "arrival_rate": 0.45,
    "run_metrics": {
      "total_jobs": 80,
      "total_time": 223.58869750693287,
      "throughput": 0.3577998391332792,
      "avg_waiting_time": 29.268490910087205,
      "avg_jct": 31.923473667655564,
      "p50_waiting_time": 35.23913492707236,
      "p95_waiting_time": 53.75443781938043,
      "p99_waiting_time": 55.86895052592183,
      "p50_jct": 38.34633597694841,
      "p95_jct": 56.005273356356355,
      "p99_jct": 57.40026852528477,
      "estimated_arrival_rate": 0.4775629988044028,
      "avg_actual_execution_time": 2.6549827575683596,
      "effective_load": 1.2679215274783284,
      "throughput_p25": 0.3494918093390513,
      "throughput_p50": 0.35681296130898116,
      "throughput_p75": 0.3497471671250501,
      "aw_jct": 32.08861379247805
    }
  },
  "num_jobs": 80,
  "total_run_time": 223.58869750693287,
  "overall_metrics": {
    "avg_waiting_time": 29.268490910087205,
    "std_waiting_time": 18.853186732646765,
    "p50_waiting_time": 35.23913492707236,
    "p95_waiting_time": 53.75443781938043,
    "p99_waiting_time": 55.86895052592183,
    "avg_turnaround_time": 31.923473667655564,
    "std_turnaround_time": 19.033509129478627,
    "p99_turnaround_time": 57.40026852528477,
    "avg_service_time": 2.163803407669067,
    "throughput": 0.3577998391332792,
    "aw_jct": 32.08861379247805,
    "total_affect_weight": 104.1098842737755,
    "avg_affect_weight": 1.3013735534221937
  },
  "run_metrics": {
    "total_jobs": 80,
    "total_time": 223.58869750693287,
    "throughput": 0.3577998391332792,
    "avg_waiting_time": 29.268490910087205,
    "avg_jct": 31.923473667655564,
    "p50_waiting_time": 35.23913492707236,
    "p95_waiting_time": 53.75443781938043,
    "p99_waiting_time": 55.86895052592183,
    "p50_jct": 38.34633597694841,
    "p95_jct": 56.005273356356355,
    "p99_jct": 57.40026852528477,
    "estimated_arrival_rate": 0.4775629988044028,
    "avg_actual_execution_time": 2.6549827575683596,
    "effective_load": 1.2679215274783284,
    "throughput_p25": 0.3494918093390513,
    "throughput_p50": 0.35681296130898116,
    "throughput_p75": 0.3497471671250501,
    "aw_jct": 32.08861379247805
  },
  "llm_metrics": {
    "num_llm_jobs": 80,
    "avg_actual_execution_time": 2.6549827575683596,
    "std_actual_execution_time": 1.2599327728996124,
    "avg_output_token_length": 128.625,
    "std_output_token_length": 61.22057966893159,
    "cache_hit_count": 0,
    "cache_hit_rate": 0.0,
    "fallback_used_count": 0,
    "error_count": 0,
    "prediction_accuracy": {
      "avg_absolute_error": 1.020458428144455,
      "std_absolute_error": 0.9071719974299706,
      "avg_relative_error": 0.43802696795137497,
      "median_relative_error": 0.32559893042446075,
      "max_absolute_error": 3.9158474445343017
    }
  },
  "per_emotion_class_metrics": {
    "depression": {
      "count": 20,
      "avg_waiting_time": 31.896734681067365,
      "std_waiting_time": 19.730885248071143,
      "avg_turnaround_time": 34.56741901868333,
      "std_turnaround_time": 19.890288292364062,
      "avg_predicted_service_time": 2.2728546142578123,
      "avg_measured_execution_time": 2.670684337615967,
      "avg_affect_weight": 1.7143353566673867,
      "p50_waiting_time": 36.58346073792814,
      "p95_waiting_time": 51.97496142450078,
      "p99_waiting_time": 54.019239778759086
    },
    "panic": {
      "count": 20,
      "avg_waiting_time": 29.270561495768114,
      "std_waiting_time": 19.784411052735056,
      "avg_turnaround_time": 31.873523882376237,
      "std_turnaround_time": 20.0332439430539,
      "avg_predicted_service_time": 2.392194450378418,
      "avg_measured_execution_time": 2.602962386608124,
      "avg_affect_weight": 1.4071937119871893,
      "p50_waiting_time": 37.1815083402176,
      "p95_waiting_time": 54.590866152745235,
      "p99_waiting_time": 56.12042973953403
    },
    "excited": {
      "count": 20,
      "avg_waiting_time": 26.27506717834884,
      "std_waiting_time": 17.620789531352518,
      "avg_turnaround_time": 29.024626795391384,
      "std_turnaround_time": 17.887527389985582,
      "avg_predicted_service_time": 2.0685425910949706,
      "avg_measured_execution_time": 2.7495596170425416,
      "avg_affect_weight": 1.0236754560750314,
      "p50_waiting_time": 32.86711488786516,
      "p95_waiting_time": 48.94547322832052,
      "p99_waiting_time": 51.93390908920017
    },
    "calm": {
      "count": 20,
      "avg_waiting_time": 29.631600285164495,
      "std_waiting_time": 17.735487564676895,
      "avg_turnaround_time": 32.2283249741713,
      "std_turnaround_time": 17.795803501299083,
      "avg_predicted_service_time": 1.9216219749450683,
      "avg_measured_execution_time": 2.5967246890068054,
      "avg_affect_weight": 1.060289688959168,
      "p50_waiting_time": 34.853481506096095,
      "p95_waiting_time": 53.31963167186731,
      "p99_waiting_time": 55.22428906076665
    },
    "overall": {
      "count": 80,
      "avg_waiting_time": 29.268490910087202,
      "avg_turnaround_time": 31.92347366765556
    }
  },
  "per_quadrant_metrics": {
    "excited": {
      "count": 20,
      "avg_waiting_time": 26.27506717834884,
      "p50_waiting_time": 32.86711488786516,
      "p99_waiting_time": 51.93390908920017,
      "avg_jct": 29.024626795391384,
      "p99_jct": 53.54152773582188,
      "avg_affect_weight": 1.0236754560750314
    },
    "calm": {
      "count": 20,
      "avg_waiting_time": 29.631600285164495,
      "p50_waiting_time": 34.853481506096095,
      "p99_waiting_time": 55.22428906076665,
      "avg_jct": 32.2283249741713,
      "p99_jct": 57.03761746361919,
      "avg_affect_weight": 1.060289688959168
    },
    "panic": {
      "count": 20,
      "avg_waiting_time": 29.270561495768114,
      "p50_waiting_time": 37.1815083402176,
      "p99_waiting_time": 56.12042973953403,
      "avg_jct": 31.873523882376237,
      "p99_jct": 58.09353869873203,
      "avg_affect_weight": 1.4071937119871893
    },
    "depression": {
      "count": 20,
      "avg_waiting_time": 31.896734681067365,
      "p50_waiting_time": 36.58346073792814,
      "p99_waiting_time": 54.019239778759086,
      "avg_jct": 34.56741901868333,
      "p99_jct": 55.887217579128354,
      "avg_affect_weight": 1.7143353566673867
    }
  },
  "fairness_analysis": {
    "waiting_time_fairness": {
      "jain_index": 0.9953522906197279,
      "per_quadrant_values": {
        "depression": 31.896734681067365,
        "panic": 29.270561495768114,
        "excited": 26.27506717834884,
        "calm": 29.631600285164495
      },
      "coefficient_of_variation": 0.06833309189300392,
      "max_min_ratio": 1.2139544483201505,
      "depression_vs_others": 1.1234247135340165,
      "mean": 29.268490910087202,
      "std": 2.0000064789285386
    },
    "turnaround_time_fairness": {
      "jain_index": 0.9962146908013257,