{
  "experiment_name": "AW-SSJF_80jobs_load0.90_fixed",
  "metadata": {
    "scheduler": "AW-SSJF",
    "num_jobs": 80,
    "mode": "fixed_jobs",
    "simulation_duration": null,
    "system_load": 0.9,
    "base_service_time": null,
    "w_max": 2.0,
    "p": 1.0,
    "q": 1.0,
    "use_confidence": true,
    "weight_exponent": 4.0,
    "gamma_panic": null,
    "gamma_dep": null,
    "weight_mode": null,
    "adaptive_k": null,
    "adaptive_k_min": null,
    "adaptive_k_max": null,
    "adaptive_k_high_threshold": null,
    "adaptive_k_low_threshold": null,
    "enable_emotion": null,
    "arousal_noise": null,
    "random_seed": 42,
    "starvation_threshold": null,
    "starvation_coefficient": null,
    "output_dir": "results/experiments/defense/A2/predicted",
    "verbose": null,
    "model_name": null,
    "dataset_path": null,
    "use_cache": null,
    "force_regenerate": null,
    "device_map": null,
    "dtype": null,
    "load_in_8bit": null,
    "use_oracle_service_time": null,
    "disable_predictor": null,
    "force_new_job_config": null,
    "use_saved_job_config": true,
    "experiment_mode": "fixed_jobs",
    "arrival_rate": 0.45,
    "run_metrics": {
      "total_jobs": 80,
      "total_time": 221.4110382337853,
      "throughput": 0.361318932597791,
      "avg_waiting_time": 25.092695351992226,
      "avg_jct": 27.717848604474636,
      "p50_waiting_time": 10.59287571421445,
      "p95_waiting_time": 107.25657069512249,
      "p99_waiting_time": 150.44400142882563,
      "p50_jct": 13.78831090196958,
      "p95_jct": 111.1477845174873,
      "p99_jct": 155.65970191453195,
      "estimated_arrival_rate": 0.4775629988044028,
      "avg_actual_execution_time": 2.625153252482414,
      "effective_load": 1.2536760595766332,
      "throughput_p25": 0.35110545959645784,
      "throughput_p50": 0.3655275003360485,
      "throughput_p75": 0.358323478986098,
      "aw_jct": 24.427200156323835
    }
  },
  "num_jobs": 80,
  "total_run_time": 221.4110382337853,
  "overall_metrics": {
    "avg_waiting_time": 25.092695351992226,
    "std_waiting_time": 34.58243410653229,
    "p50_waiting_time": 10.59287571421445,
    "p95_waiting_time": 107.25657069512249,
    "p99_waiting_time": 150.44400142882563,
    "avg_turnaround_time": 27.717848604474636,
    "std_turnaround_time": 34.92197066066006,
    "p99_turnaround_time": 155.65970191453195,
    "avg_service_time": 2.1638034076690675,
    "throughput": 0.361318932597791,
    "aw_jct": 24.427200156323835,
    "total_affect_weight": 104.1098842737755,
    "avg_affect_weight": 1.3013735534221937
  },
  "run_metrics": {
    "total_jobs": 80,
    "total_time": 221.4110382337853,
    "throughput": 0.361318932597791,
    "avg_waiting_time": 25.092695351992226,
    "avg_jct": 27.717848604474636,
    "p50_waiting_time": 10.59287571421445,
    "p95_waiting_time": 107.25657069512249,
    "p99_waiting_time": 150.44400142882563,
    "p50_jct": 13.78831090196958,
    "p95_jct": 111.1477845174873,
    "p99_jct": 155.65970191453195,
    "estimated_arrival_rate": 0.4775629988044028,
    "avg_actual_execution_time": 2.625153252482414,
    "effective_load": 1.2536760595766332,
    "throughput_p25": 0.35110545959645784,
    "throughput_p50": 0.3655275003360485,
    "throughput_p75": 0.358323478986098,
    "aw_jct": 24.427200156323835
  },
  "llm_metrics": {
    "num_llm_jobs": 80,
    "avg_actual_execution_time": 2.625153252482414,
    "std_actual_execution_time": 1.2452729028389666,
    "avg_output_token_length": 128.625,
    "std_output_token_length": 61.22057966893159,
    "cache_hit_count": 0,
    "cache_hit_rate": 0.0,
    "fallback_used_count": 0,
    "error_count": 0,
    "prediction_accuracy": {
      "avg_absolute_error": 1.0025679425001144,
      "std_absolute_error": 0.8952003953814808,
      "avg_relative_error": 0.43877173983017875,
      "median_relative_error": 0.32020196822833835,
      "max_absolute_error": 3.853603982925415
    }
  },
  "per_emotion_class_metrics": {
    "depression": {
      "count": 20,
      "avg_waiting_time": 9.169796767172711,
      "std_waiting_time": 6.754811262481428,
      "avg_turnaround_time": 11.813318600592511,
      "std_turnaround_time": 7.187954529902039,
      "avg_predicted_service_time": 2.2728546142578123,
      "avg_measured_execution_time": 2.6435218334197996,
      "avg_affect_weight": 1.7143353566673862,
      "p50_waiting_time": 6.8989699203829105,
      "p95_waiting_time": 22.526767631044173,
      "p99_waiting_time": 28.362831287015073
    },
    "panic": {
      "count": 20,
      "avg_waiting_time": 12.633069721209091,
      "std_waiting_time": 9.854522502365413,
      "avg_turnaround_time": 15.204840603815597,
      "std_turnaround_time": 10.186960537215876,
      "avg_predicted_service_time": 2.392194450378418,
      "avg_measured_execution_time": 2.5717708826065064,
      "avg_affect_weight": 1.4071937119871893,
      "p50_waiting_time": 10.090252982103124,
      "p95_waiting_time": 28.995640372868746,
      "p99_waiting_time": 40.02093738659827
    },
    "excited": {
      "count": 20,
      "avg_waiting_time": 37.929463998417205,
      "std_waiting_time": 43.239591469002114,
      "avg_turnaround_time": 40.64803254995758,
      "std_turnaround_time": 43.96815862259429,
      "avg_predicted_service_time": 2.0685425910949706,
      "avg_measured_execution_time": 2.7185685515403746,
      "avg_affect_weight": 1.0236754560750314,
      "p50_waiting_time": 23.16893113364025,
      "p95_waiting_time": 120.19373965388974,
      "p99_waiting_time": 140.82460498338662
    },
    "calm": {
      "count": 20,
      "avg_waiting_time": 40.6384509211699,
      "std_waiting_time": 44.22831129359163,
      "avg_turnaround_time": 43.20520266353287,
      "std_turnaround_time": 44.4180039493004,
      "avg_predicted_service_time": 1.9216219749450687,
      "avg_measured_execution_time": 2.566751742362976,
      "avg_affect_weight": 1.060289688959168,
      "p50_waiting_time": 22.575283025490016,
      "p95_waiting_time": 112.24095562640467,
      "p99_waiting_time": 156.2309247990891
    },
    "overall": {
      "count": 80,
      "avg_waiting_time": 25.092695351992223,
      "avg_turnaround_time": 27.717848604474636
    }
  },
  "per_quadrant_metrics": {
    "excited": {
      "count": 20,
      "avg_waiting_time": 37.929463998417205,
      "p50_waiting_time": 23.16893113364025,
      "p99_waiting_time": 140.82460498338662,
      "avg_jct": 40.64803254995758,
      "p99_jct": 145.39640403514824,
      "avg_affect_weight": 1.0236754560750314
    },
    "calm": {
      "count": 20,
      "avg_waiting_time": 40.6384509211699,
      "p50_waiting_time": 22.575283025490016,
      "p99_waiting_time": 156.2309247990891,
      "avg_jct": 43.20520266353287,
      "p99_jct": 160.89623824799503,
      "avg_affect_weight": 1.060289688959168
    },
    "panic": {
      "count": 20,
      "avg_waiting_time": 12.633069721209091,
      "p50_waiting_time": 10.090252982103124,
      "p99_waiting_time": 40.02093738659827,
      "avg_jct": 15.204840603815597,
      "p99_jct": 42.567318948354405,
      "avg_affect_weight": 1.4071937119871893
    },
    "depression": {
      "count": 20,
      "avg_waiting_time": 9.169796767172711,
      "p50_waiting_time": 6.8989699203829105,
      "p99_waiting_time": 28.362831287015073,
      "avg_jct": 11.813318600592511,
      "p99_jct": 32.32254379235565,
      "avg_affect_weight": 1.7143353566673862
    }
  },
  "fairness_analysis": {
    "waiting_time_fairness": {
      "jain_index": 0.7554645545514479,
      "per_quadrant_values": {
        "depression": 9.169796767172711,
        "panic": 12.633069721209091,
        "excited": 37.929463998417205,
        "calm": 40.6384509211699
      },
      "coefficient_of_variation": 0.5689365871211254,
      "max_min_ratio": 4.431772257663656,
      "depression_vs_others": 0.3016347949516828,
      "mean": 25.092695351992226,
      "std": 14.276152455232584
    },