{
  "experiment_name": "FCFS_54jobs_load0.90_fixed",
  "metadata": {
    "scheduler": "FCFS",
    "num_jobs": 54,
    "mode": "fixed_jobs",
    "simulation_duration": null,
    "system_load": 0.9,
    "base_service_time": null,
    "alpha": null,
    "rho": null,
    "emotion_correlation": null,
    "enable_emotion": null,
    "arousal_noise": null,
    "random_seed": 42,
    "starvation_threshold": null,
    "starvation_coefficient": null,
    "beta": null,
    "output_dir": "results/shuffle_experiment/original",
    "verbose": true,
    "model_name": null,
    "dataset_path": null,
    "use_cache": null,
    "force_regenerate": null,
    "device_map": null,
    "dtype": null,
    "load_in_8bit": null,
    "experiment_mode": "fixed_jobs",
    "arrival_rate": 0.8181818181818181,
    "run_metrics": {
      "total_jobs": 54,
      "total_time": 67.34953616129522,
      "throughput": 0.8017872590937456,
      "avg_waiting_time": 6.178044535420299,
      "avg_jct": 7.267693069170763,
      "p50_waiting_time": 7.355863122212824,
      "p95_waiting_time": 10.710496135106702,
      "p99_waiting_time": 11.525110366082874,
      "p50_jct": 8.572247658810454,
      "p95_jct": 11.606921698047335,
      "p99_jct": 13.36595356825196,
      "estimated_arrival_rate": 0.8360020016254281,
      "avg_actual_execution_time": 1.0896485337504633,
      "effective_load": 0.9109483552836003,
      "throughput_p25": 0.6321995806066785,
      "throughput_p50": 0.6965110501416759,
      "throughput_p75": 0.7506923346675197
    }
  },
  "num_jobs": 54,
  "total_run_time": 67.34953616129522,
  "overall_metrics": {
    "avg_waiting_time": 6.178044535420299,
    "std_waiting_time": 3.891450638135044,
    "p50_waiting_time": 7.355863122212824,
    "p95_waiting_time": 10.710496135106702,
    "p99_waiting_time": 11.525110366082874,
    "avg_turnaround_time": 7.267693069170763,
    "std_turnaround_time": 3.968173166654385,
    "p99_turnaround_time": 13.36595356825196,
    "avg_service_time": 1.1000000000000003,
    "throughput": 0.8017872590937456
  },
  "run_metrics": {
    "total_jobs": 54,
    "total_time": 67.34953616129522,
    "throughput": 0.8017872590937456,
    "avg_waiting_time": 6.178044535420299,
    "avg_jct": 7.267693069170763,
    "p50_waiting_time": 7.355863122212824,
    "p95_waiting_time": 10.710496135106702,
    "p99_waiting_time": 11.525110366082874,
    "p50_jct": 8.572247658810454,
    "p95_jct": 11.606921698047335,
    "p99_jct": 13.36595356825196,
    "estimated_arrival_rate": 0.8360020016254281,
    "avg_actual_execution_time": 1.0896485337504633,
    "effective_load": 0.9109483552836003,
    "throughput_p25": 0.6321995806066785,
    "throughput_p50": 0.6965110501416759,
    "throughput_p75": 0.7506923346675197
  },
  "llm_metrics": {
    "num_llm_jobs": 54,
    "avg_actual_execution_time": 1.0896485337504633,
    "std_actual_execution_time": 0.45527284049046046,
    "avg_output_token_length": 53.72222222222222,
    "std_output_token_length": 22.656383833150905,
    "cache_hit_count": 54,
    "cache_hit_rate": 1.0,
    "fallback_used_count": 0,
    "error_count": 0,
    "prediction_accuracy": {
      "avg_absolute_error": 0.22986555371461095,
      "std_absolute_error": 0.1769733137652385,
      "avg_relative_error": 0.2271877065895509,
      "median_relative_error": 0.190232459519604,
      "max_absolute_error": 0.8131927051544192
    }
  },
  "per_emotion_class_metrics": {
    "low": {
      "count": 18,
      "avg_waiting_time": 5.392294447233027,
      "std_waiting_time": 4.518580562568234,
      "avg_turnaround_time": 5.9852193335126636,
      "std_turnaround_time": 4.478800279934426,
      "avg_predicted_service_time": 0.3959999999999999,
      "avg_measured_execution_time": 0.5929248862796359,
      "p50_waiting_time": 6.437493270544744,
      "p95_waiting_time": 10.748535905013492,
      "p99_waiting_time": 10.76038952136265
    },
    "high": {
      "count": 18,
      "avg_waiting_time": 6.120822784042106,
      "std_waiting_time": 3.657480766948611,
      "avg_turnaround_time": 7.680296219126131,
      "std_turnaround_time": 3.7611483209884384,
      "avg_predicted_service_time": 1.8040000000000005,
      "avg_measured_execution_time": 1.5594734350840251,
      "p50_waiting_time": 7.10055689999049,
      "p95_waiting_time": 10.551837062229078,
      "p99_waiting_time": 12.01765816239374
    },
    "medium": {
      "count": 18,
      "avg_waiting_time": 7.021016374985761,
      "std_waiting_time": 3.210007678166672,
      "avg_turnaround_time": 8.13756365487349,
      "std_turnaround_time": 3.23444757629121,
      "avg_predicted_service_time": 1.1000000000000003,
      "avg_measured_execution_time": 1.1165472798877292,
      "p50_waiting_time": 8.363397554083598,
      "p95_waiting_time": 10.670595097493146,
      "p99_waiting_time": 10.687255926897139
    },
    "overall": {
      "count": 54,
      "avg_waiting_time": 7.021016374985762,
      "avg_turnaround_time": 8.13756365487349
    }
  },
  "fairness_analysis": {
    "waiting_time_fairness": {
      "jain_index": 0.9885072062202591,
      "per_class_values": {
        "low": 5.392294447233027,
        "high": 6.120822784042106,
        "medium": 7.021016374985761
      },
      "coefficient_of_variation": 0.10782584919874219,
      "max_min_ratio": 1.3020461778730366,
      "mean": 6.178044535420298,
      "std": 0.6661528984193423
    },
    "turnaround_time_fairness": {
      "jain_index": 0.9840299373617326,
      "per_class_values": {
        "low": 5.9852193335126636,
        "high": 7.680296219126131,
        "medium": 8.13756365487349
      },
      "coefficient_of_variation": 0.12739405281479757,
      "max_min_ratio": 1.359609932640119,
      "mean": 7.267693069170761,
      "std": 0.9258608746956781
    },
    "per_class_metrics": {
      "low": {
        "count": 18,
        "avg_waiting_time": 5.392294447233027,
        "std_waiting_time": 4.518580562568234,
        "avg_turnaround_time": 5.9852193335126636,
        "std_turnaround_time": 4.478800279934426,
        "avg_predicted_service_time": 0.3959999999999999,
        "avg_measured_execution_time": 0.5929248862796359,
        "p50_waiting_time": 6.437493270544744,
        "p95_waiting_time": 10.748535905013492,
        "p99_waiting_time": 10.76038952136265
      },
      "high": {
        "count": 18,
        "avg_waiting_time": 6.120822784042106,
        "std_waiting_time": 3.657480766948611,
        "avg_turnaround_time": 7.680296219126131,
        "std_turnaround_time": 3.7611483209884384,
        "avg_predicted_service_time": 1.8040000000000005,
        "avg_measured_execution_time": 1.5594734350840251,
        "p50_waiting_time": 7.10055689999049,
        "p95_waiting_time": 10.551837062229078,
        "p99_waiting_time": 12.01765816239374
      },
      "medium": {
        "count": 18,
        "avg_waiting_time": 7.021016374985761,
        "std_waiting_time": 3.210007678166672,
        "avg_turnaround_time": 8.13756365487349,
        "std_turnaround_time": 3.23444757629121,
        "avg_predicted_service_time": 1.1000000000000003,
        "avg_measured_execution_time": 1.1165472798877292,
        "p50_waiting_time": 8.363397554083598,
        "p95_waiting_time": 10.670595097493146,
        "p99_waiting_time": 10.687255926897139
      },
      "overall": {
        "count": 54,
        "avg_waiting_time": 7.021016374985762,
        "avg_turnaround_time": 8.13756365487349
      }
    },
    "arousal_valence_distribution": {
      "high_positive": 6,
      "high_neutral": 6,
      "high_negative": 6,
      "medium_positive": 6,
      "medium_neutral": 6,
      "medium_negative": 6,
      "low_positive": 6,
      "low_neutral": 6,
      "low_negative": 6,
      "total": 54
    }
  }
}