{
  "experiment_name": "FCFS_180jobs_load0.90_fixed",
  "metadata": {
    "scheduler": "FCFS",
    "num_jobs": 180,
    "mode": "fixed_jobs",
    "simulation_duration": null,
    "system_load": 0.9,
    "base_service_time": null,
    "alpha": null,
    "rho": null,
    "emotion_correlation": null,
    "enable_emotion": null,
    "arousal_noise": null,
    "random_seed": 5791,
    "starvation_threshold": null,
    "starvation_coefficient": null,
    "beta": null,
    "output_dir": "results/multi_seed_runs/seed_5791",
    "verbose": true,
    "model_name": null,
    "dataset_path": null,
    "use_cache": null,
    "force_regenerate": null,
    "device_map": null,
    "dtype": null,
    "load_in_8bit": null,
    "experiment_mode": "fixed_jobs",
    "arrival_rate": 0.8181818181818181,
    "run_metrics": {
      "total_jobs": 180,
      "total_time": 222.58979177479304,
      "throughput": 0.8086624214201,
      "avg_waiting_time": 3.717825530400407,
      "avg_jct": 4.82664022289766,
      "p50_waiting_time": 2.904760051936039,
      "p95_waiting_time": 11.02727394735576,
      "p99_waiting_time": 14.749867387776792,
      "p50_jct": 3.910466319536665,
      "p95_jct": 12.473348719236867,
      "p99_jct": 16.05462140704636,
      "estimated_arrival_rate": 0.8646949003293111,
      "avg_actual_execution_time": 1.1088146924972535,
      "effective_load": 0.9587864100125884,
      "throughput_p25": 0.8514465870573164,
      "throughput_p50": 0.8048230301648343,
      "throughput_p75": 0.7934048928966327
    }
  },
  "num_jobs": 180,
  "total_run_time": 222.58979177479304,
  "overall_metrics": {
    "avg_waiting_time": 3.717825530400407,
    "std_waiting_time": 3.506737771277534,
    "p50_waiting_time": 2.904760051936039,
    "p95_waiting_time": 11.02727394735576,
    "p99_waiting_time": 14.749867387776792,
    "avg_turnaround_time": 4.82664022289766,
    "std_turnaround_time": 3.594076246420915,
    "p99_turnaround_time": 16.05462140704636,
    "avg_service_time": 1.1,
    "throughput": 0.8086624214201
  },
  "run_metrics": {
    "total_jobs": 180,
    "total_time": 222.58979177479304,
    "throughput": 0.8086624214201,
    "avg_waiting_time": 3.717825530400407,
    "avg_jct": 4.82664022289766,
    "p50_waiting_time": 2.904760051936039,
    "p95_waiting_time": 11.02727394735576,
    "p99_waiting_time": 14.749867387776792,
    "p50_jct": 3.910466319536665,
    "p95_jct": 12.473348719236867,
    "p99_jct": 16.05462140704636,
    "estimated_arrival_rate": 0.8646949003293111,
    "avg_actual_execution_time": 1.1088146924972535,
    "effective_load": 0.9587864100125884,
    "throughput_p25": 0.8514465870573164,
    "throughput_p50": 0.8048230301648343,
    "throughput_p75": 0.7934048928966327
  },
  "llm_metrics": {
    "num_llm_jobs": 180,
    "avg_actual_execution_time": 1.1088146924972535,
    "std_actual_execution_time": 0.4253486728002265,
    "avg_output_token_length": 54.51111111111111,
    "std_output_token_length": 21.03105874887818,
    "cache_hit_count": 0,
    "cache_hit_rate": 0.0,
    "fallback_used_count": 0,
    "error_count": 0,
    "prediction_accuracy": {
      "avg_absolute_error": 0.24265482959747323,
      "std_absolute_error": 0.176160374414787,
      "avg_relative_error": 0.23260826846767596,
      "median_relative_error": 0.20837443256252688,
      "max_absolute_error": 0.8483261108398437
    }
  },
  "per_emotion_class_metrics": {
    "low": {
      "count": 60,
      "avg_waiting_time": 3.075719267202248,
      "std_waiting_time": 3.079737409963009,
      "avg_turnaround_time": 3.707200529250334,
      "std_turnaround_time": 3.1191024542863857,
      "avg_predicted_service_time": 0.39599999999999996,
      "avg_measured_execution_time": 0.6314812620480855,
      "p50_waiting_time": 2.522983143278097,
      "p95_waiting_time": 8.932639079304662,
      "p99_waiting_time": 12.988300134038418
    },
    "high": {
      "count": 60,
      "avg_waiting_time": 4.080640348629074,
      "std_waiting_time": 3.772025450052647,
      "avg_turnaround_time": 5.6101955064494575,
      "std_turnaround_time": 3.7782756763168686,
      "avg_predicted_service_time": 1.8040000000000005,
      "avg_measured_execution_time": 1.5295551578203836,
      "p50_waiting_time": 2.73618700559083,
      "p95_waiting_time": 12.900436906351553,
      "p99_waiting_time": 15.442006765558551
    },
    "medium": {
      "count": 60,
      "avg_waiting_time": 3.9971169753698987,
      "std_waiting_time": 3.5435479568569836,
      "avg_turnaround_time": 5.162524632993189,
      "std_turnaround_time": 3.57324258085534,
      "avg_predicted_service_time": 1.0999999999999999,
      "avg_measured_execution_time": 1.165407657623291,
      "p50_waiting_time": 3.6803149874417374,
      "p95_waiting_time": 11.027273947355763,
      "p99_waiting_time": 14.299607253503732
    },
    "overall": {
      "count": 180,
      "avg_waiting_time": 3.9971169753698987,
      "avg_turnaround_time": 5.16252463299319
    }
  },
  "fairness_analysis": {
    "waiting_time_fairness": {
      "jain_index": 0.9852231131640504,
      "per_class_values": {
        "low": 3.075719267202248,
        "high": 4.080640348629074,
        "medium": 3.9971169753698987
      },
      "coefficient_of_variation": 0.12246843774103298,
      "max_min_ratio": 1.3267271796040498,
      "mean": 3.717825530400407,
      "std": 0.4553162845018652
    },
    "turnaround_time_fairness": {
      "jain_index": 0.9724510643163238,
      "per_class_values": {
        "low": 3.707200529250334,
        "high": 5.6101955064494575,
        "medium": 5.162524632993189
      },
      "coefficient_of_variation": 0.16831333859760986,
      "max_min_ratio": 1.5133239926419477,
      "mean": 4.82664022289766,
      "std": 0.8123879301254169
    },
    "per_class_metrics": {
      "low": {
        "count": 60,
        "avg_waiting_time": 3.075719267202248,
        "std_waiting_time": 3.079737409963009,
        "avg_turnaround_time": 3.707200529250334,
        "std_turnaround_time": 3.1191024542863857,
        "avg_predicted_service_time": 0.39599999999999996,
        "avg_measured_execution_time": 0.6314812620480855,
        "p50_waiting_time": 2.522983143278097,
        "p95_waiting_time": 8.932639079304662,
        "p99_waiting_time": 12.988300134038418
      },
      "high": {
        "count": 60,
        "avg_waiting_time": 4.080640348629074,
        "std_waiting_time": 3.772025450052647,
        "avg_turnaround_time": 5.6101955064494575,
        "std_turnaround_time": 3.7782756763168686,
        "avg_predicted_service_time": 1.8040000000000005,
        "avg_measured_execution_time": 1.5295551578203836,
        "p50_waiting_time": 2.73618700559083,
        "p95_waiting_time": 12.900436906351553,
        "p99_waiting_time": 15.442006765558551
      },
      "medium": {
        "count": 60,
        "avg_waiting_time": 3.9971169753698987,
        "std_waiting_time": 3.5435479568569836,
        "avg_turnaround_time": 5.162524632993189,
        "std_turnaround_time": 3.57324258085534,
        "avg_predicted_service_time": 1.0999999999999999,
        "avg_measured_execution_time": 1.165407657623291,
        "p50_waiting_time": 3.6803149874417374,
        "p95_waiting_time": 11.027273947355763,
        "p99_waiting_time": 14.299607253503732
      },
      "overall": {
        "count": 180,
        "avg_waiting_time": 3.9971169753698987,
        "avg_turnaround_time": 5.16252463299319
      }
    },
    "arousal_valence_distribution": {
      "high_positive": 20,
      "high_neutral": 20,
      "high_negative": 20,
      "medium_positive": 20,
      "medium_neutral": 20,
      "medium_negative": 20,
      "low_positive": 20,
      "low_neutral": 20,
      "low_negative": 20,
      "total": 180
    }
  }
}