{
  "experiment_name": "SSJF-Combined_180jobs_load0.90_fixed",
  "metadata": {
    "scheduler": "SSJF-Combined",
    "num_jobs": 180,
    "mode": "fixed_jobs",
    "simulation_duration": null,
    "system_load": 0.9,
    "base_service_time": null,
    "alpha": null,
    "rho": null,
    "emotion_correlation": null,
    "enable_emotion": null,
    "arousal_noise": null,
    "random_seed": 5791,
    "starvation_threshold": null,
    "starvation_coefficient": null,
    "beta": null,
    "output_dir": "results/multi_seed_runs/seed_5791",
    "verbose": true,
    "model_name": null,
    "dataset_path": null,
    "use_cache": null,
    "force_regenerate": null,
    "device_map": null,
    "dtype": null,
    "load_in_8bit": null,
    "experiment_mode": "fixed_jobs",
    "arrival_rate": 0.8181818181818181,
    "run_metrics": {
      "total_jobs": 180,
      "total_time": 222.58979177479304,
      "throughput": 0.8086624214201,
      "avg_waiting_time": 3.3016768466405058,
      "avg_jct": 4.41049153913776,
      "p50_waiting_time": 1.1205956958259264,
      "p95_waiting_time": 17.120772139316685,
      "p99_waiting_time": 19.550385402831,
      "p50_jct": 2.435717092840015,
      "p95_jct": 18.383234123474246,
      "p99_jct": 21.37441678920643,
      "estimated_arrival_rate": 0.8646949003293111,
      "avg_actual_execution_time": 1.1088146924972535,
      "effective_load": 0.9587864100125884,
      "throughput_p25": 0.8747599235055734,
      "throughput_p50": 0.8048230301648343,
      "throughput_p75": 0.7934048928966327
    },
    "valence_beta": 0.8
  },
  "num_jobs": 180,
  "total_run_time": 222.58979177479304,
  "overall_metrics": {
    "avg_waiting_time": 3.3016768466405058,
    "std_waiting_time": 4.9191550068037575,
    "p50_waiting_time": 1.1205956958259264,
    "p95_waiting_time": 17.120772139316685,
    "p99_waiting_time": 19.550385402831,
    "avg_turnaround_time": 4.41049153913776,
    "std_turnaround_time": 5.073571109108233,
    "p99_turnaround_time": 21.37441678920643,
    "avg_service_time": 1.1,
    "throughput": 0.8086624214201
  },
  "run_metrics": {
    "total_jobs": 180,
    "total_time": 222.58979177479304,
    "throughput": 0.8086624214201,
    "avg_waiting_time": 3.3016768466405058,
    "avg_jct": 4.41049153913776,
    "p50_waiting_time": 1.1205956958259264,
    "p95_waiting_time": 17.120772139316685,
    "p99_waiting_time": 19.550385402831,
    "p50_jct": 2.435717092840015,
    "p95_jct": 18.383234123474246,
    "p99_jct": 21.37441678920643,
    "estimated_arrival_rate": 0.8646949003293111,
    "avg_actual_execution_time": 1.1088146924972535,
    "effective_load": 0.9587864100125884,
    "throughput_p25": 0.8747599235055734,
    "throughput_p50": 0.8048230301648343,
    "throughput_p75": 0.7934048928966327
  },
  "llm_metrics": {
    "num_llm_jobs": 180,
    "avg_actual_execution_time": 1.1088146924972535,
    "std_actual_execution_time": 0.4253486728002265,
    "avg_output_token_length": 54.51111111111111,
    "std_output_token_length": 21.03105874887818,
    "cache_hit_count": 180,
    "cache_hit_rate": 1.0,
    "fallback_used_count": 0,
    "error_count": 0,
    "prediction_accuracy": {
      "avg_absolute_error": 0.24265482959747328,
      "std_absolute_error": 0.176160374414787,
      "avg_relative_error": 0.23260826846767596,
      "median_relative_error": 0.20837443256252688,
      "max_absolute_error": 0.8483261108398437
    }
  },
  "per_emotion_class_metrics": {
    "low": {
      "count": 60,
      "avg_waiting_time": 1.1299923043179811,
      "std_waiting_time": 1.3293957980381172,
      "avg_turnaround_time": 1.7614735663660668,
      "std_turnaround_time": 1.3432298206881361,
      "avg_predicted_service_time": 0.39599999999999996,
      "avg_measured_execution_time": 0.6314812620480855,
      "p50_waiting_time": 0.47684503816116486,
      "p95_waiting_time": 3.7415951696710996,
      "p99_waiting_time": 4.583367770516264
    },
    "high": {
      "count": 60,
      "avg_waiting_time": 5.806035070454992,
      "std_waiting_time": 6.638516394510998,
      "avg_turnaround_time": 7.335590228275375,
      "std_turnaround_time": 6.644680693482522,
      "avg_predicted_service_time": 1.8040000000000005,
      "avg_measured_execution_time": 1.5295551578203836,
      "p50_waiting_time": 2.6797877528691005,
      "p95_waiting_time": 18.903741083730075,
      "p99_waiting_time": 20.463890252717395
    },
    "medium": {
      "count": 60,
      "avg_waiting_time": 2.9690031651485445,
      "std_waiting_time": 3.9570657300514314,
      "avg_turnaround_time": 4.1344108227718355,
      "std_turnaround_time": 3.9519114874699297,
      "avg_predicted_service_time": 1.0999999999999999,
      "avg_measured_execution_time": 1.165407657623291,
      "p50_waiting_time": 0.9683314954276447,
      "p95_waiting_time": 11.912587101727494,
      "p99_waiting_time": 12.447806949452174
    },
    "overall": {
      "count": 180,
      "avg_waiting_time": 2.9690031651485445,
      "avg_turnaround_time": 4.1344108227718355
    }
  },
  "fairness_analysis": {
    "waiting_time_fairness": {
      "jain_index": 0.7466161464831935,
      "per_class_values": {
        "low": 1.1299923043179811,
        "high": 5.806035070454992,
        "medium": 2.9690031651485445
      },
      "coefficient_of_variation": 0.5825601580734311,
      "max_min_ratio": 5.138119125474297,
      "mean": 3.3016768466405058,
      "std": 1.9234253856862806
    },
    "turnaround_time_fairness": {
      "jain_index": 0.7885373865882983,
      "per_class_values": {
        "low": 1.7614735663660668,
        "high": 7.335590228275375,
        "medium": 4.1344108227718355
      },
      "coefficient_of_variation": 0.5178519942218942,
      "max_min_ratio": 4.164462282229278,
      "mean": 4.41049153913776,
      "std": 2.2839818390412803
    },
    "per_class_metrics": {
      "low": {
        "count": 60,
        "avg_waiting_time": 1.1299923043179811,
        "std_waiting_time": 1.3293957980381172,
        "avg_turnaround_time": 1.7614735663660668,
        "std_turnaround_time": 1.3432298206881361,
        "avg_predicted_service_time": 0.39599999999999996,
        "avg_measured_execution_time": 0.6314812620480855,
        "p50_waiting_time": 0.47684503816116486,
        "p95_waiting_time": 3.7415951696710996,
        "p99_waiting_time": 4.583367770516264
      },
      "high": {
        "count": 60,
        "avg_waiting_time": 5.806035070454992,
        "std_waiting_time": 6.638516394510998,
        "avg_turnaround_time": 7.335590228275375,
        "std_turnaround_time": 6.644680693482522,
        "avg_predicted_service_time": 1.8040000000000005,
        "avg_measured_execution_time": 1.5295551578203836,
        "p50_waiting_time": 2.6797877528691005,
        "p95_waiting_time": 18.903741083730075,
        "p99_waiting_time": 20.463890252717395
      },
      "medium": {
        "count": 60,
        "avg_waiting_time": 2.9690031651485445,
        "std_waiting_time": 3.9570657300514314,
        "avg_turnaround_time": 4.1344108227718355,
        "std_turnaround_time": 3.9519114874699297,
        "avg_predicted_service_time": 1.0999999999999999,
        "avg_measured_execution_time": 1.165407657623291,
        "p50_waiting_time": 0.9683314954276447,
        "p95_waiting_time": 11.912587101727494,
        "p99_waiting_time": 12.447806949452174
      },
      "overall": {
        "count": 180,
        "avg_waiting_time": 2.9690031651485445,
        "avg_turnaround_time": 4.1344108227718355
      }
    },
    "arousal_valence_distribution": {
      "high_positive": 20,
      "high_neutral": 20,
      "high_negative": 20,
      "medium_positive": 20,
      "medium_neutral": 20,
      "medium_negative": 20,
      "low_positive": 20,
      "low_neutral": 20,
      "low_negative": 20,
      "total": 180
    },
    "valence_fairness": {
      "weighted_jain_index": 0.9622077275680435,
      "per_valence_values": {
        "positive": 5.380240262537564,