{
  "experiment_name": "SSJF-Emotion_180jobs_load0.90_fixed",
  "metadata": {
    "scheduler": "SSJF-Emotion",
    "num_jobs": 180,
    "mode": "fixed_jobs",
    "simulation_duration": null,
    "system_load": 0.9,
    "base_service_time": null,
    "alpha": null,
    "rho": null,
    "emotion_correlation": null,
    "enable_emotion": null,
    "arousal_noise": null,
    "random_seed": 5791,
    "starvation_threshold": null,
    "starvation_coefficient": null,
    "beta": null,
    "output_dir": "results/multi_seed_runs/seed_5791",
    "verbose": true,
    "model_name": null,
    "dataset_path": null,
    "use_cache": null,
    "force_regenerate": null,
    "device_map": null,
    "dtype": null,
    "load_in_8bit": null,
    "experiment_mode": "fixed_jobs",
    "arrival_rate": 0.8181818181818181,
    "run_metrics": {
      "total_jobs": 180,
      "total_time": 222.58979177479304,
      "throughput": 0.8086624214201,
      "avg_waiting_time": 3.0218581939046896,
      "avg_jct": 4.1306728864019435,
      "p50_waiting_time": 1.0313916939237977,
      "p95_waiting_time": 16.5488779857025,
      "p99_waiting_time": 18.439513296729896,
      "p50_jct": 2.021463913943639,
      "p95_jct": 17.83571154266477,
      "p99_jct": 20.203823155493986,
      "estimated_arrival_rate": 0.8646949003293111,
      "avg_actual_execution_time": 1.1088146924972535,
      "effective_load": 0.9587864100125884,
      "throughput_p25": 0.8700707709460437,
      "throughput_p50": 0.8048230301648343,
      "throughput_p75": 0.7934048928966327
    }
  },
  "num_jobs": 180,
  "total_run_time": 222.58979177479304,
  "overall_metrics": {
    "avg_waiting_time": 3.0218581939046896,
    "std_waiting_time": 4.670581178213937,
    "p50_waiting_time": 1.0313916939237977,
    "p95_waiting_time": 16.5488779857025,
    "p99_waiting_time": 18.439513296729896,
    "avg_turnaround_time": 4.1306728864019435,
    "std_turnaround_time": 4.896723437899886,
    "p99_turnaround_time": 20.203823155493986,
    "avg_service_time": 1.1,
    "throughput": 0.8086624214201
  },
  "run_metrics": {
    "total_jobs": 180,
    "total_time": 222.58979177479304,
    "throughput": 0.8086624214201,
    "avg_waiting_time": 3.0218581939046896,
    "avg_jct": 4.1306728864019435,
    "p50_waiting_time": 1.0313916939237977,
    "p95_waiting_time": 16.5488779857025,
    "p99_waiting_time": 18.439513296729896,
    "p50_jct": 2.021463913943639,
    "p95_jct": 17.83571154266477,
    "p99_jct": 20.203823155493986,
    "estimated_arrival_rate": 0.8646949003293111,
    "avg_actual_execution_time": 1.1088146924972535,
    "effective_load": 0.9587864100125884,
    "throughput_p25": 0.8700707709460437,
    "throughput_p50": 0.8048230301648343,
    "throughput_p75": 0.7934048928966327
  },
  "llm_metrics": {
    "num_llm_jobs": 180,
    "avg_actual_execution_time": 1.1088146924972535,
    "std_actual_execution_time": 0.4253486728002265,
    "avg_output_token_length": 54.51111111111111,
    "std_output_token_length": 21.03105874887818,
    "cache_hit_count": 180,
    "cache_hit_rate": 1.0,
    "fallback_used_count": 0,
    "error_count": 0,
    "prediction_accuracy": {
      "avg_absolute_error": 0.24265482959747328,
      "std_absolute_error": 0.176160374414787,
      "avg_relative_error": 0.23260826846767596,
      "median_relative_error": 0.20837443256252688,
      "max_absolute_error": 0.8483261108398437
    }
  },
  "per_emotion_class_metrics": {
    "low": {
      "count": 60,
      "avg_waiting_time": 0.5704778493174215,
      "std_waiting_time": 0.49721759765132784,
      "avg_turnaround_time": 1.201959111365507,
      "std_turnaround_time": 0.5123877185756974,
      "avg_predicted_service_time": 0.39599999999999996,
      "avg_measured_execution_time": 0.6314812620480855,
      "p50_waiting_time": 0.4851354175257967,
      "p95_waiting_time": 1.573523780555836,
      "p99_waiting_time": 1.9002456149956863
    },
    "high": {
      "count": 60,
      "avg_waiting_time": 7.192993959621505,
      "std_waiting_time": 6.101978064695876,
      "avg_turnaround_time": 8.72254911744189,
      "std_turnaround_time": 6.122152497463704,
      "avg_predicted_service_time": 1.8040000000000005,
      "avg_measured_execution_time": 1.5295551578203836,
      "p50_waiting_time": 5.442597381824747,
      "p95_waiting_time": 18.125106692402383,
      "p99_waiting_time": 18.564164973635787
    },
    "medium": {
      "count": 60,
      "avg_waiting_time": 1.3021027727751417,
      "std_waiting_time": 1.2634975690676238,
      "avg_turnaround_time": 2.4675104303984328,
      "std_turnaround_time": 1.3272557602619506,
      "avg_predicted_service_time": 1.0999999999999999,
      "avg_measured_execution_time": 1.165407657623291,
      "p50_waiting_time": 0.9274353945649061,
      "p95_waiting_time": 3.9363977698491963,
      "p99_waiting_time": 5.2276756876291355
    },
    "overall": {
      "count": 180,
      "avg_waiting_time": 1.3021027727751417,
      "avg_turnaround_time": 2.4675104303984328
    }
  },
  "fairness_analysis": {
    "waiting_time_fairness": {
      "jain_index": 0.5095766503558782,
      "per_class_values": {
        "low": 0.5704778493174215,
        "high": 7.192993959621505,
        "medium": 1.3021027727751417
      },
      "coefficient_of_variation": 0.9810266600837355,
      "max_min_ratio": 12.608717355508096,
      "mean": 3.0218581939046896,
      "std": 2.9645234512129868
    },
    "turnaround_time_fairness": {
      "jain_index": 0.6121707258584154,
      "per_class_values": {
        "low": 1.201959111365507,
        "high": 8.72254911744189,
        "medium": 2.4675104303984328
      },
      "coefficient_of_variation": 0.7959467519818609,
      "max_min_ratio": 7.256943297790291,
      "mean": 4.1306728864019435,
      "std": 3.2877956674311655
    },
    "per_class_metrics": {
      "low": {
        "count": 60,
        "avg_waiting_time": 0.5704778493174215,
        "std_waiting_time": 0.49721759765132784,
        "avg_turnaround_time": 1.201959111365507,
        "std_turnaround_time": 0.5123877185756974,
        "avg_predicted_service_time": 0.39599999999999996,
        "avg_measured_execution_time": 0.6314812620480855,
        "p50_waiting_time": 0.4851354175257967,
        "p95_waiting_time": 1.573523780555836,
        "p99_waiting_time": 1.9002456149956863
      },
      "high": {
        "count": 60,
        "avg_waiting_time": 7.192993959621505,
        "std_waiting_time": 6.101978064695876,
        "avg_turnaround_time": 8.72254911744189,
        "std_turnaround_time": 6.122152497463704,
        "avg_predicted_service_time": 1.8040000000000005,
        "avg_measured_execution_time": 1.5295551578203836,
        "p50_waiting_time": 5.442597381824747,
        "p95_waiting_time": 18.125106692402383,
        "p99_waiting_time": 18.564164973635787
      },
      "medium": {
        "count": 60,
        "avg_waiting_time": 1.3021027727751417,
        "std_waiting_time": 1.2634975690676238,
        "avg_turnaround_time": 2.4675104303984328,
        "std_turnaround_time": 1.3272557602619506,
        "avg_predicted_service_time": 1.0999999999999999,
        "avg_measured_execution_time": 1.165407657623291,
        "p50_waiting_time": 0.9274353945649061,
        "p95_waiting_time": 3.9363977698491963,
        "p99_waiting_time": 5.2276756876291355
      },
      "overall": {
        "count": 180,
        "avg_waiting_time": 1.3021027727751417,
        "avg_turnaround_time": 2.4675104303984328
      }
    },
    "arousal_valence_distribution": {
      "high_positive": 20,
      "high_neutral": 20,
      "high_negative": 20,
      "medium_positive": 20,
      "medium_neutral": 20,
      "medium_negative": 20,
      "low_positive": 20,
      "low_neutral": 20,
      "low_negative": 20,
      "total": 180
    }
  }
}