{
  "experiment_name": "AW-SSJF_80jobs_load0.90_fixed",
  "metadata": {
    "scheduler": "AW-SSJF",
    "num_jobs": 80,
    "mode": "fixed_jobs",
    "simulation_duration": null,
    "system_load": 0.9,
    "base_service_time": null,
    "w_max": 2.0,
    "p": 1.0,
    "q": 1.0,
    "use_confidence": true,
    "weight_exponent": 4.0,
    "gamma_panic": null,
    "gamma_dep": null,
    "weight_mode": null,
    "adaptive_k": null,
    "adaptive_k_min": null,
    "adaptive_k_max": null,
    "adaptive_k_high_threshold": null,
    "adaptive_k_low_threshold": null,
    "enable_emotion": null,
    "arousal_noise": 0.0,
    "random_seed": 42,
    "starvation_threshold": null,
    "starvation_coefficient": null,
    "output_dir": "results/experiments/defense/A3/noise_0.0",
    "verbose": null,
    "model_name": null,
    "dataset_path": null,
    "use_cache": null,
    "force_regenerate": null,
    "device_map": null,
    "dtype": null,
    "load_in_8bit": null,
    "use_oracle_service_time": null,
    "disable_predictor": null,
    "force_new_job_config": true,
    "use_saved_job_config": null,
    "experiment_mode": "fixed_jobs",
    "arrival_rate": 0.45,
    "run_metrics": {
      "total_jobs": 80,
      "total_time": 222.41418392851796,
      "throughput": 0.3596892904353228,
      "avg_waiting_time": 25.60792234495697,
      "avg_jct": 28.246716638956645,
      "p50_waiting_time": 10.383056150399938,
      "p95_waiting_time": 108.21057016678692,
      "p99_waiting_time": 151.35309367631174,
      "p50_jct": 13.65669364458945,
      "p95_jct": 112.11847848721386,
      "p99_jct": 156.59943962786892,
      "estimated_arrival_rate": 0.4775629988044028,
      "avg_actual_execution_time": 2.638794293999672,
      "effective_load": 1.2601905162704303,
      "throughput_p25": 0.3504502631209861,
      "throughput_p50": 0.36394193366314176,
      "throughput_p75": 0.3544925687236238,
      "aw_jct": 24.980409068468674
    }
  },
  "num_jobs": 80,
  "total_run_time": 222.41418392851796,
  "overall_metrics": {
    "avg_waiting_time": 25.60792234495697,
    "std_waiting_time": 34.879364833738585,
    "p50_waiting_time": 10.383056150399938,
    "p95_waiting_time": 108.21057016678692,
    "p99_waiting_time": 151.35309367631174,
    "avg_turnaround_time": 28.246716638956645,
    "std_turnaround_time": 35.21443565466139,
    "p99_turnaround_time": 156.59943962786892,
    "avg_service_time": 2.163803407669067,
    "throughput": 0.3596892904353228,
    "aw_jct": 24.980409068468674,
    "total_affect_weight": 104.1098842737755,
    "avg_affect_weight": 1.3013735534221937
  },
  "run_metrics": {
    "total_jobs": 80,
    "total_time": 222.41418392851796,
    "throughput": 0.3596892904353228,
    "avg_waiting_time": 25.60792234495697,
    "avg_jct": 28.246716638956645,
    "p50_waiting_time": 10.383056150399938,
    "p95_waiting_time": 108.21057016678692,
    "p99_waiting_time": 151.35309367631174,
    "p50_jct": 13.65669364458945,
    "p95_jct": 112.11847848721386,
    "p99_jct": 156.59943962786892,
    "estimated_arrival_rate": 0.4775629988044028,
    "avg_actual_execution_time": 2.638794293999672,
    "effective_load": 1.2601905162704303,
    "throughput_p25": 0.3504502631209861,
    "throughput_p50": 0.36394193366314176,
    "throughput_p75": 0.3544925687236238,
    "aw_jct": 24.980409068468674
  },
  "llm_metrics": {
    "num_llm_jobs": 80,
    "avg_actual_execution_time": 2.638794293999672,
    "std_actual_execution_time": 1.2524098634091374,
    "avg_output_token_length": 128.625,
    "std_output_token_length": 61.22057966893159,
    "cache_hit_count": 0,
    "cache_hit_rate": 0.0,
    "fallback_used_count": 0,
    "error_count": 0,
    "prediction_accuracy": {
      "avg_absolute_error": 1.011131133198738,
      "std_absolute_error": 0.9012496137287791,
      "avg_relative_error": 0.4383873455205955,
      "median_relative_error": 0.3243627946682821,
      "max_absolute_error": 3.877137565612793
    }
  },
  "per_emotion_class_metrics": {
    "depression": {
      "count": 20,
      "avg_waiting_time": 10.65973099702348,
      "std_waiting_time": 8.50276907259902,
      "avg_turnaround_time": 13.315107145247357,
      "std_turnaround_time": 8.733800002220534,
      "avg_predicted_service_time": 2.2728546142578123,
      "avg_measured_execution_time": 2.655376148223877,
      "avg_affect_weight": 1.7143353566673862,
      "p50_waiting_time": 7.74094942331817,
      "p95_waiting_time": 27.244632765333826,
      "p99_waiting_time": 29.863224420379357
    },
    "panic": {
      "count": 20,
      "avg_waiting_time": 12.902634206759018,
      "std_waiting_time": 10.733963203368624,
      "avg_turnaround_time": 15.488462654100937,
      "std_turnaround_time": 11.131246444682215,
      "avg_predicted_service_time": 2.392194450378418,
      "avg_measured_execution_time": 2.585828447341919,
      "avg_affect_weight": 1.4071937119871893,
      "p50_waiting_time": 9.101145623498148,
      "p95_waiting_time": 35.332286786671844,
      "p99_waiting_time": 41.94559222325294
    },
    "excited": {
      "count": 20,
      "avg_waiting_time": 38.36353394184524,
      "std_waiting_time": 43.550135484791596,
      "avg_turnaround_time": 41.09671037588531,
      "std_turnaround_time": 44.28145823791888,
      "avg_predicted_service_time": 2.0685425910949706,
      "avg_measured_execution_time": 2.7331764340400695,
      "avg_affect_weight": 1.0236754560750314,
      "p50_waiting_time": 23.666257813996957,
      "p95_waiting_time": 121.06185917979916,
      "p99_waiting_time": 141.71997018342935
    },
    "calm": {
      "count": 20,
      "avg_waiting_time": 40.50579023420014,
      "std_waiting_time": 44.86230210341592,
      "avg_turnaround_time": 43.08658638059296,
      "std_turnaround_time": 45.0347019589894,
      "avg_predicted_service_time": 1.9216219749450687,
      "avg_measured_execution_time": 2.580796146392822,
      "avg_affect_weight": 1.060289688959168,
      "p50_waiting_time": 22.873461698280543,
      "p95_waiting_time": 113.13707926217356,
      "p99_waiting_time": 157.15823607409445
    },
    "overall": {
      "count": 80,
      "avg_waiting_time": 25.607922344956968,
      "avg_turnaround_time": 28.246716638956638
    }
  },
  "per_quadrant_metrics": {
    "excited": {
      "count": 20,
      "avg_waiting_time": 38.36353394184524,
      "p50_waiting_time": 23.666257813996957,
      "p99_waiting_time": 141.71997018342935,
      "avg_jct": 41.09671037588531,
      "p99_jct": 146.31967753654442,
      "avg_affect_weight": 1.0236754560750314
    },
    "calm": {
      "count": 20,
      "avg_waiting_time": 40.50579023420014,
      "p50_waiting_time": 22.873461698280543,
      "p99_waiting_time": 157.15823607409445,
      "avg_jct": 43.08658638059296,
      "p99_jct": 161.84294618809668,
      "avg_affect_weight": 1.060289688959168
    },
    "panic": {
      "count": 20,
      "avg_waiting_time": 12.902634206759018,
      "p50_waiting_time": 9.101145623498148,
      "p99_waiting_time": 41.94559222325294,
      "avg_jct": 15.488462654100937,
      "p99_jct": 44.49972870692222,
      "avg_affect_weight": 1.4071937119871893
    },
    "depression": {
      "count": 20,
      "avg_waiting_time": 10.65973099702348,
      "p50_waiting_time": 7.74094942331817,
      "p99_waiting_time": 29.863224420379357,
      "avg_jct": 13.315107145247357,
      "p99_jct": 33.49215767128344,
      "avg_affect_weight": 1.7143353566673862
    }
  },
  "fairness_analysis": {
    "waiting_time_fairness": {
      "jain_index": 0.773174651978285,
      "per_quadrant_values": {
        "depression": 10.65973099702348,
        "panic": 12.902634206759018,
        "excited": 38.36353394184524,
        "calm": 40.50579023420014
      },
      "coefficient_of_variation": 0.5416353353019787,
      "max_min_ratio": 3.7998885943285607,
      "depression_vs_others": 0.34846366531350476,
      "mean": 25.607922344956968,
      "std": 13.8701556056978
    },