{
  "experiment_name": "AW-SSJF_80jobs_load0.90_fixed",
  "metadata": {
    "scheduler": "AW-SSJF",
    "num_jobs": 80,
    "mode": "fixed_jobs",
    "simulation_duration": null,
    "system_load": 0.9,
    "base_service_time": null,
    "w_max": 2.0,
    "p": 1.0,
    "q": 1.0,
    "use_confidence": true,
    "weight_exponent": 4.0,
    "gamma_panic": null,
    "gamma_dep": null,
    "weight_mode": null,
    "adaptive_k": null,
    "adaptive_k_min": 1.0,
    "adaptive_k_max": 4.0,
    "adaptive_k_high_threshold": 10,
    "adaptive_k_low_threshold": 3,
    "enable_emotion": null,
    "arousal_noise": null,
    "random_seed": 42,
    "starvation_threshold": 30.0,
    "starvation_coefficient": 5.0,
    "output_dir": "results/experiments/defense/A1/threshold_30_coef_5",
    "verbose": null,
    "model_name": null,
    "dataset_path": null,
    "use_cache": null,
    "force_regenerate": null,
    "device_map": null,
    "dtype": null,
    "load_in_8bit": null,
    "force_new_job_config": null,
    "use_saved_job_config": true,
    "experiment_mode": "fixed_jobs",
    "arrival_rate": 0.45,
    "run_metrics": {
      "total_jobs": 80,
      "total_time": 221.43779022887196,
      "throughput": 0.3612752815014737,
      "avg_waiting_time": 28.466231640730474,
      "avg_jct": 31.09189475730476,
      "p50_waiting_time": 34.08346767815625,
      "p95_waiting_time": 52.01943655121871,
      "p99_waiting_time": 53.798035055798536,
      "p50_jct": 37.25405908569517,
      "p95_jct": 53.88616228333923,
      "p99_jct": 55.31331908623601,
      "estimated_arrival_rate": 0.4775629988044028,
      "avg_actual_execution_time": 2.6256631165742874,
      "effective_load": 1.2539195518013309,
      "throughput_p25": 0.3548910384338197,
      "throughput_p50": 0.3594906660077731,
      "throughput_p75": 0.3528617834699219,
      "aw_jct": 31.412268632021693
    }
  },
  "num_jobs": 80,
  "total_run_time": 221.43779022887196,
  "overall_metrics": {
    "avg_waiting_time": 28.466231640730474,
    "std_waiting_time": 17.92059849075673,
    "p50_waiting_time": 34.08346767815625,
    "p95_waiting_time": 52.01943655121871,
    "p99_waiting_time": 53.798035055798536,
    "avg_turnaround_time": 31.09189475730476,
    "std_turnaround_time": 18.08743771588111,
    "p99_turnaround_time": 55.31331908623601,
    "avg_service_time": 2.163803407669067,
    "throughput": 0.3612752815014737,
    "aw_jct": 31.412268632021693,
    "total_affect_weight": 104.1098842737755,
    "avg_affect_weight": 1.3013735534221937
  },
  "run_metrics": {
    "total_jobs": 80,
    "total_time": 221.43779022887196,
    "throughput": 0.3612752815014737,
    "avg_waiting_time": 28.466231640730474,
    "avg_jct": 31.09189475730476,
    "p50_waiting_time": 34.08346767815625,
    "p95_waiting_time": 52.01943655121871,
    "p99_waiting_time": 53.798035055798536,
    "p50_jct": 37.25405908569517,
    "p95_jct": 53.88616228333923,
    "p99_jct": 55.31331908623601,
    "estimated_arrival_rate": 0.4775629988044028,
    "avg_actual_execution_time": 2.6256631165742874,
    "effective_load": 1.2539195518013309,
    "throughput_p25": 0.3548910384338197,
    "throughput_p50": 0.3594906660077731,
    "throughput_p75": 0.3528617834699219,
    "aw_jct": 31.412268632021693
  },
  "llm_metrics": {
    "num_llm_jobs": 80,
    "avg_actual_execution_time": 2.6256631165742874,
    "std_actual_execution_time": 1.2434410104393874,
    "avg_output_token_length": 128.625,
    "std_output_token_length": 61.22057966893159,
    "cache_hit_count": 0,
    "cache_hit_rate": 0.0,
    "fallback_used_count": 0,
    "error_count": 0,
    "prediction_accuracy": {
      "avg_absolute_error": 1.0016654208898543,
      "std_absolute_error": 0.894587928735088,
      "avg_relative_error": 0.43800157495553593,
      "median_relative_error": 0.31966758373886006,
      "max_absolute_error": 3.847847604751587
    }
  },
  "per_emotion_class_metrics": {
    "depression": {
      "count": 20,
      "avg_waiting_time": 31.428275778231516,
      "std_waiting_time": 18.423810123262744,
      "avg_turnaround_time": 34.07245536082734,
      "std_turnaround_time": 18.521288309548645,
      "avg_predicted_service_time": 2.2728546142578123,
      "avg_measured_execution_time": 2.644179582595825,
      "avg_affect_weight": 1.7143353566673867,
      "p50_waiting_time": 35.26513939069151,
      "p95_waiting_time": 49.895113611848195,
      "p99_waiting_time": 51.905094785930714
    },
    "panic": {
      "count": 20,
      "avg_waiting_time": 29.467566112028642,
      "std_waiting_time": 18.20644444950405,
      "avg_turnaround_time": 32.03999247883467,
      "std_turnaround_time": 18.416394383044803,
      "avg_predicted_service_time": 2.392194450378418,
      "avg_measured_execution_time": 2.57242636680603,
      "avg_affect_weight": 1.4071937119871893,
      "p50_waiting_time": 36.05828646598054,
      "p95_waiting_time": 52.83838184307193,
      "p99_waiting_time": 54.313089692174565
    },
    "excited": {
      "count": 20,
      "avg_waiting_time": 25.466803232769315,
      "std_waiting_time": 17.038939134399513,
      "avg_turnaround_time": 28.185686508755033,
      "std_turnaround_time": 17.297016526113122,
      "avg_predicted_service_time": 2.0685425910949706,
      "avg_measured_execution_time": 2.7188832759857178,
      "avg_affect_weight": 1.0236754560750314,
      "p50_waiting_time": 31.480882062850306,
      "p95_waiting_time": 46.91138275705282,
      "p99_waiting_time": 49.97477375709263
    },
    "calm": {
      "count": 20,
      "avg_waiting_time": 27.502281439892432,
      "std_waiting_time": 17.425625048498784,
      "avg_turnaround_time": 30.069444680802007,
      "std_turnaround_time": 17.54876200014964,
      "avg_predicted_service_time": 1.9216219749450683,
      "avg_measured_execution_time": 2.5671632409095766,
      "avg_affect_weight": 1.060289688959168,
      "p50_waiting_time": 33.27033070968185,
      "p95_waiting_time": 51.56959064002985,
      "p99_waiting_time": 53.16441337698217
    },
    "overall": {
      "count": 80,
      "avg_waiting_time": 28.466231640730474,
      "avg_turnaround_time": 31.09189475730476
    }
  },
  "per_quadrant_metrics": {
    "excited": {
      "count": 20,
      "avg_waiting_time": 25.466803232769315,
      "p50_waiting_time": 31.480882062850306,
      "p99_waiting_time": 49.97477375709263,
      "avg_jct": 28.185686508755033,
      "p99_jct": 51.562624013058816,
      "avg_affect_weight": 1.0236754560750314
    },
    "calm": {
      "count": 20,
      "avg_waiting_time": 27.502281439892432,
      "p50_waiting_time": 33.27033070968185,
      "p99_waiting_time": 53.16441337698217,
      "avg_jct": 30.069444680802007,
      "p99_jct": 54.94938231185146,
      "avg_affect_weight": 1.060289688959168
    },
    "panic": {
      "count": 20,
      "avg_waiting_time": 29.467566112028642,
      "p50_waiting_time": 36.05828646598054,
      "p99_waiting_time": 54.313089692174565,
      "avg_jct": 32.03999247883467,
      "p99_jct": 56.261153239785806,
      "avg_affect_weight": 1.4071937119871893
    },
    "depression": {
      "count": 20,
      "avg_waiting_time": 31.428275778231516,
      "p50_waiting_time": 35.26513939069151,
      "p99_waiting_time": 51.905094785930714,
      "avg_jct": 34.07245536082734,
      "p99_jct": 53.75266009354791,
      "avg_affect_weight": 1.7143353566673867
    }
  },
  "fairness_analysis": {
    "waiting_time_fairness": {
      "jain_index": 0.9939582638722431,
      "per_quadrant_values": {
        "depression": 31.428275778231516,
        "panic": 29.467566112028642,
        "excited": 25.466803232769315,
        "calm": 27.502281439892432
      },
      "coefficient_of_variation": 0.07796448282814497,
      "max_min_ratio": 1.2340879807714262,
      "depression_vs_others": 1.1437246229343967,
      "mean": 28.466231640730474,
      "std": 2.219355027935728
    },
    "turnaround_time_fairness": {
      "jain_index": 0.9950402479465662,