{
  "experiment_name": "SSJF-Valence_180jobs_load0.90_fixed",
  "metadata": {
    "scheduler": "SSJF-Valence",
    "num_jobs": 180,
    "mode": "fixed_jobs",
    "simulation_duration": null,
    "system_load": 0.9,
    "base_service_time": null,
    "alpha": null,
    "rho": null,
    "emotion_correlation": null,
    "enable_emotion": null,
    "arousal_noise": null,
    "random_seed": 2345,
    "starvation_threshold": null,
    "starvation_coefficient": null,
    "beta": null,
    "output_dir": "results/multi_seed_runs/seed_2345",
    "verbose": true,
    "model_name": null,
    "dataset_path": null,
    "use_cache": null,
    "force_regenerate": null,
    "device_map": null,
    "dtype": null,
    "load_in_8bit": null,
    "experiment_mode": "fixed_jobs",
    "arrival_rate": 0.8181818181818181,
    "run_metrics": {
      "total_jobs": 180,
      "total_time": 242.84427984831828,
      "throughput": 0.7412157293242768,
      "avg_waiting_time": 3.602023255341674,
      "avg_jct": 4.745199299699822,
      "p50_waiting_time": 0.9543085236797992,
      "p95_waiting_time": 20.961966799796656,
      "p99_waiting_time": 24.354755249394334,
      "p50_jct": 2.0626182675632876,
      "p95_jct": 22.52261427713628,
      "p99_jct": 25.31667165531801,
      "estimated_arrival_rate": 0.7497265636692345,
      "avg_actual_execution_time": 1.1431760443581476,
      "effective_load": 0.8570694474056224,
      "throughput_p25": 0.6628319172598439,
      "throughput_p50": 0.7322338390568857,
      "throughput_p75": 0.7744456876455055
    },
    "valence_beta": 0.8
  },
  "num_jobs": 180,
  "total_run_time": 242.84427984831828,
  "overall_metrics": {
    "avg_waiting_time": 3.602023255341674,
    "std_waiting_time": 6.652657145467331,
    "p50_waiting_time": 0.9543085236797992,
    "p95_waiting_time": 20.961966799796656,
    "p99_waiting_time": 24.354755249394334,
    "avg_turnaround_time": 4.745199299699822,
    "std_turnaround_time": 6.6143942526098005,
    "p99_turnaround_time": 25.31667165531801,
    "avg_service_time": 1.1,
    "throughput": 0.7412157293242768
  },
  "run_metrics": {
    "total_jobs": 180,
    "total_time": 242.84427984831828,
    "throughput": 0.7412157293242768,
    "avg_waiting_time": 3.602023255341674,
    "avg_jct": 4.745199299699822,
    "p50_waiting_time": 0.9543085236797992,
    "p95_waiting_time": 20.961966799796656,
    "p99_waiting_time": 24.354755249394334,
    "p50_jct": 2.0626182675632876,
    "p95_jct": 22.52261427713628,
    "p99_jct": 25.31667165531801,
    "estimated_arrival_rate": 0.7497265636692345,
    "avg_actual_execution_time": 1.1431760443581476,
    "effective_load": 0.8570694474056224,
    "throughput_p25": 0.6628319172598439,
    "throughput_p50": 0.7322338390568857,
    "throughput_p75": 0.7744456876455055
  },
  "llm_metrics": {
    "num_llm_jobs": 180,
    "avg_actual_execution_time": 1.1431760443581476,
    "std_actual_execution_time": 0.6193084754643752,
    "avg_output_token_length": 56.13333333333333,
    "std_output_token_length": 30.35226515435051,
    "cache_hit_count": 180,
    "cache_hit_rate": 1.0,
    "fallback_used_count": 0,
    "error_count": 0,
    "prediction_accuracy": {
      "avg_absolute_error": 0.25877048859066437,
      "std_absolute_error": 0.44648255648981156,
      "avg_relative_error": 0.21987001983914745,
      "median_relative_error": 0.18110652408798003,
      "max_absolute_error": 5.6357909679412845
    }
  },
  "per_emotion_class_metrics": {
    "medium": {
      "count": 60,
      "avg_waiting_time": 2.6785208978174495,
      "std_waiting_time": 4.936351697227505,
      "avg_turnaround_time": 3.951291123819189,
      "std_turnaround_time": 4.916935084702914,
      "avg_predicted_service_time": 1.0999999999999999,
      "avg_measured_execution_time": 1.2727702260017395,
      "p50_waiting_time": 1.0145307202894873,
      "p95_waiting_time": 15.011701478370574,
      "p99_waiting_time": 21.26602067130866
    },
    "low": {
      "count": 60,
      "avg_waiting_time": 4.41352022776357,
      "std_waiting_time": 7.198902476097362,
      "avg_turnaround_time": 5.013018869254506,
      "std_turnaround_time": 7.162075423049281,
      "avg_predicted_service_time": 0.39599999999999996,
      "avg_measured_execution_time": 0.5994986414909362,
      "p50_waiting_time": 1.2093760987052349,
      "p95_waiting_time": 23.974281393366052,
      "p99_waiting_time": 24.178334176475413
    },
    "high": {
      "count": 60,
      "avg_waiting_time": 3.7140286404440035,
      "std_waiting_time": 7.4200975195368155,
      "avg_turnaround_time": 5.271287906025771,
      "std_turnaround_time": 7.402720598467238,
      "avg_predicted_service_time": 1.8040000000000005,
      "avg_measured_execution_time": 1.5572592655817667,
      "p50_waiting_time": 0.7738475409945593,
      "p95_waiting_time": 21.589810651750305,
      "p99_waiting_time": 27.89555649393901
    },
    "overall": {
      "count": 180,
      "avg_waiting_time": 3.714028640444003,
      "avg_turnaround_time": 5.271287906025771
    }
  },
  "fairness_analysis": {
    "waiting_time_fairness": {
      "jain_index": 0.9623234135323441,
      "per_class_values": {
        "medium": 2.6785208978174495,
        "low": 4.41352022776357,
        "high": 3.7140286404440035
      },
      "coefficient_of_variation": 0.1978678560115791,
      "max_min_ratio": 1.6477453027750715,
      "mean": 3.602023255341674,
      "std": 0.7127246188383058
    },
    "turnaround_time_fairness": {
      "jain_index": 0.9857173009830444,
      "per_class_values": {
        "medium": 3.951291123819189,
        "low": 5.013018869254506,
        "high": 5.271287906025771
      },
      "coefficient_of_variation": 0.12037296345733664,
      "max_min_ratio": 1.3340672050837692,
      "mean": 4.745199299699822,
      "std": 0.5711937019005461
    },
    "per_class_metrics": {
      "medium": {
        "count": 60,
        "avg_waiting_time": 2.6785208978174495,
        "std_waiting_time": 4.936351697227505,
        "avg_turnaround_time": 3.951291123819189,
        "std_turnaround_time": 4.916935084702914,
        "avg_predicted_service_time": 1.0999999999999999,
        "avg_measured_execution_time": 1.2727702260017395,
        "p50_waiting_time": 1.0145307202894873,
        "p95_waiting_time": 15.011701478370574,
        "p99_waiting_time": 21.26602067130866
      },
      "low": {
        "count": 60,
        "avg_waiting_time": 4.41352022776357,
        "std_waiting_time": 7.198902476097362,
        "avg_turnaround_time": 5.013018869254506,
        "std_turnaround_time": 7.162075423049281,
        "avg_predicted_service_time": 0.39599999999999996,
        "avg_measured_execution_time": 0.5994986414909362,
        "p50_waiting_time": 1.2093760987052349,
        "p95_waiting_time": 23.974281393366052,
        "p99_waiting_time": 24.178334176475413
      },
      "high": {
        "count": 60,
        "avg_waiting_time": 3.7140286404440035,
        "std_waiting_time": 7.4200975195368155,
        "avg_turnaround_time": 5.271287906025771,
        "std_turnaround_time": 7.402720598467238,
        "avg_predicted_service_time": 1.8040000000000005,
        "avg_measured_execution_time": 1.5572592655817667,
        "p50_waiting_time": 0.7738475409945593,
        "p95_waiting_time": 21.589810651750305,
        "p99_waiting_time": 27.89555649393901
      },
      "overall": {
        "count": 180,
        "avg_waiting_time": 3.714028640444003,
        "avg_turnaround_time": 5.271287906025771
      }
    },
    "arousal_valence_distribution": {
      "high_positive": 20,
      "high_neutral": 20,
      "high_negative": 20,
      "medium_positive": 20,
      "medium_neutral": 20,
      "medium_negative": 20,
      "low_positive": 20,
      "low_neutral": 20,
      "low_negative": 20,
      "total": 180
    },
    "valence_fairness": {
      "weighted_jain_index": 0.7890665469127238,
      "per_valence_values": {
        "neutral": 1.2490672606559314,