{
  "experiment_name": "AW-SSJF_80jobs_load0.90_fixed",
  "metadata": {
    "scheduler": "AW-SSJF",
    "num_jobs": 80,
    "mode": "fixed_jobs",
    "simulation_duration": null,
    "system_load": 0.9,
    "base_service_time": null,
    "w_max": 2.0,
    "p": 1.0,
    "q": 1.0,
    "use_confidence": true,
    "weight_exponent": 4.0,
    "gamma_panic": null,
    "gamma_dep": null,
    "weight_mode": null,
    "adaptive_k": null,
    "adaptive_k_min": null,
    "adaptive_k_max": null,
    "adaptive_k_high_threshold": null,
    "adaptive_k_low_threshold": null,
    "enable_emotion": null,
    "arousal_noise": null,
    "random_seed": 42,
    "starvation_threshold": 60.0,
    "starvation_coefficient": 4.0,
    "output_dir": "results/experiments/defense/A1/threshold_60_coef_4",
    "verbose": null,
    "model_name": null,
    "dataset_path": null,
    "use_cache": null,
    "force_regenerate": null,
    "device_map": null,
    "dtype": null,
    "load_in_8bit": null,
    "force_new_job_config": null,
    "use_saved_job_config": true,
    "experiment_mode": "fixed_jobs",
    "arrival_rate": 0.45,
    "run_metrics": {
      "total_jobs": 80,
      "total_time": 221.6800182600304,
      "throughput": 0.3608805188123004,
      "avg_waiting_time": 27.575108235631557,
      "avg_jct": 30.203256809268566,
      "p50_waiting_time": 15.330033800970398,
      "p95_waiting_time": 68.54486847500145,
      "p99_waiting_time": 69.76400276158833,
      "p50_jct": 18.730440522484308,
      "p95_jct": 70.26579372422499,
      "p99_jct": 72.81206378561197,
      "estimated_arrival_rate": 0.4775629988044028,
      "avg_actual_execution_time": 2.6281485736370085,
      "effective_load": 1.2551065141296036,
      "throughput_p25": 0.3509537776369703,
      "throughput_p50": 0.35360368902779277,
      "throughput_p75": 0.36039747432060865,
      "aw_jct": 28.07785791643503
    }
  },
  "num_jobs": 80,
  "total_run_time": 221.6800182600304,
  "overall_metrics": {
    "avg_waiting_time": 27.575108235631557,
    "std_waiting_time": 25.10698346511234,
    "p50_waiting_time": 15.330033800970398,
    "p95_waiting_time": 68.54486847500145,
    "p99_waiting_time": 69.76400276158833,
    "avg_turnaround_time": 30.203256809268566,
    "std_turnaround_time": 25.33241538430878,
    "p99_turnaround_time": 72.81206378561197,
    "avg_service_time": 2.163803407669067,
    "throughput": 0.3608805188123004,
    "aw_jct": 28.07785791643503,
    "total_affect_weight": 104.1098842737755,
    "avg_affect_weight": 1.3013735534221937
  },
  "run_metrics": {
    "total_jobs": 80,
    "total_time": 221.6800182600304,
    "throughput": 0.3608805188123004,
    "avg_waiting_time": 27.575108235631557,
    "avg_jct": 30.203256809268566,
    "p50_waiting_time": 15.330033800970398,
    "p95_waiting_time": 68.54486847500145,
    "p99_waiting_time": 69.76400276158833,
    "p50_jct": 18.730440522484308,
    "p95_jct": 70.26579372422499,
    "p99_jct": 72.81206378561197,
    "estimated_arrival_rate": 0.4775629988044028,
    "avg_actual_execution_time": 2.6281485736370085,
    "effective_load": 1.2551065141296036,
    "throughput_p25": 0.3509537776369703,
    "throughput_p50": 0.35360368902779277,
    "throughput_p75": 0.36039747432060865,
    "aw_jct": 28.07785791643503
  },
  "llm_metrics": {
    "num_llm_jobs": 80,
    "avg_actual_execution_time": 2.6281485736370085,
    "std_actual_execution_time": 1.24822821223994,
    "avg_output_token_length": 128.625,
    "std_output_token_length": 61.22057966893159,
    "cache_hit_count": 0,
    "cache_hit_rate": 0.0,
    "fallback_used_count": 0,
    "error_count": 0,
    "prediction_accuracy": {
      "avg_absolute_error": 1.0050841019153594,
      "std_absolute_error": 0.897355409474353,
      "avg_relative_error": 0.43886140064258167,
      "median_relative_error": 0.32103587079482176,
      "max_absolute_error": 3.8625332355499267
    }
  },
  "per_emotion_class_metrics": {
    "depression": {
      "count": 20,
      "avg_waiting_time": 16.42504143947114,
      "std_waiting_time": 16.729431554344316,
      "avg_turnaround_time": 19.06792657607545,
      "std_turnaround_time": 16.858055806215756,
      "avg_predicted_service_time": 2.2728546142578123,
      "avg_measured_execution_time": 2.642885136604309,
      "avg_affect_weight": 1.7143353566673862,
      "p50_waiting_time": 10.280258898102645,
      "p95_waiting_time": 58.289181443731955,
      "p99_waiting_time": 60.189372200797756
    },
    "panic": {
      "count": 20,
      "avg_waiting_time": 23.33260373209624,
      "std_waiting_time": 23.57231730333786,
      "avg_turnaround_time": 25.90912705992369,
      "std_turnaround_time": 23.781396167229268,
      "avg_predicted_service_time": 2.3921944503784176,
      "avg_measured_execution_time": 2.5765233278274535,
      "avg_affect_weight": 1.4071937119871893,
      "p50_waiting_time": 12.933317531793211,
      "p95_waiting_time": 69.68399525696823,
      "p99_waiting_time": 70.06403090391373
    },
    "excited": {
      "count": 20,
      "avg_waiting_time": 34.4010429421466,
      "std_waiting_time": 27.880631279201108,
      "avg_turnaround_time": 37.124084250072784,
      "std_turnaround_time": 28.383899489793823,
      "avg_predicted_service_time": 2.0685425910949706,
      "avg_measured_execution_time": 2.723041307926178,
      "avg_affect_weight": 1.0236754560750314,
      "p50_waiting_time": 40.61202271003894,
      "p95_waiting_time": 65.38302877275048,
      "p99_waiting_time": 68.31593376083815
    },
    "calm": {
      "count": 20,
      "avg_waiting_time": 36.141744828812264,
      "std_waiting_time": 25.422064629050322,
      "avg_turnaround_time": 38.711889351002355,
      "std_turnaround_time": 25.471565861478453,
      "avg_predicted_service_time": 1.9216219749450683,
      "avg_measured_execution_time": 2.570144522190094,
      "avg_affect_weight": 1.060289688959168,
      "p50_waiting_time": 34.45014655099595,
      "p95_waiting_time": 67.72569080720132,
      "p99_waiting_time": 68.35979961374213
    },
    "overall": {
      "count": 80,
      "avg_waiting_time": 27.575108235631557,
      "avg_turnaround_time": 30.203256809268566
    }
  },
  "per_quadrant_metrics": {
    "excited": {
      "count": 20,
      "avg_waiting_time": 34.4010429421466,
      "p50_waiting_time": 40.61202271003894,
      "p99_waiting_time": 68.31593376083815,
      "avg_jct": 37.124084250072784,
      "p99_jct": 71.80522739096129,
      "avg_affect_weight": 1.0236754560750314
    },
    "calm": {
      "count": 20,
      "avg_waiting_time": 36.141744828812264,
      "p50_waiting_time": 34.45014655099595,
      "p99_waiting_time": 68.35979961374213,
      "avg_jct": 38.711889351002355,
      "p99_jct": 70.07547162734087,
      "avg_affect_weight": 1.060289688959168
    },
    "panic": {
      "count": 20,
      "avg_waiting_time": 23.33260373209624,
      "p50_waiting_time": 12.933317531793211,
      "p99_waiting_time": 70.06403090391373,
      "avg_jct": 25.90912705992369,
      "p99_jct": 74.66408996257995,
      "avg_affect_weight": 1.4071937119871893
    },
    "depression": {
      "count": 20,
      "avg_waiting_time": 16.42504143947114,
      "p50_waiting_time": 10.280258898102645,
      "p99_waiting_time": 60.189372200797756,
      "avg_jct": 19.06792657607545,
      "p99_jct": 63.79812263471957,
      "avg_affect_weight": 1.7143353566673862
    }
  },
  "fairness_analysis": {
    "waiting_time_fairness": {
      "jain_index": 0.9206067186968047,
      "per_quadrant_values": {
        "depression": 16.42504143947114,
        "panic": 23.33260373209624,
        "excited": 34.4010429421466,
        "calm": 36.141744828812264
      },
      "coefficient_of_variation": 0.2936667694830675,
      "max_min_ratio": 2.2004050925533596,
      "depression_vs_others": 0.5248992683754592,
      "mean": 27.57510823563156,
      "std": 8.09789295370385
    },
    "turnaround_time_fairness": {
      "jain_index": 0.93283447732951,