{
  "experiment_name": "SSJF-Emotion_54jobs_load1.20_fixed",
  "metadata": {
    "scheduler": "SSJF-Emotion",
    "num_jobs": 54,
    "mode": "fixed_jobs",
    "simulation_duration": null,
    "system_load": 1.2,
    "base_service_time": null,
    "alpha": null,
    "rho": null,
    "emotion_correlation": null,
    "enable_emotion": null,
    "arousal_noise": null,
    "random_seed": 1234,
    "starvation_threshold": null,
    "starvation_coefficient": null,
    "beta": null,
    "output_dir": "results/multi_seed_runs/seed_1234",
    "verbose": true,
    "model_name": null,
    "dataset_path": null,
    "use_cache": null,
    "force_regenerate": null,
    "device_map": null,
    "dtype": null,
    "load_in_8bit": null,
    "experiment_mode": "fixed_jobs",
    "arrival_rate": 0.6,
    "run_metrics": {
      "total_jobs": 54,
      "total_time": 99.43272517877263,
      "throughput": 0.5430807604127517,
      "avg_waiting_time": 2.2418852923699903,
      "avg_jct": 3.813580240425116,
      "p50_waiting_time": 0.7843302280089564,
      "p95_waiting_time": 13.405119992218513,
      "p99_waiting_time": 13.956780815674032,
      "p50_jct": 2.5395466311030654,
      "p95_jct": 15.961381881709347,
      "p99_jct": 16.070497063579293,
      "estimated_arrival_rate": 0.6376041384631043,
      "avg_actual_execution_time": 1.571694948055126,
      "effective_load": 1.002119203281502,
      "throughput_p25": 0.5150586533567302,
      "throughput_p50": 0.5632738573206497,
      "throughput_p75": 0.5394965147370256
    }
  },
  "num_jobs": 54,
  "total_run_time": 99.43272517877263,
  "overall_metrics": {
    "avg_waiting_time": 2.2418852923699903,
    "std_waiting_time": 4.040774910475842,
    "p50_waiting_time": 0.7843302280089564,
    "p95_waiting_time": 13.405119992218513,
    "p99_waiting_time": 13.956780815674032,
    "avg_turnaround_time": 3.813580240425116,
    "std_turnaround_time": 4.287931165411126,
    "p99_turnaround_time": 16.070497063579293,
    "avg_service_time": 2.0,
    "throughput": 0.5430807604127517
  },
  "run_metrics": {
    "total_jobs": 54,
    "total_time": 99.43272517877263,
    "throughput": 0.5430807604127517,
    "avg_waiting_time": 2.2418852923699903,
    "avg_jct": 3.813580240425116,
    "p50_waiting_time": 0.7843302280089564,
    "p95_waiting_time": 13.405119992218513,
    "p99_waiting_time": 13.956780815674032,
    "p50_jct": 2.5395466311030654,
    "p95_jct": 15.961381881709347,
    "p99_jct": 16.070497063579293,
    "estimated_arrival_rate": 0.6376041384631043,
    "avg_actual_execution_time": 1.571694948055126,
    "effective_load": 1.002119203281502,
    "throughput_p25": 0.5150586533567302,
    "throughput_p50": 0.5632738573206497,
    "throughput_p75": 0.5394965147370256
  },
  "llm_metrics": {
    "num_llm_jobs": 54,
    "avg_actual_execution_time": 1.571694948055126,
    "std_actual_execution_time": 0.6728852018364755,
    "avg_output_token_length": 77.31481481481481,
    "std_output_token_length": 33.28097224923868,
    "cache_hit_count": 54,
    "cache_hit_rate": 1.0,
    "fallback_used_count": 0,
    "error_count": 0,
    "prediction_accuracy": {
      "avg_absolute_error": 0.5280120863737886,
      "std_absolute_error": 0.4705869338736825,
      "avg_relative_error": 0.31083917632932306,
      "median_relative_error": 0.28610860411482303,
      "max_absolute_error": 1.6033294486999514
    }
  },
  "per_emotion_class_metrics": {
    "low": {
      "count": 18,
      "avg_waiting_time": 0.6963341852965702,
      "std_waiting_time": 0.7500871305432479,
      "avg_turnaround_time": 1.4975904975609067,
      "std_turnaround_time": 0.6832257477984182,
      "avg_predicted_service_time": 0.7199999999999996,
      "avg_measured_execution_time": 0.8012563122643365,
      "p50_waiting_time": 0.4089072305842869,
      "p95_waiting_time": 2.0210173464522017,
      "p99_waiting_time": 2.0396750023194876
    },
    "high": {
      "count": 18,
      "avg_waiting_time": 5.029439383571922,
      "std_waiting_time": 5.94413088473077,
      "avg_turnaround_time": 7.2700365786674075,
      "std_turnaround_time": 5.909941904400453,
      "avg_predicted_service_time": 3.2800000000000002,
      "avg_measured_execution_time": 2.240597195095486,
      "p50_waiting_time": 1.350250039289687,
      "p95_waiting_time": 13.768884578568953,
      "p99_waiting_time": 14.168164082417244
    },
    "medium": {
      "count": 18,
      "avg_waiting_time": 0.9998823082414786,
      "std_waiting_time": 1.1774996834987683,
      "avg_turnaround_time": 2.673113645047034,
      "std_turnaround_time": 1.0739121657137927,
      "avg_predicted_service_time": 2.0,
      "avg_measured_execution_time": 1.6732313368055556,
      "p50_waiting_time": 0.6740434337687802,
      "p95_waiting_time": 3.379040629092744,
      "p99_waiting_time": 4.286539463867062
    },
    "overall": {
      "count": 54,
      "avg_waiting_time": 0.9998823082414787,
      "avg_turnaround_time": 2.673113645047034
    }
  },
  "fairness_analysis": {
    "waiting_time_fairness": {
      "jain_index": 0.5630396441328185,
      "per_class_values": {
        "low": 0.6963341852965702,
        "high": 5.029439383571922,
        "medium": 0.9998823082414786
      },
      "coefficient_of_variation": 0.8809505494068022,
      "max_min_ratio": 7.22273800392246,
      "mean": 2.2418852923699903,
      "std": 1.9749900800203724
    },
    "turnaround_time_fairness": {
      "jain_index": 0.7009794190501247,
      "per_class_values": {
        "low": 1.4975904975609067,
        "high": 7.2700365786674075,
        "medium": 2.673113645047034
      },
      "coefficient_of_variation": 0.6531274048431314,
      "max_min_ratio": 4.854488987816068,
      "mean": 3.813580240425116,
      "std": 2.490753765589901
    },
    "per_class_metrics": {
      "low": {
        "count": 18,
        "avg_waiting_time": 0.6963341852965702,
        "std_waiting_time": 0.7500871305432479,
        "avg_turnaround_time": 1.4975904975609067,
        "std_turnaround_time": 0.6832257477984182,
        "avg_predicted_service_time": 0.7199999999999996,
        "avg_measured_execution_time": 0.8012563122643365,
        "p50_waiting_time": 0.4089072305842869,
        "p95_waiting_time": 2.0210173464522017,
        "p99_waiting_time": 2.0396750023194876
      },
      "high": {
        "count": 18,
        "avg_waiting_time": 5.029439383571922,
        "std_waiting_time": 5.94413088473077,
        "avg_turnaround_time": 7.2700365786674075,
        "std_turnaround_time": 5.909941904400453,
        "avg_predicted_service_time": 3.2800000000000002,
        "avg_measured_execution_time": 2.240597195095486,
        "p50_waiting_time": 1.350250039289687,
        "p95_waiting_time": 13.768884578568953,
        "p99_waiting_time": 14.168164082417244
      },
      "medium": {
        "count": 18,
        "avg_waiting_time": 0.9998823082414786,
        "std_waiting_time": 1.1774996834987683,
        "avg_turnaround_time": 2.673113645047034,
        "std_turnaround_time": 1.0739121657137927,
        "avg_predicted_service_time": 2.0,
        "avg_measured_execution_time": 1.6732313368055556,
        "p50_waiting_time": 0.6740434337687802,
        "p95_waiting_time": 3.379040629092744,
        "p99_waiting_time": 4.286539463867062
      },
      "overall": {
        "count": 54,
        "avg_waiting_time": 0.9998823082414787,
        "avg_turnaround_time": 2.673113645047034
      }
    },
    "arousal_valence_distribution": {
      "high_positive": 6,
      "high_neutral": 6,
      "high_negative": 6,
      "medium_positive": 6,
      "medium_neutral": 6,
      "medium_negative": 6,
      "low_positive": 6,
      "low_neutral": 6,
      "low_negative": 6,
      "total": 54
    }
  }
}