{
  "experiment_name": "SSJF-Emotion_180jobs_load0.90_fixed",
  "metadata": {
    "scheduler": "SSJF-Emotion",
    "num_jobs": 180,
    "mode": "fixed_jobs",
    "simulation_duration": null,
    "system_load": 0.9,
    "base_service_time": null,
    "alpha": null,
    "rho": null,
    "emotion_correlation": null,
    "enable_emotion": null,
    "arousal_noise": null,
    "random_seed": 1234,
    "starvation_threshold": null,
    "starvation_coefficient": null,
    "beta": null,
    "output_dir": "results/multi_seed_runs/seed_1234",
    "verbose": true,
    "model_name": null,
    "dataset_path": null,
    "use_cache": null,
    "force_regenerate": null,
    "device_map": null,
    "dtype": null,
    "load_in_8bit": null,
    "experiment_mode": "fixed_jobs",
    "arrival_rate": 0.8181818181818181,
    "run_metrics": {
      "total_jobs": 180,
      "total_time": 242.0731264820566,
      "throughput": 0.7435769621182725,
      "avg_waiting_time": 1.280297650698902,
      "avg_jct": 2.3846326488297,
      "p50_waiting_time": 0.7050582281618318,
      "p95_waiting_time": 4.4199244732927525,
      "p99_waiting_time": 7.154962756245281,
      "p50_jct": 1.7157031498664352,
      "p95_jct": 5.86325273230563,
      "p99_jct": 8.987114240185905,
      "estimated_arrival_rate": 0.7446671440643123,
      "avg_actual_execution_time": 1.1043349981307984,
      "effective_load": 0.8223619891483294,
      "throughput_p25": 0.7843902062708238,
      "throughput_p50": 0.7869828208204409,
      "throughput_p75": 0.7896855854301615
    }
  },
  "num_jobs": 180,
  "total_run_time": 242.0731264820566,
  "overall_metrics": {
    "avg_waiting_time": 1.280297650698902,
    "std_waiting_time": 1.749336053298875,
    "p50_waiting_time": 0.7050582281618318,
    "p95_waiting_time": 4.4199244732927525,
    "p99_waiting_time": 7.154962756245281,
    "avg_turnaround_time": 2.3846326488297,
    "std_turnaround_time": 1.917767424834048,
    "p99_turnaround_time": 8.987114240185905,
    "avg_service_time": 1.1,
    "throughput": 0.7435769621182725
  },
  "run_metrics": {
    "total_jobs": 180,
    "total_time": 242.0731264820566,
    "throughput": 0.7435769621182725,
    "avg_waiting_time": 1.280297650698902,
    "avg_jct": 2.3846326488297,
    "p50_waiting_time": 0.7050582281618318,
    "p95_waiting_time": 4.4199244732927525,
    "p99_waiting_time": 7.154962756245281,
    "p50_jct": 1.7157031498664352,
    "p95_jct": 5.86325273230563,
    "p99_jct": 8.987114240185905,
    "estimated_arrival_rate": 0.7446671440643123,
    "avg_actual_execution_time": 1.1043349981307984,
    "effective_load": 0.8223619891483294,
    "throughput_p25": 0.7843902062708238,
    "throughput_p50": 0.7869828208204409,
    "throughput_p75": 0.7896855854301615
  },
  "llm_metrics": {
    "num_llm_jobs": 180,
    "avg_actual_execution_time": 1.1043349981307984,
    "std_actual_execution_time": 0.4456135487543038,
    "avg_output_token_length": 54.35,
    "std_output_token_length": 21.971566221419497,
    "cache_hit_count": 180,
    "cache_hit_rate": 1.0,
    "fallback_used_count": 0,
    "error_count": 0,
    "prediction_accuracy": {
      "avg_absolute_error": 0.22934904195997458,
      "std_absolute_error": 0.1932650689182544,
      "avg_relative_error": 0.22061919642645636,
      "median_relative_error": 0.18802431396989044,
      "max_absolute_error": 1.0278004684448243
    }
  },
  "per_emotion_class_metrics": {
    "medium": {
      "count": 60,
      "avg_waiting_time": 1.3204232415214134,
      "std_waiting_time": 1.2798636825836842,
      "avg_turnaround_time": 2.4909848134373576,
      "std_turnaround_time": 1.2879095758775267,
      "avg_predicted_service_time": 1.0999999999999999,
      "avg_measured_execution_time": 1.1705615719159443,
      "p50_waiting_time": 0.9074418872687318,
      "p95_waiting_time": 3.7256220289619315,
      "p99_waiting_time": 4.502619364695034
    },
    "high": {
      "count": 60,
      "avg_waiting_time": 1.8634379035096111,
      "std_waiting_time": 2.572752116324654,
      "avg_turnaround_time": 3.402395968224679,
      "std_turnaround_time": 2.6132890326585607,
      "avg_predicted_service_time": 1.8040000000000005,
      "avg_measured_execution_time": 1.5389580647150676,
      "p50_waiting_time": 0.6907048229935242,
      "p95_waiting_time": 6.220774521321117,
      "p99_waiting_time": 11.262948412124663
    },
    "low": {
      "count": 60,
      "avg_waiting_time": 0.6570318070656807,
      "std_waiting_time": 0.4396617503688201,
      "avg_turnaround_time": 1.2605171648270637,
      "std_turnaround_time": 0.4844754532648681,
      "avg_predicted_service_time": 0.39599999999999996,
      "avg_measured_execution_time": 0.603485357761383,
      "p50_waiting_time": 0.6539386208146549,
      "p95_waiting_time": 1.4257038606644554,
      "p99_waiting_time": 1.6966576483927012
    },
    "overall": {
      "count": 180,
      "avg_waiting_time": 0.6570318070656808,
      "avg_turnaround_time": 1.2605171648270639
    }
  },
  "fairness_analysis": {
    "waiting_time_fairness": {
      "jain_index": 0.8707199967961798,
      "per_class_values": {
        "medium": 1.3204232415214134,
        "high": 1.8634379035096111,
        "low": 0.6570318070656807
      },
      "coefficient_of_variation": 0.385324317501047,
      "max_min_ratio": 2.8361456530267053,
      "mean": 1.280297650698902,
      "std": 0.49332981845374824
    },
    "turnaround_time_fairness": {
      "jain_index": 0.8807039823504885,
      "per_class_values": {
        "medium": 2.4909848134373576,
        "high": 3.402395968224679,
        "low": 1.2605171648270637
      },
      "coefficient_of_variation": 0.36804251778932556,
      "max_min_ratio": 2.699206375893715,
      "mean": 2.3846326488297005,
      "std": 0.8776462040779116
    },
    "per_class_metrics": {
      "medium": {
        "count": 60,
        "avg_waiting_time": 1.3204232415214134,
        "std_waiting_time": 1.2798636825836842,
        "avg_turnaround_time": 2.4909848134373576,
        "std_turnaround_time": 1.2879095758775267,
        "avg_predicted_service_time": 1.0999999999999999,
        "avg_measured_execution_time": 1.1705615719159443,
        "p50_waiting_time": 0.9074418872687318,
        "p95_waiting_time": 3.7256220289619315,
        "p99_waiting_time": 4.502619364695034
      },
      "high": {
        "count": 60,
        "avg_waiting_time": 1.8634379035096111,
        "std_waiting_time": 2.572752116324654,
        "avg_turnaround_time": 3.402395968224679,
        "std_turnaround_time": 2.6132890326585607,
        "avg_predicted_service_time": 1.8040000000000005,
        "avg_measured_execution_time": 1.5389580647150676,
        "p50_waiting_time": 0.6907048229935242,
        "p95_waiting_time": 6.220774521321117,
        "p99_waiting_time": 11.262948412124663
      },
      "low": {
        "count": 60,
        "avg_waiting_time": 0.6570318070656807,
        "std_waiting_time": 0.4396617503688201,
        "avg_turnaround_time": 1.2605171648270637,
        "std_turnaround_time": 0.4844754532648681,
        "avg_predicted_service_time": 0.39599999999999996,
        "avg_measured_execution_time": 0.603485357761383,
        "p50_waiting_time": 0.6539386208146549,
        "p95_waiting_time": 1.4257038606644554,
        "p99_waiting_time": 1.6966576483927012
      },
      "overall": {
        "count": 180,
        "avg_waiting_time": 0.6570318070656808,
        "avg_turnaround_time": 1.2605171648270639
      }
    },
    "arousal_valence_distribution": {
      "high_positive": 20,
      "high_neutral": 20,
      "high_negative": 20,
      "medium_positive": 20,
      "medium_neutral": 20,
      "medium_negative": 20,
      "low_positive": 20,
      "low_neutral": 20,
      "low_negative": 20,
      "total": 180
    }
  }
}