{
  "experiment_name": "SSJF-Combined_180jobs_load0.90_fixed",
  "metadata": {
    "scheduler": "SSJF-Combined",
    "num_jobs": 180,
    "mode": "fixed_jobs",
    "simulation_duration": null,
    "system_load": 0.9,
    "base_service_time": null,
    "alpha": null,
    "rho": null,
    "emotion_correlation": null,
    "enable_emotion": null,
    "arousal_noise": null,
    "random_seed": 1234,
    "starvation_threshold": null,
    "starvation_coefficient": null,
    "beta": null,
    "output_dir": "results/multi_seed_runs/seed_1234",
    "verbose": true,
    "model_name": null,
    "dataset_path": null,
    "use_cache": null,
    "force_regenerate": null,
    "device_map": null,
    "dtype": null,
    "load_in_8bit": null,
    "experiment_mode": "fixed_jobs",
    "arrival_rate": 0.8181818181818181,
    "run_metrics": {
      "total_jobs": 180,
      "total_time": 242.0731264820566,
      "throughput": 0.7435769621182725,
      "avg_waiting_time": 1.3334562809640318,
      "avg_jct": 2.43779127909483,
      "p50_waiting_time": 0.708710460102985,
      "p95_waiting_time": 4.887845103723827,
      "p99_waiting_time": 10.34865871210119,
      "p50_jct": 1.7796299112627878,
      "p95_jct": 6.196836082918466,
      "p99_jct": 11.904239699136951,
      "estimated_arrival_rate": 0.7446671440643123,
      "avg_actual_execution_time": 1.1043349981307984,
      "effective_load": 0.8223619891483294,
      "throughput_p25": 0.7856795090271909,
      "throughput_p50": 0.7909242537456236,
      "throughput_p75": 0.7878212545991937
    },
    "valence_beta": 0.8
  },
  "num_jobs": 180,
  "total_run_time": 242.0731264820566,
  "overall_metrics": {
    "avg_waiting_time": 1.3334562809640318,
    "std_waiting_time": 2.217951344300976,
    "p50_waiting_time": 0.708710460102985,
    "p95_waiting_time": 4.887845103723827,
    "p99_waiting_time": 10.34865871210119,
    "avg_turnaround_time": 2.43779127909483,
    "std_turnaround_time": 2.327993462697196,
    "p99_turnaround_time": 11.904239699136951,
    "avg_service_time": 1.1,
    "throughput": 0.7435769621182725
  },
  "run_metrics": {
    "total_jobs": 180,
    "total_time": 242.0731264820566,
    "throughput": 0.7435769621182725,
    "avg_waiting_time": 1.3334562809640318,
    "avg_jct": 2.43779127909483,
    "p50_waiting_time": 0.708710460102985,
    "p95_waiting_time": 4.887845103723827,
    "p99_waiting_time": 10.34865871210119,
    "p50_jct": 1.7796299112627878,
    "p95_jct": 6.196836082918466,
    "p99_jct": 11.904239699136951,
    "estimated_arrival_rate": 0.7446671440643123,
    "avg_actual_execution_time": 1.1043349981307984,
    "effective_load": 0.8223619891483294,
    "throughput_p25": 0.7856795090271909,
    "throughput_p50": 0.7909242537456236,
    "throughput_p75": 0.7878212545991937
  },
  "llm_metrics": {
    "num_llm_jobs": 180,
    "avg_actual_execution_time": 1.1043349981307984,
    "std_actual_execution_time": 0.44561354875430387,
    "avg_output_token_length": 54.35,
    "std_output_token_length": 21.971566221419494,
    "cache_hit_count": 180,
    "cache_hit_rate": 1.0,
    "fallback_used_count": 0,
    "error_count": 0,
    "prediction_accuracy": {
      "avg_absolute_error": 0.22934904195997463,
      "std_absolute_error": 0.1932650689182544,
      "avg_relative_error": 0.22061919642645636,
      "median_relative_error": 0.18802431396989044,
      "max_absolute_error": 1.0278004684448243
    }
  },
  "per_emotion_class_metrics": {
    "medium": {
      "count": 60,
      "avg_waiting_time": 1.4227315466259869,
      "std_waiting_time": 1.894628591763138,
      "avg_turnaround_time": 2.593293118541931,
      "std_turnaround_time": 1.9005569041255044,
      "avg_predicted_service_time": 1.0999999999999999,
      "avg_measured_execution_time": 1.1705615719159443,
      "p50_waiting_time": 0.8245964583112766,
      "p95_waiting_time": 4.6377205517489175,
      "p99_waiting_time": 9.077983479222231
    },
    "high": {
      "count": 60,
      "avg_waiting_time": 1.6934252267937604,
      "std_waiting_time": 3.187678245065133,
      "avg_turnaround_time": 3.2323832915088277,
      "std_turnaround_time": 3.213099504578102,
      "avg_predicted_service_time": 1.8040000000000005,
      "avg_measured_execution_time": 1.5389580647150676,
      "p50_waiting_time": 0.5742263050742302,
      "p95_waiting_time": 9.787088587248792,
      "p99_waiting_time": 13.368527244750988
    },
    "low": {
      "count": 60,
      "avg_waiting_time": 0.8842120694723479,
      "std_waiting_time": 0.8170962768805485,
      "avg_turnaround_time": 1.4876974272337307,
      "std_turnaround_time": 0.8742425860913288,
      "avg_predicted_service_time": 0.39599999999999996,
      "avg_measured_execution_time": 0.603485357761383,
      "p50_waiting_time": 0.7152797058700866,
      "p95_waiting_time": 1.8945991035807097,
      "p99_waiting_time": 3.959046431856091
    },
    "overall": {
      "count": 180,
      "avg_waiting_time": 0.8842120694723478,
      "avg_turnaround_time": 1.4876974272337309
    }
  },
  "fairness_analysis": {
    "waiting_time_fairness": {
      "jain_index": 0.9401855981768651,
      "per_class_values": {
        "medium": 1.4227315466259869,
        "high": 1.6934252267937604,
        "low": 0.8842120694723479
      },
      "coefficient_of_variation": 0.25222961952498335,
      "max_min_ratio": 1.9151799497651159,
      "mean": 1.3334562809640316,
      "std": 0.336337170400757
    },
    "turnaround_time_fairness": {
      "jain_index": 0.9196235334549933,
      "per_class_values": {
        "medium": 2.593293118541931,
        "high": 3.2323832915088277,
        "low": 1.4876974272337307
      },
      "coefficient_of_variation": 0.2956374290185522,
      "max_min_ratio": 2.172742408729723,
      "mean": 2.43779127909483,
      "std": 0.7207023462354435
    },
    "per_class_metrics": {
      "medium": {
        "count": 60,
        "avg_waiting_time": 1.4227315466259869,
        "std_waiting_time": 1.894628591763138,
        "avg_turnaround_time": 2.593293118541931,
        "std_turnaround_time": 1.9005569041255044,
        "avg_predicted_service_time": 1.0999999999999999,
        "avg_measured_execution_time": 1.1705615719159443,
        "p50_waiting_time": 0.8245964583112766,
        "p95_waiting_time": 4.6377205517489175,
        "p99_waiting_time": 9.077983479222231
      },
      "high": {
        "count": 60,
        "avg_waiting_time": 1.6934252267937604,
        "std_waiting_time": 3.187678245065133,
        "avg_turnaround_time": 3.2323832915088277,
        "std_turnaround_time": 3.213099504578102,
        "avg_predicted_service_time": 1.8040000000000005,
        "avg_measured_execution_time": 1.5389580647150676,
        "p50_waiting_time": 0.5742263050742302,
        "p95_waiting_time": 9.787088587248792,
        "p99_waiting_time": 13.368527244750988
      },
      "low": {
        "count": 60,
        "avg_waiting_time": 0.8842120694723479,
        "std_waiting_time": 0.8170962768805485,
        "avg_turnaround_time": 1.4876974272337307,
        "std_turnaround_time": 0.8742425860913288,
        "avg_predicted_service_time": 0.39599999999999996,
        "avg_measured_execution_time": 0.603485357761383,
        "p50_waiting_time": 0.7152797058700866,
        "p95_waiting_time": 1.8945991035807097,
        "p99_waiting_time": 3.959046431856091
      },
      "overall": {
        "count": 180,
        "avg_waiting_time": 0.8842120694723478,
        "avg_turnaround_time": 1.4876974272337309
      }
    },
    "arousal_valence_distribution": {
      "high_positive": 20,
      "high_neutral": 20,
      "high_negative": 20,
      "medium_positive": 20,
      "medium_neutral": 20,
      "medium_negative": 20,
      "low_positive": 20,
      "low_neutral": 20,
      "low_negative": 20,
      "total": 180
    },
    "valence_fairness": {
      "weighted_jain_index": 0.9962893819516112,
      "per_valence_values": {
        "positive": 2.4380515916783585,