{
  "experiment_name": "FCFS_135jobs_load5.00_time50s",
  "metadata": {
    "scheduler": "FCFS",
    "simulation_time": null,
    "system_load": 5.0,
    "base_service_time": null,
    "alpha": null,
    "rho": null,
    "enable_emotion": null,
    "arousal_noise": null,
    "random_seed": null,
    "starvation_threshold": null,
    "starvation_coefficient": null,
    "output_dir": null,
    "verbose": null,
    "model_name": null,
    "dataset_path": null,
    "use_cache": null,
    "force_regenerate": null,
    "device_map": null,
    "dtype": null,
    "load_in_8bit": null,
    "arrival_rate": 2.5,
    "run_metrics": {
      "total_jobs": 135,
      "jobs_by_deadline": 34,
      "jobs_after_deadline": 101,
      "simulation_time": 50,
      "total_time": 197.2324936389923,
      "effective_throughput": 0.68,
      "total_throughput": 0.6844713946937133,
      "arrival_rate": 2.5
    }
  },
  "num_jobs": 135,
  "total_run_time": 197.2324936389923,
  "overall_metrics": {
    "avg_waiting_time": 73.81878454935024,
    "std_waiting_time": 42.13838099983567,
    "p50_waiting_time": 73.93399960118484,
    "p95_waiting_time": 136.9892534995134,
    "p99_waiting_time": 144.6794378964823,
    "avg_turnaround_time": 75.27976598371315,
    "std_turnaround_time": 42.12218855269014,
    "p99_turnaround_time": 146.33160433458502,
    "avg_service_time": 1.460981434362906,
    "throughput": 0.6844713946937133
  },
  "run_metrics": {
    "total_jobs": 135,
    "jobs_by_deadline": 34,
    "jobs_after_deadline": 101,
    "simulation_time": 50,
    "total_time": 197.2324936389923,
    "effective_throughput": 0.68,
    "total_throughput": 0.6844713946937133,
    "arrival_rate": 2.5
  },
  "llm_metrics": {
    "num_llm_jobs": 135,
    "avg_actual_execution_time": 1.460981434362906,
    "std_actual_execution_time": 0.3637555352581079,
    "avg_output_token_length": 79.73333333333333,
    "std_output_token_length": 19.961889615891504,
    "cache_hit_count": 2,
    "cache_hit_rate": 0.014814814814814815,
    "fallback_used_count": 0,
    "error_count": 0
  },
  "per_emotion_class_metrics": {
    "medium": {
      "count": 34,
      "avg_waiting_time": 72.94578551411979,
      "std_waiting_time": 45.34002671464913,
      "avg_turnaround_time": 74.45329987869893,
      "std_turnaround_time": 45.269077343451016,
      "avg_execution_time": 1.5075143645791447,
      "p50_waiting_time": 72.19921407803146,
      "p95_waiting_time": 138.3143517891002,
      "p99_waiting_time": 143.26851787619952
    },
    "low": {
      "count": 47,
      "avg_waiting_time": 71.98567701118313,
      "std_waiting_time": 40.66489349182408,
      "avg_turnaround_time": 73.09287022754758,
      "std_turnaround_time": 40.66319964610315,
      "avg_execution_time": 1.1071932163644345,
      "p50_waiting_time": 65.96726596483836,
      "p95_waiting_time": 133.80793086959625,
      "p99_waiting_time": 136.08387297870684
    },
    "high": {
      "count": 54,
      "avg_waiting_time": 75.96393309549264,
      "std_waiting_time": 41.20057085131876,
      "avg_turnaround_time": 77.70354280056992,
      "std_turnaround_time": 41.17988032710712,
      "avg_execution_time": 1.7396097050772772,
      "p50_waiting_time": 77.03271458662908,
      "p95_waiting_time": 140.86788850030808,
      "p99_waiting_time": 145.00671393929423
    },
    "overall": {
      "count": 135,
      "avg_waiting_time": 75.96393309549262,
      "avg_turnaround_time": 77.7035428005699
    }
  },
  "fairness_analysis": {
    "waiting_time_fairness": {
      "jain_index": 0.9994703562232234,
      "per_class_values": {
        "medium": 72.94578551411979,
        "low": 71.98567701118313,
        "high": 75.96393309549264
      },
      "coefficient_of_variation": 0.023020087922565553,
      "max_min_ratio": 1.0552645505256757,
      "mean": 73.6317985402652,
      "std": 1.6950104762935387
    },
    "turnaround_time_fairness": {
      "jain_index": 0.9993367654970087,
      "per_class_values": {
        "medium": 74.45329987869893,
        "low": 73.09287022754758,
        "high": 77.70354280056992
      },
      "coefficient_of_variation": 0.025761884149541867,
      "max_min_ratio": 1.063079648653401,
      "mean": 75.08323763560547,
      "std": 1.93428566954099
    },
    "per_class_metrics": {
      "medium": {
        "count": 34,
        "avg_waiting_time": 72.94578551411979,
        "std_waiting_time": 45.34002671464913,
        "avg_turnaround_time": 74.45329987869893,
        "std_turnaround_time": 45.269077343451016,
        "avg_execution_time": 1.5075143645791447,
        "p50_waiting_time": 72.19921407803146,
        "p95_waiting_time": 138.3143517891002,
        "p99_waiting_time": 143.26851787619952
      },
      "low": {
        "count": 47,
        "avg_waiting_time": 71.98567701118313,
        "std_waiting_time": 40.66489349182408,
        "avg_turnaround_time": 73.09287022754758,
        "std_turnaround_time": 40.66319964610315,
        "avg_execution_time": 1.1071932163644345,
        "p50_waiting_time": 65.96726596483836,
        "p95_waiting_time": 133.80793086959625,
        "p99_waiting_time": 136.08387297870684
      },
      "high": {
        "count": 54,
        "avg_waiting_time": 75.96393309549264,
        "std_waiting_time": 41.20057085131876,
        "avg_turnaround_time": 77.70354280056992,
        "std_turnaround_time": 41.17988032710712,
        "avg_execution_time": 1.7396097050772772,
        "p50_waiting_time": 77.03271458662908,
        "p95_waiting_time": 140.86788850030808,
        "p99_waiting_time": 145.00671393929423
      },
      "overall": {
        "count": 135,
        "avg_waiting_time": 75.96393309549262,
        "avg_turnaround_time": 77.7035428005699
      }
    }
  }
}