{
  "experiment_name": "SSJF-Emotion_79jobs_load0.60_time200s",
  "metadata": {
    "scheduler": "SSJF-Emotion",
    "simulation_time": null,
    "system_load": 0.6,
    "base_service_time": 2.0,
    "alpha": 0.5,
    "rho": 1.0,
    "enable_emotion": true,
    "arousal_noise": 0.0,
    "random_seed": null,
    "starvation_threshold": "inf",
    "starvation_coefficient": 3.0,
    "output_dir": "results/llm_runs",
    "verbose": false,
    "model_name": null,
    "dataset_path": null,
    "use_cache": null,
    "force_regenerate": null,
    "device_map": null,
    "dtype": null,
    "load_in_8bit": null,
    "arrival_rate": 0.3,
    "run_metrics": {
      "total_jobs": 79,
      "jobs_by_deadline": 79,
      "jobs_after_deadline": 0,
      "simulation_time": 200.0,
      "total_time": 200.74711567090293,
      "effective_throughput": 0.395,
      "total_throughput": 0.3935299380814494,
      "arrival_rate": 0.3
    }
  },
  "num_jobs": 79,
  "total_run_time": 200.74711567090293,
  "overall_metrics": {
    "avg_waiting_time": 1.0448394404071102,
    "std_waiting_time": 1.7685285225246719,
    "p50_waiting_time": 0.22556603865626812,
    "p95_waiting_time": 3.825846003981839,
    "p99_waiting_time": 7.709351957697699,
    "avg_turnaround_time": 2.538319682158479,
    "std_turnaround_time": 1.9595195554242621,
    "p99_turnaround_time": 9.381372292895147,
    "avg_service_time": 1.493480241751369,
    "throughput": 0.3935299380814494
  },
  "run_metrics": {
    "total_jobs": 79,
    "jobs_by_deadline": 79,
    "jobs_after_deadline": 0,
    "simulation_time": 200.0,
    "total_time": 200.74711567090293,
    "effective_throughput": 0.395,
    "total_throughput": 0.3935299380814494,
    "arrival_rate": 0.3
  },
  "llm_metrics": {
    "num_llm_jobs": 79,
    "avg_actual_execution_time": 1.493480241751369,
    "std_actual_execution_time": 0.6577007015956806,
    "avg_output_token_length": 80.9620253164557,
    "std_output_token_length": 35.67165418583485,
    "cache_hit_count": 0,
    "cache_hit_rate": 0.0,
    "fallback_used_count": 0,
    "error_count": 0
  },
  "per_emotion_class_metrics": {
    "low": {
      "count": 29,
      "avg_waiting_time": 0.8176299736972179,
      "std_waiting_time": 1.2331522897500051,
      "avg_turnaround_time": 2.0734415005547913,
      "std_turnaround_time": 1.7591368669896257,
      "avg_execution_time": 1.2558115268575734,
      "p50_waiting_time": 0.49543114928562204,
      "p95_waiting_time": 2.350574793470247,
      "p99_waiting_time": 5.115266276669776
    },
    "high": {
      "count": 29,
      "avg_waiting_time": 1.3266345796009065,
      "std_waiting_time": 2.287253644060374,
      "avg_turnaround_time": 3.0187415993541986,
      "std_turnaround_time": 2.294307295573238,
      "avg_execution_time": 1.6921070197532917,
      "p50_waiting_time": 0.07390334789147346,
      "p95_waiting_time": 5.682887862193224,
      "p99_waiting_time": 9.107723909997127
    },
    "medium": {
      "count": 21,
      "avg_waiting_time": 0.9694592260245752,
      "std_waiting_time": 1.501663602399534,
      "avg_turnaround_time": 2.5168545234837687,
      "std_turnaround_time": 1.51144082951529,
      "avg_execution_time": 1.5473952974591936,
      "p50_waiting_time": 0.4744261638878662,
      "p95_waiting_time": 2.5685055834910244,
      "p99_waiting_time": 5.9737506492776715
    },
    "overall": {
      "count": 79,
      "avg_waiting_time": 0.9694592260245752,
      "avg_turnaround_time": 2.516854523483769
    }
  },
  "fairness_analysis": {
    "waiting_time_fairness": {
      "jain_index": 0.9594544742376142,
      "per_class_values": {
        "low": 0.8176299736972179,
        "high": 1.3266345796009065,
        "medium": 0.9694592260245752
      },
      "coefficient_of_variation": 0.205569785142449,
      "max_min_ratio": 1.6225366269316608,
      "mean": 1.0379079264409,
      "std": 0.21336250943610055
    },
    "turnaround_time_fairness": {
      "jain_index": 0.9773445614138649,
      "per_class_values": {
        "low": 2.0734415005547913,
        "high": 3.0187415993541986,
        "medium": 2.5168545234837687
      },
      "coefficient_of_variation": 0.1522517828054118,
      "max_min_ratio": 1.4559087384652392,
      "mean": 2.536345874464253,
      "std": 0.3861631811983337
    },
    "per_class_metrics": {
      "low": {
        "count": 29,
        "avg_waiting_time": 0.8176299736972179,
        "std_waiting_time": 1.2331522897500051,
        "avg_turnaround_time": 2.0734415005547913,
        "std_turnaround_time": 1.7591368669896257,
        "avg_execution_time": 1.2558115268575734,
        "p50_waiting_time": 0.49543114928562204,
        "p95_waiting_time": 2.350574793470247,
        "p99_waiting_time": 5.115266276669776
      },
      "high": {
        "count": 29,
        "avg_waiting_time": 1.3266345796009065,
        "std_waiting_time": 2.287253644060374,
        "avg_turnaround_time": 3.0187415993541986,
        "std_turnaround_time": 2.294307295573238,
        "avg_execution_time": 1.6921070197532917,
        "p50_waiting_time": 0.07390334789147346,
        "p95_waiting_time": 5.682887862193224,
        "p99_waiting_time": 9.107723909997127
      },
      "medium": {
        "count": 21,
        "avg_waiting_time": 0.9694592260245752,
        "std_waiting_time": 1.501663602399534,
        "avg_turnaround_time": 2.5168545234837687,
        "std_turnaround_time": 1.51144082951529,
        "avg_execution_time": 1.5473952974591936,
        "p50_waiting_time": 0.4744261638878662,
        "p95_waiting_time": 2.5685055834910244,
        "p99_waiting_time": 5.9737506492776715
      },
      "overall": {
        "count": 79,
        "avg_waiting_time": 0.9694592260245752,
        "avg_turnaround_time": 2.516854523483769
      }
    }
  }
}