{
  "experiment_name": "FCFS_54jobs_load1.20_fixed",
  "metadata": {
    "scheduler": "FCFS",
    "num_jobs": 54,
    "mode": "fixed_jobs",
    "simulation_duration": null,
    "system_load": 1.2,
    "base_service_time": null,
    "alpha": null,
    "rho": null,
    "emotion_correlation": null,
    "enable_emotion": null,
    "arousal_noise": null,
    "random_seed": 9012,
    "starvation_threshold": null,
    "starvation_coefficient": null,
    "beta": null,
    "output_dir": "results/multi_seed_runs/seed_9012",
    "verbose": true,
    "model_name": null,
    "dataset_path": null,
    "use_cache": null,
    "force_regenerate": null,
    "device_map": null,
    "dtype": null,
    "load_in_8bit": null,
    "experiment_mode": "fixed_jobs",
    "arrival_rate": 0.6,
    "run_metrics": {
      "total_jobs": 54,
      "total_time": 107.55582649539016,
      "throughput": 0.5020648509666228,
      "avg_waiting_time": 2.3398598550123206,
      "avg_jct": 3.8725883769245075,
      "p50_waiting_time": 1.3504680306781225,
      "p95_waiting_time": 6.761587906759108,
      "p99_waiting_time": 7.948556878466849,
      "p50_jct": 3.073824873582357,
      "p95_jct": 8.058199945703809,
      "p99_jct": 8.743745605845694,
      "estimated_arrival_rate": 0.5265386087771103,
      "avg_actual_execution_time": 1.5327285219121862,
      "effective_load": 0.8070407435606393,
      "throughput_p25": 0.6736412614821314,
      "throughput_p50": 0.49918701961049416,
      "throughput_p75": 0.47481675620125086
    }
  },
  "num_jobs": 54,
  "total_run_time": 107.55582649539016,
  "overall_metrics": {
    "avg_waiting_time": 2.3398598550123206,
    "std_waiting_time": 2.3901099851676553,
    "p50_waiting_time": 1.3504680306781225,
    "p95_waiting_time": 6.761587906759108,
    "p99_waiting_time": 7.948556878466849,
    "avg_turnaround_time": 3.8725883769245075,
    "std_turnaround_time": 2.29628072521073,
    "p99_turnaround_time": 8.743745605845694,
    "avg_service_time": 2.0,
    "throughput": 0.5020648509666228
  },
  "run_metrics": {
    "total_jobs": 54,
    "total_time": 107.55582649539016,
    "throughput": 0.5020648509666228,
    "avg_waiting_time": 2.3398598550123206,
    "avg_jct": 3.8725883769245075,
    "p50_waiting_time": 1.3504680306781225,
    "p95_waiting_time": 6.761587906759108,
    "p99_waiting_time": 7.948556878466849,
    "p50_jct": 3.073824873582357,
    "p95_jct": 8.058199945703809,
    "p99_jct": 8.743745605845694,
    "estimated_arrival_rate": 0.5265386087771103,
    "avg_actual_execution_time": 1.5327285219121862,
    "effective_load": 0.8070407435606393,
    "throughput_p25": 0.6736412614821314,
    "throughput_p50": 0.49918701961049416,
    "throughput_p75": 0.47481675620125086
  },
  "llm_metrics": {
    "num_llm_jobs": 54,
    "avg_actual_execution_time": 1.5327285219121862,
    "std_actual_execution_time": 0.634092140694104,
    "avg_output_token_length": 75.55555555555556,
    "std_output_token_length": 30.818865474507696,
    "cache_hit_count": 0,
    "cache_hit_rate": 0.0,
    "fallback_used_count": 0,
    "error_count": 0,
    "prediction_accuracy": {
      "avg_absolute_error": 0.5887140923959239,
      "std_absolute_error": 0.5596531969123055,
      "avg_relative_error": 0.3866619704767757,
      "median_relative_error": 0.2735871043324376,
      "max_absolute_error": 2.009334354400635
    }
  },
  "per_emotion_class_metrics": {
    "high": {
      "count": 18,
      "avg_waiting_time": 1.3869119134948824,
      "std_waiting_time": 1.651226513564033,
      "avg_turnaround_time": 3.4889940997699407,
      "std_turnaround_time": 1.674962649964166,
      "avg_predicted_service_time": 3.2800000000000002,
      "avg_measured_execution_time": 2.1020821862750583,
      "p50_waiting_time": 0.92712747648374,
      "p95_waiting_time": 5.115215616684254,
      "p99_waiting_time": 5.201412127998521
    },
    "low": {
      "count": 18,
      "avg_waiting_time": 3.042760887817716,
      "std_waiting_time": 2.8083997394062727,
      "avg_turnaround_time": 3.9109921048841634,
      "std_turnaround_time": 2.8051772780277986,
      "avg_predicted_service_time": 0.7199999999999996,
      "avg_measured_execution_time": 0.8682312170664469,
      "p50_waiting_time": 1.8665565736490315,
      "p95_waiting_time": 7.889843545343489,
      "p99_waiting_time": 8.01460937823063
    },
    "medium": {
      "count": 18,
      "avg_waiting_time": 2.5899067637243633,
      "std_waiting_time": 2.249336797921261,
      "avg_turnaround_time": 4.217778926119417,
      "std_turnaround_time": 2.208261790627213,
      "avg_predicted_service_time": 2.0,
      "avg_measured_execution_time": 1.6278721623950534,
      "p50_waiting_time": 2.4961672258858485,
      "p95_waiting_time": 6.450023074574818,
      "p99_waiting_time": 6.462188729867538
    },
    "overall": {
      "count": 54,
      "avg_waiting_time": 2.5899067637243633,
      "avg_turnaround_time": 4.217778926119417
    }
  },
  "fairness_analysis": {
    "waiting_time_fairness": {
      "jain_index": 0.9181251466256757,
      "per_class_values": {
        "high": 1.3869119134948824,
        "low": 3.042760887817716,
        "medium": 2.5899067637243633
      },
      "coefficient_of_variation": 0.2986237372890822,
      "max_min_ratio": 2.193910700608416,
      "mean": 2.3398598550123206,
      "std": 0.6987376946364692
    },
    "turnaround_time_fairness": {
      "jain_index": 0.9940834240999156,
      "per_class_values": {
        "high": 3.4889940997699407,
        "low": 3.9109921048841634,
        "medium": 4.217778926119417
      },
      "coefficient_of_variation": 0.07714784584198947,
      "max_min_ratio": 1.2088810715952576,
      "mean": 3.8725883769245066,
      "std": 0.29876185111245207
    },
    "per_class_metrics": {
      "high": {
        "count": 18,
        "avg_waiting_time": 1.3869119134948824,
        "std_waiting_time": 1.651226513564033,
        "avg_turnaround_time": 3.4889940997699407,
        "std_turnaround_time": 1.674962649964166,
        "avg_predicted_service_time": 3.2800000000000002,
        "avg_measured_execution_time": 2.1020821862750583,
        "p50_waiting_time": 0.92712747648374,
        "p95_waiting_time": 5.115215616684254,
        "p99_waiting_time": 5.201412127998521
      },
      "low": {
        "count": 18,
        "avg_waiting_time": 3.042760887817716,
        "std_waiting_time": 2.8083997394062727,
        "avg_turnaround_time": 3.9109921048841634,
        "std_turnaround_time": 2.8051772780277986,
        "avg_predicted_service_time": 0.7199999999999996,
        "avg_measured_execution_time": 0.8682312170664469,
        "p50_waiting_time": 1.8665565736490315,
        "p95_waiting_time": 7.889843545343489,
        "p99_waiting_time": 8.01460937823063
      },
      "medium": {
        "count": 18,
        "avg_waiting_time": 2.5899067637243633,
        "std_waiting_time": 2.249336797921261,
        "avg_turnaround_time": 4.217778926119417,
        "std_turnaround_time": 2.208261790627213,
        "avg_predicted_service_time": 2.0,
        "avg_measured_execution_time": 1.6278721623950534,
        "p50_waiting_time": 2.4961672258858485,
        "p95_waiting_time": 6.450023074574818,
        "p99_waiting_time": 6.462188729867538
      },
      "overall": {
        "count": 54,
        "avg_waiting_time": 2.5899067637243633,
        "avg_turnaround_time": 4.217778926119417
      }
    },
    "arousal_valence_distribution": {
      "high_positive": 6,
      "high_neutral": 6,
      "high_negative": 6,
      "medium_positive": 6,
      "medium_neutral": 6,
      "medium_negative": 6,
      "low_positive": 6,
      "low_neutral": 6,
      "low_negative": 6,
      "total": 54
    }
  }
}