{
  "experiment_name": "SSJF-Emotion_54jobs_load1.20_fixed",
  "metadata": {
    "scheduler": "SSJF-Emotion",
    "num_jobs": 54,
    "mode": "fixed_jobs",
    "simulation_duration": null,
    "system_load": 1.2,
    "base_service_time": null,
    "alpha": null,
    "rho": null,
    "emotion_correlation": null,
    "enable_emotion": null,
    "arousal_noise": null,
    "random_seed": 9012,
    "starvation_threshold": null,
    "starvation_coefficient": null,
    "beta": null,
    "output_dir": "results/multi_seed_runs/seed_9012",
    "verbose": true,
    "model_name": null,
    "dataset_path": null,
    "use_cache": null,
    "force_regenerate": null,
    "device_map": null,
    "dtype": null,
    "load_in_8bit": null,
    "experiment_mode": "fixed_jobs",
    "arrival_rate": 0.6,
    "run_metrics": {
      "total_jobs": 54,
      "total_time": 107.55582649539016,
      "throughput": 0.5020648509666228,
      "avg_waiting_time": 1.9056175711558936,
      "avg_jct": 3.438346093068079,
      "p50_waiting_time": 1.0150897378314898,
      "p95_waiting_time": 6.43864192492167,
      "p99_waiting_time": 10.796668399761424,
      "p50_jct": 2.4183392221291413,
      "p95_jct": 8.521236057345066,
      "p99_jct": 12.805754204780813,
      "estimated_arrival_rate": 0.5265386087771103,
      "avg_actual_execution_time": 1.5327285219121862,
      "effective_load": 0.8070407435606393,
      "throughput_p25": 0.6736412614821314,
      "throughput_p50": 0.49918701961049416,
      "throughput_p75": 0.47481675620125086
    }
  },
  "num_jobs": 54,
  "total_run_time": 107.55582649539016,
  "overall_metrics": {
    "avg_waiting_time": 1.9056175711558936,
    "std_waiting_time": 2.5851886334328285,
    "p50_waiting_time": 1.0150897378314898,
    "p95_waiting_time": 6.43864192492167,
    "p99_waiting_time": 10.796668399761424,
    "avg_turnaround_time": 3.438346093068079,
    "std_turnaround_time": 2.7522047100425784,
    "p99_turnaround_time": 12.805754204780813,
    "avg_service_time": 2.0,
    "throughput": 0.5020648509666228
  },
  "run_metrics": {
    "total_jobs": 54,
    "total_time": 107.55582649539016,
    "throughput": 0.5020648509666228,
    "avg_waiting_time": 1.9056175711558936,
    "avg_jct": 3.438346093068079,
    "p50_waiting_time": 1.0150897378314898,
    "p95_waiting_time": 6.43864192492167,
    "p99_waiting_time": 10.796668399761424,
    "p50_jct": 2.4183392221291413,
    "p95_jct": 8.521236057345066,
    "p99_jct": 12.805754204780813,
    "estimated_arrival_rate": 0.5265386087771103,
    "avg_actual_execution_time": 1.5327285219121862,
    "effective_load": 0.8070407435606393,
    "throughput_p25": 0.6736412614821314,
    "throughput_p50": 0.49918701961049416,
    "throughput_p75": 0.47481675620125086
  },
  "llm_metrics": {
    "num_llm_jobs": 54,
    "avg_actual_execution_time": 1.5327285219121862,
    "std_actual_execution_time": 0.634092140694104,
    "avg_output_token_length": 75.55555555555556,
    "std_output_token_length": 30.8188654745077,
    "cache_hit_count": 54,
    "cache_hit_rate": 1.0,
    "fallback_used_count": 0,
    "error_count": 0,
    "prediction_accuracy": {
      "avg_absolute_error": 0.5887140923959239,
      "std_absolute_error": 0.5596531969123054,
      "avg_relative_error": 0.3866619704767757,
      "median_relative_error": 0.2735871043324376,
      "max_absolute_error": 2.009334354400635
    }
  },
  "per_emotion_class_metrics": {
    "high": {
      "count": 18,
      "avg_waiting_time": 2.429171301994672,
      "std_waiting_time": 3.5471447097867683,
      "avg_turnaround_time": 4.53125348826973,
      "std_turnaround_time": 3.5576950341773297,
      "avg_predicted_service_time": 3.2800000000000002,
      "avg_measured_execution_time": 2.1020821862750583,
      "p50_waiting_time": 0.92712747648374,
      "p95_waiting_time": 10.75431322050111,
      "p99_waiting_time": 10.844317976429277
    },
    "low": {
      "count": 18,
      "avg_waiting_time": 0.8012572650209159,
      "std_waiting_time": 0.5736226197494307,
      "avg_turnaround_time": 1.6694884820873628,
      "std_turnaround_time": 0.5731091320614774,
      "avg_predicted_service_time": 0.7199999999999996,
      "avg_measured_execution_time": 0.8682312170664469,
      "p50_waiting_time": 1.0063395787476148,
      "p95_waiting_time": 1.5899572432223164,
      "p99_waiting_time": 1.5904580932761436
    },
    "medium": {
      "count": 18,
      "avg_waiting_time": 2.4864241464520926,
      "std_waiting_time": 2.3037503850212135,
      "avg_turnaround_time": 4.114296308847146,
      "std_turnaround_time": 2.226663815634666,
      "avg_predicted_service_time": 2.0,
      "avg_measured_execution_time": 1.6278721623950534,
      "p50_waiting_time": 1.5876779927110611,
      "p95_waiting_time": 5.996478369886298,
      "p99_waiting_time": 6.046103063346597
    },
    "overall": {
      "count": 54,
      "avg_waiting_time": 2.486424146452092,
      "avg_turnaround_time": 4.114296308847146
    }
  },
  "fairness_analysis": {
    "waiting_time_fairness": {
      "jain_index": 0.8561077466544071,
      "per_class_values": {
        "high": 2.429171301994672,
        "low": 0.8012572650209159,
        "medium": 2.4864241464520926
      },
      "coefficient_of_variation": 0.4099722802089574,
      "max_min_ratio": 3.1031533254019075,
      "mean": 1.9056175711558936,
      "std": 0.7812503808530368
    },
    "turnaround_time_fairness": {
      "jain_index": 0.8812277614666314,
      "per_class_values": {
        "high": 4.53125348826973,
        "low": 1.6694884820873628,
        "medium": 4.114296308847146
      },
      "coefficient_of_variation": 0.3671245149502405,
      "max_min_ratio": 2.7141567832826854,
      "mean": 3.438346093068079,
      "std": 1.2623011416486731
    },
    "per_class_metrics": {
      "high": {
        "count": 18,
        "avg_waiting_time": 2.429171301994672,
        "std_waiting_time": 3.5471447097867683,
        "avg_turnaround_time": 4.53125348826973,
        "std_turnaround_time": 3.5576950341773297,
        "avg_predicted_service_time": 3.2800000000000002,
        "avg_measured_execution_time": 2.1020821862750583,
        "p50_waiting_time": 0.92712747648374,
        "p95_waiting_time": 10.75431322050111,
        "p99_waiting_time": 10.844317976429277
      },
      "low": {
        "count": 18,
        "avg_waiting_time": 0.8012572650209159,
        "std_waiting_time": 0.5736226197494307,
        "avg_turnaround_time": 1.6694884820873628,
        "std_turnaround_time": 0.5731091320614774,
        "avg_predicted_service_time": 0.7199999999999996,
        "avg_measured_execution_time": 0.8682312170664469,
        "p50_waiting_time": 1.0063395787476148,
        "p95_waiting_time": 1.5899572432223164,
        "p99_waiting_time": 1.5904580932761436
      },
      "medium": {
        "count": 18,
        "avg_waiting_time": 2.4864241464520926,
        "std_waiting_time": 2.3037503850212135,
        "avg_turnaround_time": 4.114296308847146,
        "std_turnaround_time": 2.226663815634666,
        "avg_predicted_service_time": 2.0,
        "avg_measured_execution_time": 1.6278721623950534,
        "p50_waiting_time": 1.5876779927110611,
        "p95_waiting_time": 5.996478369886298,
        "p99_waiting_time": 6.046103063346597
      },
      "overall": {
        "count": 54,
        "avg_waiting_time": 2.486424146452092,
        "avg_turnaround_time": 4.114296308847146
      }
    },
    "arousal_valence_distribution": {
      "high_positive": 6,
      "high_neutral": 6,
      "high_negative": 6,
      "medium_positive": 6,
      "medium_neutral": 6,
      "medium_negative": 6,
      "low_positive": 6,
      "low_neutral": 6,
      "low_negative": 6,
      "total": 54
    }
  }
}