{
  "experiment_name": "SJF_80jobs_load1.20_fixed",
  "metadata": {
    "scheduler": "SJF",
    "num_jobs": 80,
    "mode": "fixed_jobs",
    "simulation_duration": null,
    "system_load": 1.2,
    "base_service_time": null,
    "w_max": null,
    "p": null,
    "q": null,
    "use_confidence": null,
    "weight_exponent": null,
    "gamma_panic": null,
    "gamma_dep": null,
    "weight_mode": null,
    "enable_emotion": null,
    "arousal_noise": null,
    "random_seed": 42,
    "starvation_threshold": null,
    "starvation_coefficient": null,
    "output_dir": "results/experiments/exp2_load_sweep/load1.2",
    "verbose": null,
    "model_name": null,
    "dataset_path": null,
    "use_cache": null,
    "force_regenerate": null,
    "device_map": null,
    "dtype": null,
    "load_in_8bit": null,
    "force_new_job_config": true,
    "use_saved_job_config": null,
    "experiment_mode": "fixed_jobs",
    "arrival_rate": 0.6,
    "run_metrics": {
      "total_jobs": 80,
      "total_time": 216.1888020493451,
      "throughput": 0.37004691844187193,
      "avg_waiting_time": 38.312390478467016,
      "avg_jct": 40.95926944813636,
      "p50_waiting_time": 13.380646239796103,
      "p95_waiting_time": 124.92126329881542,
      "p99_waiting_time": 155.43081517102584,
      "p50_jct": 15.36913422293977,
      "p95_jct": 128.6411111562427,
      "p99_jct": 159.90750592353214,
      "estimated_arrival_rate": 0.6367506650725367,
      "avg_actual_execution_time": 2.646878969669342,
      "effective_load": 1.6854019443034645,
      "throughput_p25": 0.402321321326047,
      "throughput_p50": 0.39634886792067386,
      "throughput_p75": 0.39544433675218443,
      "aw_jct": 41.11642717149327
    }
  },
  "num_jobs": 80,
  "total_run_time": 216.1888020493451,
  "overall_metrics": {
    "avg_waiting_time": 38.312390478467016,
    "std_waiting_time": 46.99355575699107,
    "p50_waiting_time": 13.380646239796103,
    "p95_waiting_time": 124.92126329881542,
    "p99_waiting_time": 155.43081517102584,
    "avg_turnaround_time": 40.95926944813636,
    "std_turnaround_time": 47.38002869097951,
    "p99_turnaround_time": 159.90750592353214,
    "avg_service_time": 2.1638034076690675,
    "throughput": 0.37004691844187193,
    "aw_jct": 41.11642717149327,
    "total_affect_weight": 82.201996,
    "avg_affect_weight": 1.0275249499999999
  },
  "run_metrics": {
    "total_jobs": 80,
    "total_time": 216.1888020493451,
    "throughput": 0.37004691844187193,
    "avg_waiting_time": 38.312390478467016,
    "avg_jct": 40.95926944813636,
    "p50_waiting_time": 13.380646239796103,
    "p95_waiting_time": 124.92126329881542,
    "p99_waiting_time": 155.43081517102584,
    "p50_jct": 15.36913422293977,
    "p95_jct": 128.6411111562427,
    "p99_jct": 159.90750592353214,
    "estimated_arrival_rate": 0.6367506650725367,
    "avg_actual_execution_time": 2.646878969669342,
    "effective_load": 1.6854019443034645,
    "throughput_p25": 0.402321321326047,
    "throughput_p50": 0.39634886792067386,
    "throughput_p75": 0.39544433675218443,
    "aw_jct": 41.11642717149327
  },
  "llm_metrics": {
    "num_llm_jobs": 80,
    "avg_actual_execution_time": 2.646878969669342,
    "std_actual_execution_time": 1.2549914934344804,
    "avg_output_token_length": 128.625,
    "std_output_token_length": 61.22057966893159,
    "cache_hit_count": 0,
    "cache_hit_rate": 0.0,
    "fallback_used_count": 0,
    "error_count": 0,
    "prediction_accuracy": {
      "avg_absolute_error": 1.0165618226528168,
      "std_absolute_error": 0.9036378589851847,
      "avg_relative_error": 0.43858787741392824,
      "median_relative_error": 0.3275908937974034,
      "max_absolute_error": 3.906127595901489
    }
  },
  "per_emotion_class_metrics": {
    "depression": {
      "count": 20,
      "avg_waiting_time": 41.90138924314989,
      "std_waiting_time": 45.63169232610533,
      "avg_turnaround_time": 44.56240973665728,
      "std_turnaround_time": 45.74826728868499,
      "avg_predicted_service_time": 2.2728546142578128,
      "avg_measured_execution_time": 2.6610204935073853,
      "avg_affect_weight": 1.1100998,
      "p50_waiting_time": 19.992948377587815,
      "p95_waiting_time": 119.5202379008551,
      "p99_waiting_time": 123.80079754614759
    },
    "panic": {
      "count": 20,
      "avg_waiting_time": 51.62385187119379,
      "std_waiting_time": 46.324115695117136,
      "avg_turnaround_time": 54.21729805439844,
      "std_turnaround_time": 46.83027987915745,
      "avg_predicted_service_time": 2.3921944503784176,
      "avg_measured_execution_time": 2.5934461832046507,
      "avg_affect_weight": 1.0,
      "p50_waiting_time": 27.85381789020824,
      "p95_waiting_time": 122.76694419013421,
      "p99_waiting_time": 125.25535226551874
    },
    "excited": {
      "count": 20,
      "avg_waiting_time": 26.685317553374198,
      "std_waiting_time": 40.75886957978269,
      "avg_turnaround_time": 29.428033269736197,
      "std_turnaround_time": 41.72411629872012,
      "avg_predicted_service_time": 2.0685425910949706,
      "avg_measured_execution_time": 2.7427157163619995,
      "avg_affect_weight": 1.0,
      "p50_waiting_time": 9.647025700385223,
      "p95_waiting_time": 115.09498451879715,
      "p99_waiting_time": 130.24026520051103
    },
    "calm": {
      "count": 20,
      "avg_waiting_time": 33.039003246150195,
      "std_waiting_time": 50.902291575043094,
      "avg_turnaround_time": 35.62933673175353,
      "std_turnaround_time": 51.014233186625674,
      "avg_predicted_service_time": 1.9216219749450683,
      "avg_measured_execution_time": 2.5903334856033324,
      "avg_affect_weight": 1.0,
      "p50_waiting_time": 10.664930511991546,
      "p95_waiting_time": 152.28583055468178,
      "p99_waiting_time": 167.22450748231668
    },
    "overall": {
      "count": 80,
      "avg_waiting_time": 38.31239047846702,
      "avg_turnaround_time": 40.95926944813637
    }
  },
  "per_quadrant_metrics": {
    "excited": {
      "count": 20,
      "avg_waiting_time": 26.685317553374198,
      "p50_waiting_time": 9.647025700385223,
      "p99_waiting_time": 130.24026520051103,
      "avg_jct": 29.428033269736197,
      "p99_jct": 135.255816848651,
      "avg_affect_weight": 1.0
    },
    "calm": {
      "count": 20,
      "avg_waiting_time": 33.039003246150195,
      "p50_waiting_time": 10.664930511991546,
      "p99_waiting_time": 167.22450748231668,
      "avg_jct": 35.62933673175353,
      "p99_jct": 169.4276195433404,
      "avg_affect_weight": 1.0
    },
    "panic": {
      "count": 20,
      "avg_waiting_time": 51.62385187119379,
      "p50_waiting_time": 27.85381789020824,
      "p99_waiting_time": 125.25535226551874,
      "avg_jct": 54.21729805439844,
      "p99_jct": 128.10923100916727,
      "avg_affect_weight": 1.0
    },
    "depression": {
      "count": 20,
      "avg_waiting_time": 41.90138924314989,
      "p50_waiting_time": 19.992948377587815,
      "p99_waiting_time": 123.80079754614759,
      "avg_jct": 44.56240973665728,
      "p99_jct": 127.65674799942899,
      "avg_affect_weight": 1.1100998
    }
  },
  "fairness_analysis": {
    "waiting_time_fairness": {
      "jain_index": 0.9432761986334847,
      "per_quadrant_values": {
        "depression": 41.90138924314989,
        "panic": 51.62385187119379,
        "excited": 26.685317553374198,
        "calm": 33.039003246150195
      },
      "coefficient_of_variation": 0.2452241431347508,
      "max_min_ratio": 1.9345414109440218,
      "depression_vs_others": 1.1289288787988054,
      "mean": 38.31239047846702,
      "std": 9.39512312652606
    },
    "turnaround_time_fairness": {
      "jain_index": 0.9504112284084919,
      "per_quadrant_values": {
        "depression": 44.56240973665728,
        "panic": 54.21729805439844,
        "excited": 29.428033269736197,
        "calm": 35.62933673175353
      },
      "coefficient_of_variation": 0.22842093020553025,
      "max_min_ratio": 1.8423690620927609,