{
  "experiment_name": "FCFS_180jobs_load0.90_fixed",
  "metadata": {
    "scheduler": "FCFS",
    "num_jobs": 180,
    "mode": "fixed_jobs",
    "simulation_duration": null,
    "system_load": 0.9,
    "base_service_time": null,
    "alpha": null,
    "rho": null,
    "emotion_correlation": null,
    "enable_emotion": null,
    "arousal_noise": null,
    "random_seed": 123,
    "starvation_threshold": null,
    "starvation_coefficient": null,
    "beta": null,
    "output_dir": "results/multi_seed_runs/seed_123",
    "verbose": true,
    "model_name": null,
    "dataset_path": null,
    "use_cache": null,
    "force_regenerate": null,
    "device_map": null,
    "dtype": null,
    "load_in_8bit": null,
    "experiment_mode": "fixed_jobs",
    "arrival_rate": 0.8181818181818181,
    "run_metrics": {
      "total_jobs": 180,
      "total_time": 215.7550751364967,
      "throughput": 0.8342793321831415,
      "avg_waiting_time": 3.1114830539375147,
      "avg_jct": 4.199539195737866,
      "p50_waiting_time": 2.633143582507188,
      "p95_waiting_time": 8.432053188830949,
      "p99_waiting_time": 10.316374817562226,
      "p50_jct": 3.7237169016185874,
      "p95_jct": 9.14238854154414,
      "p99_jct": 11.698581662616004,
      "estimated_arrival_rate": 0.8499656310523478,
      "avg_actual_execution_time": 1.0880561418003507,
      "effective_load": 0.9248103251857179,
      "throughput_p25": 0.8064859298287297,
      "throughput_p50": 0.8617335476146208,
      "throughput_p75": 0.8282384122723272
    }
  },
  "num_jobs": 180,
  "total_run_time": 215.7550751364967,
  "overall_metrics": {
    "avg_waiting_time": 3.1114830539375147,
    "std_waiting_time": 2.5370042348439488,
    "p50_waiting_time": 2.633143582507188,
    "p95_waiting_time": 8.432053188830949,
    "p99_waiting_time": 10.316374817562226,
    "avg_turnaround_time": 4.199539195737866,
    "std_turnaround_time": 2.5630156171566516,
    "p99_turnaround_time": 11.698581662616004,
    "avg_service_time": 1.1,
    "throughput": 0.8342793321831415
  },
  "run_metrics": {
    "total_jobs": 180,
    "total_time": 215.7550751364967,
    "throughput": 0.8342793321831415,
    "avg_waiting_time": 3.1114830539375147,
    "avg_jct": 4.199539195737866,
    "p50_waiting_time": 2.633143582507188,
    "p95_waiting_time": 8.432053188830949,
    "p99_waiting_time": 10.316374817562226,
    "p50_jct": 3.7237169016185874,
    "p95_jct": 9.14238854154414,
    "p99_jct": 11.698581662616004,
    "estimated_arrival_rate": 0.8499656310523478,
    "avg_actual_execution_time": 1.0880561418003507,
    "effective_load": 0.9248103251857179,
    "throughput_p25": 0.8064859298287297,
    "throughput_p50": 0.8617335476146208,
    "throughput_p75": 0.8282384122723272
  },
  "llm_metrics": {
    "num_llm_jobs": 180,
    "avg_actual_execution_time": 1.0880561418003507,
    "std_actual_execution_time": 0.42890826809727134,
    "avg_output_token_length": 53.605555555555554,
    "std_output_token_length": 21.349602448086898,
    "cache_hit_count": 0,
    "cache_hit_rate": 0.0,
    "fallback_used_count": 0,
    "error_count": 0,
    "prediction_accuracy": {
      "avg_absolute_error": 0.23437812994851015,
      "std_absolute_error": 0.16672197640824998,
      "avg_relative_error": 0.22844236799864548,
      "median_relative_error": 0.2035698131606007,
      "max_absolute_error": 0.8513237476348876
    }
  },
  "per_emotion_class_metrics": {
    "low": {
      "count": 60,
      "avg_waiting_time": 3.3097278333553772,
      "std_waiting_time": 2.6607258649623655,
      "avg_turnaround_time": 3.901382348621796,
      "std_turnaround_time": 2.68313861795916,
      "avg_predicted_service_time": 0.39599999999999996,
      "avg_measured_execution_time": 0.5916545152664184,
      "p50_waiting_time": 3.1182427057793802,
      "p95_waiting_time": 8.148586129853811,
      "p99_waiting_time": 9.193680831864938
    },
    "medium": {
      "count": 60,
      "avg_waiting_time": 2.950200289272671,
      "std_waiting_time": 2.467257111829069,
      "avg_turnaround_time": 4.111060466153825,
      "std_turnaround_time": 2.4485037392031916,
      "avg_predicted_service_time": 1.0999999999999999,
      "avg_measured_execution_time": 1.1608601768811544,
      "p50_waiting_time": 2.188372099068638,
      "p95_waiting_time": 8.449395840751604,
      "p99_waiting_time": 9.965740410375888
    },
    "high": {
      "count": 60,
      "avg_waiting_time": 3.074521039184495,
      "std_waiting_time": 2.4648879011465348,
      "avg_turnaround_time": 4.5861747724379756,
      "std_turnaround_time": 2.5033039561846353,
      "avg_predicted_service_time": 1.8040000000000005,
      "avg_measured_execution_time": 1.511653733253479,
      "p50_waiting_time": 2.5729243430736872,
      "p95_waiting_time": 7.514283845858391,
      "p99_waiting_time": 10.663020580800799
    },
    "overall": {
      "count": 180,
      "avg_waiting_time": 3.0745210391844955,
      "avg_turnaround_time": 4.586174772437975
    }
  },
  "fairness_analysis": {
    "waiting_time_fairness": {
      "jain_index": 0.9977094537200294,
      "per_class_values": {
        "low": 3.3097278333553772,
        "medium": 2.950200289272671,
        "high": 3.074521039184495
      },
      "coefficient_of_variation": 0.04791455861642343,
      "max_min_ratio": 1.1218654697411554,
      "mean": 3.1114830539375142,
      "std": 0.1490853371718972
    },
    "turnaround_time_fairness": {
      "jain_index": 0.9953679821949916,
      "per_class_values": {
        "low": 3.901382348621796,
        "medium": 4.111060466153825,
        "high": 4.5861747724379756
      },
      "coefficient_of_variation": 0.0682171037138704,
      "max_min_ratio": 1.1755255862215324,
      "mean": 4.199539195737866,
      "std": 0.2864804008661138
    },
    "per_class_metrics": {
      "low": {
        "count": 60,
        "avg_waiting_time": 3.3097278333553772,
        "std_waiting_time": 2.6607258649623655,
        "avg_turnaround_time": 3.901382348621796,
        "std_turnaround_time": 2.68313861795916,
        "avg_predicted_service_time": 0.39599999999999996,
        "avg_measured_execution_time": 0.5916545152664184,
        "p50_waiting_time": 3.1182427057793802,
        "p95_waiting_time": 8.148586129853811,
        "p99_waiting_time": 9.193680831864938
      },
      "medium": {
        "count": 60,
        "avg_waiting_time": 2.950200289272671,
        "std_waiting_time": 2.467257111829069,
        "avg_turnaround_time": 4.111060466153825,
        "std_turnaround_time": 2.4485037392031916,
        "avg_predicted_service_time": 1.0999999999999999,
        "avg_measured_execution_time": 1.1608601768811544,
        "p50_waiting_time": 2.188372099068638,
        "p95_waiting_time": 8.449395840751604,
        "p99_waiting_time": 9.965740410375888
      },
      "high": {
        "count": 60,
        "avg_waiting_time": 3.074521039184495,
        "std_waiting_time": 2.4648879011465348,
        "avg_turnaround_time": 4.5861747724379756,
        "std_turnaround_time": 2.5033039561846353,
        "avg_predicted_service_time": 1.8040000000000005,
        "avg_measured_execution_time": 1.511653733253479,
        "p50_waiting_time": 2.5729243430736872,
        "p95_waiting_time": 7.514283845858391,
        "p99_waiting_time": 10.663020580800799
      },
      "overall": {
        "count": 180,
        "avg_waiting_time": 3.0745210391844955,
        "avg_turnaround_time": 4.586174772437975
      }
    },
    "arousal_valence_distribution": {
      "high_positive": 20,
      "high_neutral": 20,
      "high_negative": 20,
      "medium_positive": 20,
      "medium_neutral": 20,
      "medium_negative": 20,
      "low_positive": 20,
      "low_neutral": 20,
      "low_negative": 20,
      "total": 180
    }
  }
}