{
  "experiment_name": "SSJF-Emotion_180jobs_load0.90_fixed",
  "metadata": {
    "scheduler": "SSJF-Emotion",
    "num_jobs": 180,
    "mode": "fixed_jobs",
    "simulation_duration": null,
    "system_load": 0.9,
    "base_service_time": null,
    "alpha": null,
    "rho": null,
    "emotion_correlation": null,
    "enable_emotion": null,
    "arousal_noise": null,
    "random_seed": 123,
    "starvation_threshold": null,
    "starvation_coefficient": null,
    "beta": null,
    "output_dir": "results/multi_seed_runs/seed_123",
    "verbose": true,
    "model_name": null,
    "dataset_path": null,
    "use_cache": null,
    "force_regenerate": null,
    "device_map": null,
    "dtype": null,
    "load_in_8bit": null,
    "experiment_mode": "fixed_jobs",
    "arrival_rate": 0.8181818181818181,
    "run_metrics": {
      "total_jobs": 180,
      "total_time": 215.7550751364967,
      "throughput": 0.8342793321831415,
      "avg_waiting_time": 2.4044180372439756,
      "avg_jct": 3.492474179044326,
      "p50_waiting_time": 1.0156808859551631,
      "p95_waiting_time": 9.842574512362818,
      "p99_waiting_time": 17.355421840734014,
      "p50_jct": 1.9217981011979184,
      "p95_jct": 11.233947705626822,
      "p99_jct": 18.881735288686283,
      "estimated_arrival_rate": 0.8499656310523478,
      "avg_actual_execution_time": 1.0880561418003507,
      "effective_load": 0.9248103251857179,
      "throughput_p25": 0.8393753504060185,
      "throughput_p50": 0.8670334938186243,
      "throughput_p75": 0.8282384122723272
    }
  },
  "num_jobs": 180,
  "total_run_time": 215.7550751364967,
  "overall_metrics": {
    "avg_waiting_time": 2.4044180372439756,
    "std_waiting_time": 3.5746488374713574,
    "p50_waiting_time": 1.0156808859551631,
    "p95_waiting_time": 9.842574512362818,
    "p99_waiting_time": 17.355421840734014,
    "avg_turnaround_time": 3.492474179044326,
    "std_turnaround_time": 3.8012400273515,
    "p99_turnaround_time": 18.881735288686283,
    "avg_service_time": 1.1,
    "throughput": 0.8342793321831415
  },
  "run_metrics": {
    "total_jobs": 180,
    "total_time": 215.7550751364967,
    "throughput": 0.8342793321831415,
    "avg_waiting_time": 2.4044180372439756,
    "avg_jct": 3.492474179044326,
    "p50_waiting_time": 1.0156808859551631,
    "p95_waiting_time": 9.842574512362818,
    "p99_waiting_time": 17.355421840734014,
    "p50_jct": 1.9217981011979184,
    "p95_jct": 11.233947705626822,
    "p99_jct": 18.881735288686283,
    "estimated_arrival_rate": 0.8499656310523478,
    "avg_actual_execution_time": 1.0880561418003507,
    "effective_load": 0.9248103251857179,
    "throughput_p25": 0.8393753504060185,
    "throughput_p50": 0.8670334938186243,
    "throughput_p75": 0.8282384122723272
  },
  "llm_metrics": {
    "num_llm_jobs": 180,
    "avg_actual_execution_time": 1.0880561418003507,
    "std_actual_execution_time": 0.42890826809727134,
    "avg_output_token_length": 53.605555555555554,
    "std_output_token_length": 21.349602448086895,
    "cache_hit_count": 180,
    "cache_hit_rate": 1.0,
    "fallback_used_count": 0,
    "error_count": 0,
    "prediction_accuracy": {
      "avg_absolute_error": 0.23437812994851015,
      "std_absolute_error": 0.16672197640824996,
      "avg_relative_error": 0.22844236799864548,
      "median_relative_error": 0.2035698131606007,
      "max_absolute_error": 0.8513237476348876
    }
  },
  "per_emotion_class_metrics": {
    "low": {
      "count": 60,
      "avg_waiting_time": 0.6291253901371461,
      "std_waiting_time": 0.47583976663701627,
      "avg_turnaround_time": 1.2207799054035646,
      "std_turnaround_time": 0.5139134971224578,
      "avg_predicted_service_time": 0.39599999999999996,
      "avg_measured_execution_time": 0.5916545152664184,
      "p50_waiting_time": 0.588875641764254,
      "p95_waiting_time": 1.3832670521364752,
      "p99_waiting_time": 1.865379843680957
    },
    "medium": {
      "count": 60,
      "avg_waiting_time": 1.1050736405287236,
      "std_waiting_time": 0.8477202362466097,
      "avg_turnaround_time": 2.265933817409878,
      "std_turnaround_time": 0.8871247323015254,
      "avg_predicted_service_time": 1.0999999999999999,
      "avg_measured_execution_time": 1.1608601768811544,
      "p50_waiting_time": 0.8801223993873037,
      "p95_waiting_time": 2.4664020729181715,
      "p99_waiting_time": 3.382215688279799
    },
    "high": {
      "count": 60,
      "avg_waiting_time": 5.4790550810660585,
      "std_waiting_time": 4.805823244342317,
      "avg_turnaround_time": 6.990708814319537,
      "std_turnaround_time": 4.8367900686697505,
      "avg_predicted_service_time": 1.8040000000000005,
      "avg_measured_execution_time": 1.511653733253479,
      "p50_waiting_time": 3.73705240099126,
      "p95_waiting_time": 16.821036990659486,
      "p99_waiting_time": 17.90159154547782
    },
    "overall": {
      "count": 180,
      "avg_waiting_time": 5.479055081066056,
      "avg_turnaround_time": 6.990708814319536
    }
  },
  "fairness_analysis": {
    "waiting_time_fairness": {
      "jain_index": 0.5482081502767253,
      "per_class_values": {
        "low": 0.6291253901371461,
        "medium": 1.1050736405287236,
        "high": 5.4790550810660585
      },
      "coefficient_of_variation": 0.9078131137754786,
      "max_min_ratio": 8.709003271782837,
      "mean": 2.404418037243976,
      "std": 2.1827622252083785
    },
    "turnaround_time_fairness": {
      "jain_index": 0.6593797593898123,
      "per_class_values": {
        "low": 1.2207799054035646,
        "medium": 2.265933817409878,
        "high": 6.990708814319537
      },
      "coefficient_of_variation": 0.7187327257234295,
      "max_min_ratio": 5.726428476891216,
      "mean": 3.492474179044327,
      "std": 2.510155486223226
    },
    "per_class_metrics": {
      "low": {
        "count": 60,
        "avg_waiting_time": 0.6291253901371461,
        "std_waiting_time": 0.47583976663701627,
        "avg_turnaround_time": 1.2207799054035646,
        "std_turnaround_time": 0.5139134971224578,
        "avg_predicted_service_time": 0.39599999999999996,
        "avg_measured_execution_time": 0.5916545152664184,
        "p50_waiting_time": 0.588875641764254,
        "p95_waiting_time": 1.3832670521364752,
        "p99_waiting_time": 1.865379843680957
      },
      "medium": {
        "count": 60,
        "avg_waiting_time": 1.1050736405287236,
        "std_waiting_time": 0.8477202362466097,
        "avg_turnaround_time": 2.265933817409878,
        "std_turnaround_time": 0.8871247323015254,
        "avg_predicted_service_time": 1.0999999999999999,
        "avg_measured_execution_time": 1.1608601768811544,
        "p50_waiting_time": 0.8801223993873037,
        "p95_waiting_time": 2.4664020729181715,
        "p99_waiting_time": 3.382215688279799
      },
      "high": {
        "count": 60,
        "avg_waiting_time": 5.4790550810660585,
        "std_waiting_time": 4.805823244342317,
        "avg_turnaround_time": 6.990708814319537,
        "std_turnaround_time": 4.8367900686697505,
        "avg_predicted_service_time": 1.8040000000000005,
        "avg_measured_execution_time": 1.511653733253479,
        "p50_waiting_time": 3.73705240099126,
        "p95_waiting_time": 16.821036990659486,
        "p99_waiting_time": 17.90159154547782
      },
      "overall": {
        "count": 180,
        "avg_waiting_time": 5.479055081066056,
        "avg_turnaround_time": 6.990708814319536
      }
    },
    "arousal_valence_distribution": {
      "high_positive": 20,
      "high_neutral": 20,
      "high_negative": 20,
      "medium_positive": 20,
      "medium_neutral": 20,
      "medium_negative": 20,
      "low_positive": 20,
      "low_neutral": 20,
      "low_negative": 20,
      "total": 180
    }
  }
}