{
  "experiment_name": "AW-SSJF_80jobs_load0.90_fixed",
  "metadata": {
    "scheduler": "AW-SSJF",
    "num_jobs": 80,
    "mode": "fixed_jobs",
    "simulation_duration": null,
    "system_load": 0.9,
    "base_service_time": null,
    "w_max": 2.0,
    "p": 1.0,
    "q": 1.0,
    "use_confidence": true,
    "weight_exponent": 4.0,
    "gamma_panic": 0.3,
    "gamma_dep": null,
    "weight_mode": "dual",
    "enable_emotion": null,
    "arousal_noise": null,
    "random_seed": 42,
    "starvation_threshold": null,
    "starvation_coefficient": null,
    "output_dir": "results/experiments/exp3_gamma_sweep/gamma0.3",
    "verbose": null,
    "model_name": null,
    "dataset_path": null,
    "use_cache": null,
    "force_regenerate": null,
    "device_map": null,
    "dtype": null,
    "load_in_8bit": null,
    "force_new_job_config": null,
    "use_saved_job_config": true,
    "experiment_mode": "fixed_jobs",
    "arrival_rate": 0.45,
    "run_metrics": {
      "total_jobs": 80,
      "total_time": 220.957042767553,
      "throughput": 0.3620613264821799,
      "avg_waiting_time": 24.942099976096724,
      "avg_jct": 27.560538067970846,
      "p50_waiting_time": 10.541503066928989,
      "p95_waiting_time": 106.81980101891399,
      "p99_waiting_time": 150.01823267672754,
      "p50_jct": 13.632088677734046,
      "p95_jct": 110.6995699150169,
      "p99_jct": 155.22792750571466,
      "estimated_arrival_rate": 0.4775629988044028,
      "avg_actual_execution_time": 2.618438091874123,
      "effective_load": 1.2504691473390843,
      "throughput_p25": 0.3512421444807547,
      "throughput_p50": 0.3657791136036624,
      "throughput_p75": 0.35900422596890613,
      "aw_jct": 24.273052773712084
    }
  },
  "num_jobs": 80,
  "total_run_time": 220.957042767553,
  "overall_metrics": {
    "avg_waiting_time": 24.942099976096724,
    "std_waiting_time": 34.47492500000628,
    "p50_waiting_time": 10.541503066928989,
    "p95_waiting_time": 106.81980101891399,
    "p99_waiting_time": 150.01823267672754,
    "avg_turnaround_time": 27.560538067970846,
    "std_turnaround_time": 34.81455960730829,
    "p99_turnaround_time": 155.22792750571466,
    "avg_service_time": 2.1638034076690675,
    "throughput": 0.3620613264821799,
    "aw_jct": 24.273052773712084,
    "total_affect_weight": 104.1098842737755,
    "avg_affect_weight": 1.3013735534221937
  },
  "run_metrics": {
    "total_jobs": 80,
    "total_time": 220.957042767553,
    "throughput": 0.3620613264821799,
    "avg_waiting_time": 24.942099976096724,
    "avg_jct": 27.560538067970846,
    "p50_waiting_time": 10.541503066928989,
    "p95_waiting_time": 106.81980101891399,
    "p99_waiting_time": 150.01823267672754,
    "p50_jct": 13.632088677734046,
    "p95_jct": 110.6995699150169,
    "p99_jct": 155.22792750571466,
    "estimated_arrival_rate": 0.4775629988044028,
    "avg_actual_execution_time": 2.618438091874123,
    "effective_load": 1.2504691473390843,
    "throughput_p25": 0.3512421444807547,
    "throughput_p50": 0.3657791136036624,
    "throughput_p75": 0.35900422596890613,
    "aw_jct": 24.273052773712084
  },
  "llm_metrics": {
    "num_llm_jobs": 80,
    "avg_actual_execution_time": 2.618438091874123,
    "std_actual_execution_time": 1.2417234530535746,
    "avg_output_token_length": 128.625,
    "std_output_token_length": 61.22057966893159,
    "cache_hit_count": 0,
    "cache_hit_rate": 0.0,
    "fallback_used_count": 0,
    "error_count": 0,
    "prediction_accuracy": {
      "avg_absolute_error": 0.9996832982301711,
      "std_absolute_error": 0.8916545501387088,
      "avg_relative_error": 0.43920002846975414,
      "median_relative_error": 0.3203514431312181,
      "max_absolute_error": 3.8469895362854003
    }
  },
  "per_emotion_class_metrics": {
    "depression": {
      "count": 20,
      "avg_waiting_time": 9.015747775969404,
      "std_waiting_time": 6.719118751638958,
      "avg_turnaround_time": 11.647954680857556,
      "std_turnaround_time": 7.155790202802137,
      "avg_predicted_service_time": 2.2728546142578123,
      "avg_measured_execution_time": 2.632206904888153,
      "avg_affect_weight": 1.7143353566673862,
      "p50_waiting_time": 6.746995957599097,
      "p95_waiting_time": 22.479706843366408,
      "p99_waiting_time": 28.184629265893097
    },
    "panic": {
      "count": 20,
      "avg_waiting_time": 12.527364662634415,
      "std_waiting_time": 9.778192710244719,
      "avg_turnaround_time": 15.093104663836044,
      "std_turnaround_time": 10.108576710219321,
      "avg_predicted_service_time": 2.392194450378418,
      "avg_measured_execution_time": 2.56574000120163,
      "avg_affect_weight": 1.4071937119871893,
      "p50_waiting_time": 10.038470493280187,
      "p95_waiting_time": 28.741254949208468,
      "p99_waiting_time": 39.67224269017188
    },
    "excited": {
      "count": 20,
      "avg_waiting_time": 37.76603948269302,
      "std_waiting_time": 43.08160280201464,
      "avg_turnaround_time": 40.480187837223355,
      "std_turnaround_time": 43.80835506190254,
      "avg_predicted_service_time": 2.0685425910949706,
      "avg_measured_execution_time": 2.7141483545303347,
      "avg_affect_weight": 1.0236754560750314,
      "p50_waiting_time": 22.952592379939993,
      "p95_waiting_time": 119.78398027545651,
      "p99_waiting_time": 140.40297930246317
    },
    "calm": {
      "count": 20,
      "avg_waiting_time": 40.459247983090066,
      "std_waiting_time": 44.09408181956802,
      "avg_turnaround_time": 43.02090508996643,
      "std_turnaround_time": 44.28392607354651,
      "avg_predicted_service_time": 1.9216219749450687,
      "avg_measured_execution_time": 2.5616571068763734,
      "avg_affect_weight": 1.060289688959168,
      "p50_waiting_time": 22.540416334854335,
      "p95_waiting_time": 111.82162179890909,
      "p99_waiting_time": 155.80290234053578
    },
    "overall": {
      "count": 80,
      "avg_waiting_time": 24.94209997609672,
      "avg_turnaround_time": 27.560538067970846
    }
  },
  "per_quadrant_metrics": {
    "excited": {
      "count": 20,
      "avg_waiting_time": 37.76603948269302,
      "p50_waiting_time": 22.952592379939993,
      "p99_waiting_time": 140.40297930246317,
      "avg_jct": 40.480187837223355,
      "p99_jct": 144.96956008916817,
      "avg_affect_weight": 1.0236754560750314
    },
    "calm": {
      "count": 20,
      "avg_waiting_time": 40.459247983090066,
      "p50_waiting_time": 22.540416334854335,
      "p99_waiting_time": 155.80290234053578,
      "avg_jct": 43.02090508996643,
      "p99_jct": 160.46101459467855,
      "avg_affect_weight": 1.060289688959168
    },
    "panic": {
      "count": 20,
      "avg_waiting_time": 12.527364662634415,
      "p50_waiting_time": 10.038470493280187,
      "p99_waiting_time": 39.67224269017188,
      "avg_jct": 15.093104663836044,
      "p99_jct": 42.207050613012,
      "avg_affect_weight": 1.4071937119871893
    },
    "depression": {
      "count": 20,
      "avg_waiting_time": 9.015747775969404,
      "p50_waiting_time": 6.746995957599097,
      "p99_waiting_time": 28.184629265893097,
      "avg_jct": 11.647954680857556,
      "p99_jct": 32.12812273703872,
      "avg_affect_weight": 1.7143353566673862
    }
  },
  "fairness_analysis": {
    "waiting_time_fairness": {
      "jain_index": 0.7537411248544917,
      "per_quadrant_values": {
        "depression": 9.015747775969404,
        "panic": 12.527364662634415,
        "excited": 37.76603948269302,
        "calm": 40.459247983090066
      },
      "coefficient_of_variation": 0.5715902866372622,
      "max_min_ratio": 4.487619772475251,
      "depression_vs_others": 0.2980325389238831,
      "mean": 24.942099976096728,
      "std": 14.256662074672379
    },
    "turnaround_time_fairness": {
      "jain_index": 0.7885792099361016,
      "per_quadrant_values": {
        "depression": 11.647954680857556,
        "panic": 15.093104663836044,
        "excited": 40.480187837223355,