{
  "experiment_name": "SSJF-Valence_180jobs_load0.90_fixed",
  "metadata": {
    "scheduler": "SSJF-Valence",
    "num_jobs": 180,
    "mode": "fixed_jobs",
    "simulation_duration": null,
    "system_load": 0.9,
    "base_service_time": null,
    "alpha": null,
    "rho": null,
    "emotion_correlation": null,
    "enable_emotion": null,
    "arousal_noise": null,
    "random_seed": 7890,
    "starvation_threshold": null,
    "starvation_coefficient": null,
    "beta": null,
    "output_dir": "results/multi_seed_runs/seed_7890",
    "verbose": true,
    "model_name": null,
    "dataset_path": null,
    "use_cache": null,
    "force_regenerate": null,
    "device_map": null,
    "dtype": null,
    "load_in_8bit": null,
    "experiment_mode": "fixed_jobs",
    "arrival_rate": 0.8181818181818181,
    "run_metrics": {
      "total_jobs": 180,
      "total_time": 218.59128821182566,
      "throughput": 0.8234545917748158,
      "avg_waiting_time": 4.421110700052842,
      "avg_jct": 5.554593932445047,
      "p50_waiting_time": 1.4383942444623248,
      "p95_waiting_time": 19.526415596934765,
      "p99_waiting_time": 33.48545614342812,
      "p50_jct": 2.662388906537686,
      "p95_jct": 20.694373355838263,
      "p99_jct": 34.418458207656165,
      "estimated_arrival_rate": 0.8286374349467234,
      "avg_actual_execution_time": 1.133483232392205,
      "effective_load": 0.9392466382445975,
      "throughput_p25": 0.7516942239188584,
      "throughput_p50": 0.796832819602229,
      "throughput_p75": 0.819152533955448
    },
    "valence_beta": 0.8
  },
  "num_jobs": 180,
  "total_run_time": 218.59128821182566,
  "overall_metrics": {
    "avg_waiting_time": 4.421110700052842,
    "std_waiting_time": 6.876068290187353,
    "p50_waiting_time": 1.4383942444623248,
    "p95_waiting_time": 19.526415596934765,
    "p99_waiting_time": 33.48545614342812,
    "avg_turnaround_time": 5.554593932445047,
    "std_turnaround_time": 6.8652834269922804,
    "p99_turnaround_time": 34.418458207656165,
    "avg_service_time": 1.1,
    "throughput": 0.8234545917748158
  },
  "run_metrics": {
    "total_jobs": 180,
    "total_time": 218.59128821182566,
    "throughput": 0.8234545917748158,
    "avg_waiting_time": 4.421110700052842,
    "avg_jct": 5.554593932445047,
    "p50_waiting_time": 1.4383942444623248,
    "p95_waiting_time": 19.526415596934765,
    "p99_waiting_time": 33.48545614342812,
    "p50_jct": 2.662388906537686,
    "p95_jct": 20.694373355838263,
    "p99_jct": 34.418458207656165,
    "estimated_arrival_rate": 0.8286374349467234,
    "avg_actual_execution_time": 1.133483232392205,
    "effective_load": 0.9392466382445975,
    "throughput_p25": 0.7516942239188584,
    "throughput_p50": 0.796832819602229,
    "throughput_p75": 0.819152533955448
  },
  "llm_metrics": {
    "num_llm_jobs": 180,
    "avg_actual_execution_time": 1.133483232392205,
    "std_actual_execution_time": 0.4412526131207032,
    "avg_output_token_length": 55.71666666666667,
    "std_output_token_length": 21.728699659411028,
    "cache_hit_count": 180,
    "cache_hit_rate": 1.0,
    "fallback_used_count": 0,
    "error_count": 0,
    "prediction_accuracy": {
      "avg_absolute_error": 0.23573605855305999,
      "std_absolute_error": 0.19589761946046694,
      "avg_relative_error": 0.22325559115453675,
      "median_relative_error": 0.1951534882562045,
      "max_absolute_error": 1.0886970996856689
    }
  },
  "per_emotion_class_metrics": {
    "medium": {
      "count": 60,
      "avg_waiting_time": 4.008112405249019,
      "std_waiting_time": 6.502806656888542,
      "avg_turnaround_time": 5.1974955146596225,
      "std_turnaround_time": 6.467545892204367,
      "avg_predicted_service_time": 1.0999999999999999,
      "avg_measured_execution_time": 1.1893831094106038,
      "p50_waiting_time": 1.164659960662851,
      "p95_waiting_time": 19.526415596934765,
      "p99_waiting_time": 25.46563872832958
    },
    "high": {
      "count": 60,
      "avg_waiting_time": 5.007977584569367,
      "std_waiting_time": 7.200359825370426,
      "avg_turnaround_time": 6.574045284160686,
      "std_turnaround_time": 7.168488701185861,
      "avg_predicted_service_time": 1.8040000000000005,
      "avg_measured_execution_time": 1.5660676995913188,
      "p50_waiting_time": 1.3371951207536839,
      "p95_waiting_time": 18.61993471520338,
      "p99_waiting_time": 26.988539581333026
    },
    "low": {
      "count": 60,
      "avg_waiting_time": 4.2472421103401405,
      "std_waiting_time": 6.867609390765904,
      "avg_turnaround_time": 4.892240998514834,
      "std_turnaround_time": 6.824548169983126,
      "avg_predicted_service_time": 0.39599999999999996,
      "avg_measured_execution_time": 0.6449988881746928,
      "p50_waiting_time": 1.8066813821234966,
      "p95_waiting_time": 17.56755149661844,
      "p99_waiting_time": 30.18058232605494
    },
    "overall": {
      "count": 180,
      "avg_waiting_time": 4.2472421103401405,
      "avg_turnaround_time": 4.892240998514833
    }
  },
  "fairness_analysis": {
    "waiting_time_fairness": {
      "jain_index": 0.9907878511938609,
      "per_class_values": {
        "medium": 4.008112405249019,
        "high": 5.007977584569367,
        "low": 4.2472421103401405
      },
      "coefficient_of_variation": 0.0964251084389965,
      "max_min_ratio": 1.2494603639386275,
      "mean": 4.421110700052842,
      "std": 0.42630607867340303
    },
    "turnaround_time_fairness": {
      "jain_index": 0.9829502066163476,
      "per_class_values": {
        "medium": 5.1974955146596225,
        "high": 6.574045284160686,
        "low": 4.892240998514834
      },
      "coefficient_of_variation": 0.13170243393773845,
      "max_min_ratio": 1.343769713339226,
      "mean": 5.554593932445047,
      "std": 0.7315535404388067
    },
    "per_class_metrics": {
      "medium": {
        "count": 60,
        "avg_waiting_time": 4.008112405249019,
        "std_waiting_time": 6.502806656888542,
        "avg_turnaround_time": 5.1974955146596225,
        "std_turnaround_time": 6.467545892204367,
        "avg_predicted_service_time": 1.0999999999999999,
        "avg_measured_execution_time": 1.1893831094106038,
        "p50_waiting_time": 1.164659960662851,
        "p95_waiting_time": 19.526415596934765,
        "p99_waiting_time": 25.46563872832958
      },
      "high": {
        "count": 60,
        "avg_waiting_time": 5.007977584569367,
        "std_waiting_time": 7.200359825370426,
        "avg_turnaround_time": 6.574045284160686,
        "std_turnaround_time": 7.168488701185861,
        "avg_predicted_service_time": 1.8040000000000005,
        "avg_measured_execution_time": 1.5660676995913188,
        "p50_waiting_time": 1.3371951207536839,
        "p95_waiting_time": 18.61993471520338,
        "p99_waiting_time": 26.988539581333026
      },
      "low": {
        "count": 60,
        "avg_waiting_time": 4.2472421103401405,
        "std_waiting_time": 6.867609390765904,
        "avg_turnaround_time": 4.892240998514834,
        "std_turnaround_time": 6.824548169983126,
        "avg_predicted_service_time": 0.39599999999999996,
        "avg_measured_execution_time": 0.6449988881746928,
        "p50_waiting_time": 1.8066813821234966,
        "p95_waiting_time": 17.56755149661844,
        "p99_waiting_time": 30.18058232605494
      },
      "overall": {
        "count": 180,
        "avg_waiting_time": 4.2472421103401405,
        "avg_turnaround_time": 4.892240998514833
      }
    },
    "arousal_valence_distribution": {
      "high_positive": 20,
      "high_neutral": 20,
      "high_negative": 20,
      "medium_positive": 20,
      "medium_neutral": 20,
      "medium_negative": 20,
      "low_positive": 20,
      "low_neutral": 20,
      "low_negative": 20,
      "total": 180
    },
    "valence_fairness": {
      "weighted_jain_index": 0.8835863169032192,
      "per_valence_values": {
        "negative": 0.8898712732526567,
        "neutral": 2.2947582862918954,