{
  "experiment_name": "SSJF-Emotion_180jobs_load0.90_fixed",
  "metadata": {
    "scheduler": "SSJF-Emotion",
    "num_jobs": 180,
    "mode": "fixed_jobs",
    "simulation_duration": null,
    "system_load": 0.9,
    "base_service_time": null,
    "alpha": null,
    "rho": null,
    "emotion_correlation": null,
    "enable_emotion": null,
    "arousal_noise": null,
    "random_seed": 7890,
    "starvation_threshold": null,
    "starvation_coefficient": null,
    "beta": null,
    "output_dir": "results/multi_seed_runs/seed_7890",
    "verbose": true,
    "model_name": null,
    "dataset_path": null,
    "use_cache": null,
    "force_regenerate": null,
    "device_map": null,
    "dtype": null,
    "load_in_8bit": null,
    "experiment_mode": "fixed_jobs",
    "arrival_rate": 0.8181818181818181,
    "run_metrics": {
      "total_jobs": 180,
      "total_time": 218.59128821182566,
      "throughput": 0.8234545917748158,
      "avg_waiting_time": 3.4210848488561294,
      "avg_jct": 4.554568081248335,
      "p50_waiting_time": 1.2033645488880467,
      "p95_waiting_time": 15.077664608294915,
      "p99_waiting_time": 18.10597873066978,
      "p50_jct": 2.280346326640327,
      "p95_jct": 16.633787222236865,
      "p99_jct": 19.410314765921395,
      "estimated_arrival_rate": 0.8286374349467234,
      "avg_actual_execution_time": 1.133483232392205,
      "effective_load": 0.9392466382445975,
      "throughput_p25": 0.7516942239188584,
      "throughput_p50": 0.7979756840098734,
      "throughput_p75": 0.8328849653784496
    }
  },
  "num_jobs": 180,
  "total_run_time": 218.59128821182566,
  "overall_metrics": {
    "avg_waiting_time": 3.4210848488561294,
    "std_waiting_time": 4.804098211095878,
    "p50_waiting_time": 1.2033645488880467,
    "p95_waiting_time": 15.077664608294915,
    "p99_waiting_time": 18.10597873066978,
    "avg_turnaround_time": 4.554568081248335,
    "std_turnaround_time": 5.019779486396778,
    "p99_turnaround_time": 19.410314765921395,
    "avg_service_time": 1.1,
    "throughput": 0.8234545917748158
  },
  "run_metrics": {
    "total_jobs": 180,
    "total_time": 218.59128821182566,
    "throughput": 0.8234545917748158,
    "avg_waiting_time": 3.4210848488561294,
    "avg_jct": 4.554568081248335,
    "p50_waiting_time": 1.2033645488880467,
    "p95_waiting_time": 15.077664608294915,
    "p99_waiting_time": 18.10597873066978,
    "p50_jct": 2.280346326640327,
    "p95_jct": 16.633787222236865,
    "p99_jct": 19.410314765921395,
    "estimated_arrival_rate": 0.8286374349467234,
    "avg_actual_execution_time": 1.133483232392205,
    "effective_load": 0.9392466382445975,
    "throughput_p25": 0.7516942239188584,
    "throughput_p50": 0.7979756840098734,
    "throughput_p75": 0.8328849653784496
  },
  "llm_metrics": {
    "num_llm_jobs": 180,
    "avg_actual_execution_time": 1.133483232392205,
    "std_actual_execution_time": 0.4412526131207032,
    "avg_output_token_length": 55.71666666666667,
    "std_output_token_length": 21.728699659411024,
    "cache_hit_count": 180,
    "cache_hit_rate": 1.0,
    "fallback_used_count": 0,
    "error_count": 0,
    "prediction_accuracy": {
      "avg_absolute_error": 0.23573605855305999,
      "std_absolute_error": 0.19589761946046694,
      "avg_relative_error": 0.22325559115453678,
      "median_relative_error": 0.1951534882562045,
      "max_absolute_error": 1.0886970996856689
    }
  },
  "per_emotion_class_metrics": {
    "medium": {
      "count": 60,
      "avg_waiting_time": 1.4432408238535521,
      "std_waiting_time": 1.3303029892977367,
      "avg_turnaround_time": 2.632623933264156,
      "std_turnaround_time": 1.3473886789052,
      "avg_predicted_service_time": 1.0999999999999999,
      "avg_measured_execution_time": 1.1893831094106038,
      "p50_waiting_time": 0.9997049908830746,
      "p95_waiting_time": 4.428561940130503,
      "p99_waiting_time": 4.762732006068272
    },
    "high": {
      "count": 60,
      "avg_waiting_time": 7.9536995684789735,
      "std_waiting_time": 5.9913045108184795,
      "avg_turnaround_time": 9.519767268070295,
      "std_turnaround_time": 5.960701261219498,
      "avg_predicted_service_time": 1.8040000000000005,
      "avg_measured_execution_time": 1.5660676995913188,
      "p50_waiting_time": 9.043088268919263,
      "p95_waiting_time": 17.559972450981675,
      "p99_waiting_time": 18.44577241346394
    },
    "low": {
      "count": 60,
      "avg_waiting_time": 0.8663141542358619,
      "std_waiting_time": 0.767676100321549,
      "avg_turnaround_time": 1.5113130424105548,
      "std_turnaround_time": 0.8004180122938674,
      "avg_predicted_service_time": 0.39599999999999996,
      "avg_measured_execution_time": 0.6449988881746928,
      "p50_waiting_time": 0.7743053912353126,
      "p95_waiting_time": 2.08096812954858,
      "p99_waiting_time": 3.54921048879029
    },
    "overall": {
      "count": 180,
      "avg_waiting_time": 0.8663141542358618,
      "avg_turnaround_time": 1.5113130424105545
    }
  },
  "fairness_analysis": {
    "waiting_time_fairness": {
      "jain_index": 0.5312290023032231,
      "per_class_values": {
        "medium": 1.4432408238535521,
        "high": 7.9536995684789735,
        "low": 0.8663141542358619
      },
      "coefficient_of_variation": 0.9393760398588286,
      "max_min_ratio": 9.181080015360694,
      "mean": 3.4210848488561294,
      "std": 3.21368513733951
    },
    "turnaround_time_fairness": {
      "jain_index": 0.6233153748199478,
      "per_class_values": {
        "medium": 2.632623933264156,
        "high": 9.519767268070295,
        "low": 1.5113130424105548
      },
      "coefficient_of_variation": 0.7773829790843613,
      "max_min_ratio": 6.2990042439428695,
      "mean": 4.554568081248335,
      "std": 3.5406437034433735
    },
    "per_class_metrics": {
      "medium": {
        "count": 60,
        "avg_waiting_time": 1.4432408238535521,
        "std_waiting_time": 1.3303029892977367,
        "avg_turnaround_time": 2.632623933264156,
        "std_turnaround_time": 1.3473886789052,
        "avg_predicted_service_time": 1.0999999999999999,
        "avg_measured_execution_time": 1.1893831094106038,
        "p50_waiting_time": 0.9997049908830746,
        "p95_waiting_time": 4.428561940130503,
        "p99_waiting_time": 4.762732006068272
      },
      "high": {
        "count": 60,
        "avg_waiting_time": 7.9536995684789735,
        "std_waiting_time": 5.9913045108184795,
        "avg_turnaround_time": 9.519767268070295,
        "std_turnaround_time": 5.960701261219498,
        "avg_predicted_service_time": 1.8040000000000005,
        "avg_measured_execution_time": 1.5660676995913188,
        "p50_waiting_time": 9.043088268919263,
        "p95_waiting_time": 17.559972450981675,
        "p99_waiting_time": 18.44577241346394
      },
      "low": {
        "count": 60,
        "avg_waiting_time": 0.8663141542358619,
        "std_waiting_time": 0.767676100321549,
        "avg_turnaround_time": 1.5113130424105548,
        "std_turnaround_time": 0.8004180122938674,
        "avg_predicted_service_time": 0.39599999999999996,
        "avg_measured_execution_time": 0.6449988881746928,
        "p50_waiting_time": 0.7743053912353126,
        "p95_waiting_time": 2.08096812954858,
        "p99_waiting_time": 3.54921048879029
      },
      "overall": {
        "count": 180,
        "avg_waiting_time": 0.8663141542358618,
        "avg_turnaround_time": 1.5113130424105545
      }
    },
    "arousal_valence_distribution": {
      "high_positive": 20,
      "high_neutral": 20,
      "high_negative": 20,
      "medium_positive": 20,
      "medium_neutral": 20,
      "medium_negative": 20,
      "low_positive": 20,
      "low_neutral": 20,
      "low_negative": 20,
      "total": 180
    }
  }
}