{
  "experiment_name": "SSJF-Emotion_180jobs_load0.90_fixed",
  "metadata": {
    "scheduler": "SSJF-Emotion",
    "num_jobs": 180,
    "mode": "fixed_jobs",
    "simulation_duration": null,
    "system_load": 0.9,
    "base_service_time": null,
    "alpha": null,
    "rho": null,
    "emotion_correlation": null,
    "enable_emotion": null,
    "arousal_noise": null,
    "random_seed": 5678,
    "starvation_threshold": null,
    "starvation_coefficient": null,
    "beta": null,
    "output_dir": "results/multi_seed_runs/seed_5678",
    "verbose": true,
    "model_name": null,
    "dataset_path": null,
    "use_cache": null,
    "force_regenerate": null,
    "device_map": null,
    "dtype": null,
    "load_in_8bit": null,
    "experiment_mode": "fixed_jobs",
    "arrival_rate": 0.8181818181818181,
    "run_metrics": {
      "total_jobs": 180,
      "total_time": 239.24212979707318,
      "throughput": 0.7523758468154302,
      "avg_waiting_time": 1.9099426257827856,
      "avg_jct": 2.9842677581527806,
      "p50_waiting_time": 0.8968769063660531,
      "p95_waiting_time": 8.109984318177942,
      "p99_waiting_time": 11.570242112569293,
      "p50_jct": 1.8519184681208563,
      "p95_jct": 9.867495543440404,
      "p99_jct": 13.399807260922872,
      "estimated_arrival_rate": 0.763314599839358,
      "avg_actual_execution_time": 1.0743251323699952,
      "effective_load": 0.8200480585123682,
      "throughput_p25": 0.8308539631876857,
      "throughput_p50": 0.7917071496433182,
      "throughput_p75": 0.7651403801031341
    }
  },
  "num_jobs": 180,
  "total_run_time": 239.24212979707318,
  "overall_metrics": {
    "avg_waiting_time": 1.9099426257827856,
    "std_waiting_time": 2.729798796002662,
    "p50_waiting_time": 0.8968769063660531,
    "p95_waiting_time": 8.109984318177942,
    "p99_waiting_time": 11.570242112569293,
    "avg_turnaround_time": 2.9842677581527806,
    "std_turnaround_time": 2.9497114552023773,
    "p99_turnaround_time": 13.399807260922872,
    "avg_service_time": 1.1,
    "throughput": 0.7523758468154302
  },
  "run_metrics": {
    "total_jobs": 180,
    "total_time": 239.24212979707318,
    "throughput": 0.7523758468154302,
    "avg_waiting_time": 1.9099426257827856,
    "avg_jct": 2.9842677581527806,
    "p50_waiting_time": 0.8968769063660531,
    "p95_waiting_time": 8.109984318177942,
    "p99_waiting_time": 11.570242112569293,
    "p50_jct": 1.8519184681208563,
    "p95_jct": 9.867495543440404,
    "p99_jct": 13.399807260922872,
    "estimated_arrival_rate": 0.763314599839358,
    "avg_actual_execution_time": 1.0743251323699952,
    "effective_load": 0.8200480585123682,
    "throughput_p25": 0.8308539631876857,
    "throughput_p50": 0.7917071496433182,
    "throughput_p75": 0.7651403801031341
  },
  "llm_metrics": {
    "num_llm_jobs": 180,
    "avg_actual_execution_time": 1.0743251323699952,
    "std_actual_execution_time": 0.4231889132604884,
    "avg_output_token_length": 52.833333333333336,
    "std_output_token_length": 21.0260420537115,
    "cache_hit_count": 180,
    "cache_hit_rate": 1.0,
    "fallback_used_count": 0,
    "error_count": 0,
    "prediction_accuracy": {
      "avg_absolute_error": 0.2273260738584732,
      "std_absolute_error": 0.1804185937036799,
      "avg_relative_error": 0.22262271659708943,
      "median_relative_error": 0.19317490436893306,
      "max_absolute_error": 0.8274046459197999
    }
  },
  "per_emotion_class_metrics": {
    "low": {
      "count": 60,
      "avg_waiting_time": 0.550085940140624,
      "std_waiting_time": 0.4390231166992623,
      "avg_turnaround_time": 1.138093799529611,
      "std_turnaround_time": 0.4677053797570752,
      "avg_predicted_service_time": 0.39599999999999996,
      "avg_measured_execution_time": 0.5880078593889873,
      "p50_waiting_time": 0.5871348746985028,
      "p95_waiting_time": 1.1810984043653292,
      "p99_waiting_time": 1.4035022399711097
    },
    "medium": {
      "count": 60,
      "avg_waiting_time": 1.688512537620965,
      "std_waiting_time": 1.6790139291216797,
      "avg_turnaround_time": 2.8279493985002273,
      "std_turnaround_time": 1.6804442941725826,
      "avg_predicted_service_time": 1.0999999999999999,
      "avg_measured_execution_time": 1.1394368608792622,
      "p50_waiting_time": 1.1543628028679365,
      "p95_waiting_time": 5.576402970014051,
      "p99_waiting_time": 6.164983746540135
    },
    "high": {
      "count": 60,
      "avg_waiting_time": 3.4912293995867674,
      "std_waiting_time": 3.8658590220487032,
      "avg_turnaround_time": 4.986760076428505,
      "std_turnaround_time": 3.9518327974459373,
      "avg_predicted_service_time": 1.8040000000000005,
      "avg_measured_execution_time": 1.4955306768417358,
      "p50_waiting_time": 1.738644123774849,
      "p95_waiting_time": 10.91338968832615,
      "p99_waiting_time": 14.60104562082213
    },
    "overall": {
      "count": 180,
      "avg_waiting_time": 3.491229399586768,
      "avg_turnaround_time": 4.986760076428504
    }
  },
  "fairness_analysis": {
    "waiting_time_fairness": {
      "jain_index": 0.7132962799360272,
      "per_class_values": {
        "low": 0.550085940140624,
        "medium": 1.688512537620965,
        "high": 3.4912293995867674
      },
      "coefficient_of_variation": 0.6339889442046249,
      "max_min_ratio": 6.346698115378607,
      "mean": 1.9099426257827854,
      "std": 1.2108825088114372
    },
    "turnaround_time_fairness": {
      "jain_index": 0.7821224530270847,
      "per_class_values": {
        "low": 1.138093799529611,
        "medium": 2.8279493985002273,
        "high": 4.986760076428505
      },
      "coefficient_of_variation": 0.5277993629002752,
      "max_min_ratio": 4.381677572173399,
      "mean": 2.984267758152781,
      "std": 1.5750946214768702
    },
    "per_class_metrics": {
      "low": {
        "count": 60,
        "avg_waiting_time": 0.550085940140624,
        "std_waiting_time": 0.4390231166992623,
        "avg_turnaround_time": 1.138093799529611,
        "std_turnaround_time": 0.4677053797570752,
        "avg_predicted_service_time": 0.39599999999999996,
        "avg_measured_execution_time": 0.5880078593889873,
        "p50_waiting_time": 0.5871348746985028,
        "p95_waiting_time": 1.1810984043653292,
        "p99_waiting_time": 1.4035022399711097
      },
      "medium": {
        "count": 60,
        "avg_waiting_time": 1.688512537620965,
        "std_waiting_time": 1.6790139291216797,
        "avg_turnaround_time": 2.8279493985002273,
        "std_turnaround_time": 1.6804442941725826,
        "avg_predicted_service_time": 1.0999999999999999,
        "avg_measured_execution_time": 1.1394368608792622,
        "p50_waiting_time": 1.1543628028679365,
        "p95_waiting_time": 5.576402970014051,
        "p99_waiting_time": 6.164983746540135
      },
      "high": {
        "count": 60,
        "avg_waiting_time": 3.4912293995867674,
        "std_waiting_time": 3.8658590220487032,
        "avg_turnaround_time": 4.986760076428505,
        "std_turnaround_time": 3.9518327974459373,
        "avg_predicted_service_time": 1.8040000000000005,
        "avg_measured_execution_time": 1.4955306768417358,
        "p50_waiting_time": 1.738644123774849,
        "p95_waiting_time": 10.91338968832615,
        "p99_waiting_time": 14.60104562082213
      },
      "overall": {
        "count": 180,
        "avg_waiting_time": 3.491229399586768,
        "avg_turnaround_time": 4.986760076428504
      }
    },
    "arousal_valence_distribution": {
      "high_positive": 20,
      "high_neutral": 20,
      "high_negative": 20,
      "medium_positive": 20,
      "medium_neutral": 20,
      "medium_negative": 20,
      "low_positive": 20,
      "low_neutral": 20,
      "low_negative": 20,
      "total": 180
    }
  }
}