{
  "experiment_name": "SSJF-Emotion_180jobs_load0.90_fixed",
  "metadata": {
    "scheduler": "SSJF-Emotion",
    "num_jobs": 180,
    "mode": "fixed_jobs",
    "simulation_duration": null,
    "system_load": 0.9,
    "base_service_time": null,
    "alpha": null,
    "rho": null,
    "emotion_correlation": null,
    "enable_emotion": null,
    "arousal_noise": null,
    "random_seed": 789,
    "starvation_threshold": null,
    "starvation_coefficient": null,
    "beta": null,
    "output_dir": "results/multi_seed_runs/seed_789",
    "verbose": true,
    "model_name": null,
    "dataset_path": null,
    "use_cache": null,
    "force_regenerate": null,
    "device_map": null,
    "dtype": null,
    "load_in_8bit": null,
    "experiment_mode": "fixed_jobs",
    "arrival_rate": 0.8181818181818181,
    "run_metrics": {
      "total_jobs": 180,
      "total_time": 220.01294837542946,
      "throughput": 0.8181336659006474,
      "avg_waiting_time": 3.9234479237470214,
      "avg_jct": 5.048179669731841,
      "p50_waiting_time": 1.101161618938881,
      "p95_waiting_time": 18.1003181379294,
      "p99_waiting_time": 19.314383727884543,
      "p50_jct": 2.2735931901613924,
      "p95_jct": 19.676517535203136,
      "p99_jct": 20.758970323115285,
      "estimated_arrival_rate": 0.8981632683371462,
      "avg_actual_execution_time": 1.1247317459848192,
      "effective_load": 1.01019274097627,
      "throughput_p25": 0.8198819398067386,
      "throughput_p50": 0.8310467445587607,
      "throughput_p75": 0.8228278752165112
    }
  },
  "num_jobs": 180,
  "total_run_time": 220.01294837542946,
  "overall_metrics": {
    "avg_waiting_time": 3.9234479237470214,
    "std_waiting_time": 5.679486447513151,
    "p50_waiting_time": 1.101161618938881,
    "p95_waiting_time": 18.1003181379294,
    "p99_waiting_time": 19.314383727884543,
    "avg_turnaround_time": 5.048179669731841,
    "std_turnaround_time": 5.892279083961482,
    "p99_turnaround_time": 20.758970323115285,
    "avg_service_time": 1.1,
    "throughput": 0.8181336659006474
  },
  "run_metrics": {
    "total_jobs": 180,
    "total_time": 220.01294837542946,
    "throughput": 0.8181336659006474,
    "avg_waiting_time": 3.9234479237470214,
    "avg_jct": 5.048179669731841,
    "p50_waiting_time": 1.101161618938881,
    "p95_waiting_time": 18.1003181379294,
    "p99_waiting_time": 19.314383727884543,
    "p50_jct": 2.2735931901613924,
    "p95_jct": 19.676517535203136,
    "p99_jct": 20.758970323115285,
    "estimated_arrival_rate": 0.8981632683371462,
    "avg_actual_execution_time": 1.1247317459848192,
    "effective_load": 1.01019274097627,
    "throughput_p25": 0.8198819398067386,
    "throughput_p50": 0.8310467445587607,
    "throughput_p75": 0.8228278752165112
  },
  "llm_metrics": {
    "num_llm_jobs": 180,
    "avg_actual_execution_time": 1.1247317459848192,
    "std_actual_execution_time": 0.4521406952336704,
    "avg_output_token_length": 55.355555555555554,
    "std_output_token_length": 22.332990599913003,
    "cache_hit_count": 180,
    "cache_hit_rate": 1.0,
    "fallback_used_count": 0,
    "error_count": 0,
    "prediction_accuracy": {
      "avg_absolute_error": 0.261575852722592,
      "std_absolute_error": 0.23287185466504545,
      "avg_relative_error": 0.2340107306643459,
      "median_relative_error": 0.2007579137084221,
      "max_absolute_error": 1.7122265377044679
    }
  },
  "per_emotion_class_metrics": {
    "medium": {
      "count": 60,
      "avg_waiting_time": 1.8468619435753268,
      "std_waiting_time": 1.9228267356900823,
      "avg_turnaround_time": 3.0379645555939114,
      "std_turnaround_time": 1.9313800656250568,
      "avg_predicted_service_time": 1.0999999999999999,
      "avg_measured_execution_time": 1.1911026120185852,
      "p50_waiting_time": 1.0524252251763215,
      "p95_waiting_time": 6.13900995210584,
      "p99_waiting_time": 6.867944155304365
    },
    "high": {
      "count": 60,
      "avg_waiting_time": 9.13747067465749,
      "std_waiting_time": 7.155839515793566,
      "avg_turnaround_time": 10.668792172415719,
      "std_turnaround_time": 7.14380938283192,
      "avg_predicted_service_time": 1.8040000000000005,
      "avg_measured_execution_time": 1.5313214977582297,
      "p50_waiting_time": 7.623558071107041,
      "p95_waiting_time": 18.978055061232798,
      "p99_waiting_time": 19.999568227090016
    },
    "low": {
      "count": 60,
      "avg_waiting_time": 0.7860111530082475,
      "std_waiting_time": 0.7243238369251775,
      "avg_turnaround_time": 1.4377822811858902,
      "std_turnaround_time": 0.8517029647032635,
      "avg_predicted_service_time": 0.39599999999999996,
      "avg_measured_execution_time": 0.6517711281776428,
      "p50_waiting_time": 0.7270173588831153,
      "p95_waiting_time": 1.6972135427838795,
      "p99_waiting_time": 3.421334021473583
    },
    "overall": {
      "count": 180,
      "avg_waiting_time": 0.7860111530082475,
      "avg_turnaround_time": 1.4377822811858905
    }
  },
  "fairness_analysis": {
    "waiting_time_fairness": {
      "jain_index": 0.5276420452999745,
      "per_class_values": {
        "medium": 1.8468619435753268,
        "high": 9.13747067465749,
        "low": 0.7860111530082475
      },
      "coefficient_of_variation": 0.946162909234423,
      "max_min_ratio": 11.625115801075168,
      "mean": 3.9234479237470214,
      "std": 3.7122209017622385
    },
    "turnaround_time_fairness": {
      "jain_index": 0.6110343260671228,
      "per_class_values": {
        "medium": 3.0379645555939114,
        "high": 10.668792172415719,
        "low": 1.4377822811858902
      },
      "coefficient_of_variation": 0.7978529115284575,
      "max_min_ratio": 7.420311344785835,
      "mean": 5.04817966973184,
      "std": 4.027704847414316
    },
    "per_class_metrics": {
      "medium": {
        "count": 60,
        "avg_waiting_time": 1.8468619435753268,
        "std_waiting_time": 1.9228267356900823,
        "avg_turnaround_time": 3.0379645555939114,
        "std_turnaround_time": 1.9313800656250568,
        "avg_predicted_service_time": 1.0999999999999999,
        "avg_measured_execution_time": 1.1911026120185852,
        "p50_waiting_time": 1.0524252251763215,
        "p95_waiting_time": 6.13900995210584,
        "p99_waiting_time": 6.867944155304365
      },
      "high": {
        "count": 60,
        "avg_waiting_time": 9.13747067465749,
        "std_waiting_time": 7.155839515793566,
        "avg_turnaround_time": 10.668792172415719,
        "std_turnaround_time": 7.14380938283192,
        "avg_predicted_service_time": 1.8040000000000005,
        "avg_measured_execution_time": 1.5313214977582297,
        "p50_waiting_time": 7.623558071107041,
        "p95_waiting_time": 18.978055061232798,
        "p99_waiting_time": 19.999568227090016
      },
      "low": {
        "count": 60,
        "avg_waiting_time": 0.7860111530082475,
        "std_waiting_time": 0.7243238369251775,
        "avg_turnaround_time": 1.4377822811858902,
        "std_turnaround_time": 0.8517029647032635,
        "avg_predicted_service_time": 0.39599999999999996,
        "avg_measured_execution_time": 0.6517711281776428,
        "p50_waiting_time": 0.7270173588831153,
        "p95_waiting_time": 1.6972135427838795,
        "p99_waiting_time": 3.421334021473583
      },
      "overall": {
        "count": 180,
        "avg_waiting_time": 0.7860111530082475,
        "avg_turnaround_time": 1.4377822811858905
      }
    },
    "arousal_valence_distribution": {
      "high_positive": 20,
      "high_neutral": 20,
      "high_negative": 20,
      "medium_positive": 20,
      "medium_neutral": 20,
      "medium_negative": 20,
      "low_positive": 20,
      "low_neutral": 20,
      "low_negative": 20,
      "total": 180
    }
  }
}