{
  "experiment_name": "SSJF-Combined_54jobs_load0.90_fixed",
  "metadata": {
    "scheduler": "SSJF-Combined",
    "num_jobs": 54,
    "mode": "fixed_jobs",
    "simulation_duration": null,
    "system_load": 0.9,
    "base_service_time": null,
    "alpha": null,
    "rho": null,
    "emotion_correlation": null,
    "enable_emotion": null,
    "arousal_noise": null,
    "random_seed": 42,
    "starvation_threshold": null,
    "starvation_coefficient": 2.0,
    "beta": null,
    "output_dir": "results/starvation_sweep/coeff_2",
    "verbose": true,
    "model_name": null,
    "dataset_path": null,
    "use_cache": null,
    "force_regenerate": null,
    "device_map": null,
    "dtype": null,
    "load_in_8bit": null,
    "experiment_mode": "fixed_jobs",
    "arrival_rate": 0.8181818181818181,
    "run_metrics": {
      "total_jobs": 54,
      "total_time": 67.40157316195135,
      "throughput": 0.8011682438071546,
      "avg_waiting_time": 6.192864475351534,
      "avg_jct": 7.283618573713927,
      "p50_waiting_time": 7.387979058492121,
      "p95_waiting_time": 10.740927751413006,
      "p99_waiting_time": 11.55278369638988,
      "p50_jct": 8.6102577792023,
      "p95_jct": 11.650200869037326,
      "p99_jct": 13.3987131560167,
      "estimated_arrival_rate": 0.8360020016254281,
      "avg_actual_execution_time": 1.090754098362393,
      "effective_load": 0.9118726095120996,
      "throughput_p25": 0.6384561889122079,
      "throughput_p50": 0.6960619232015418,
      "throughput_p75": 0.7501280853277503
    },
    "valence_beta": 0.8
  },
  "num_jobs": 54,
  "total_run_time": 67.40157316195135,
  "overall_metrics": {
    "avg_waiting_time": 6.192864475351534,
    "std_waiting_time": 3.9171307852252224,
    "p50_waiting_time": 7.387979058492121,
    "p95_waiting_time": 10.740927751413006,
    "p99_waiting_time": 11.55278369638988,
    "avg_turnaround_time": 7.283618573713927,
    "std_turnaround_time": 3.9957660932881827,
    "p99_turnaround_time": 13.3987131560167,
    "avg_service_time": 1.1000000000000003,
    "throughput": 0.8011682438071546
  },
  "run_metrics": {
    "total_jobs": 54,
    "total_time": 67.40157316195135,
    "throughput": 0.8011682438071546,
    "avg_waiting_time": 6.192864475351534,
    "avg_jct": 7.283618573713927,
    "p50_waiting_time": 7.387979058492121,
    "p95_waiting_time": 10.740927751413006,
    "p99_waiting_time": 11.55278369638988,
    "p50_jct": 8.6102577792023,
    "p95_jct": 11.650200869037326,
    "p99_jct": 13.3987131560167,
    "estimated_arrival_rate": 0.8360020016254281,
    "avg_actual_execution_time": 1.090754098362393,
    "effective_load": 0.9118726095120996,
    "throughput_p25": 0.6384561889122079,
    "throughput_p50": 0.6960619232015418,
    "throughput_p75": 0.7501280853277503
  },
  "llm_metrics": {
    "num_llm_jobs": 54,
    "avg_actual_execution_time": 1.090754098362393,
    "std_actual_execution_time": 0.4558644277131499,
    "avg_output_token_length": 53.72222222222222,
    "std_output_token_length": 22.656383833150905,
    "cache_hit_count": 54,
    "cache_hit_rate": 1.0,
    "fallback_used_count": 0,
    "error_count": 0,
    "prediction_accuracy": {
      "avg_absolute_error": 0.22975503345772078,
      "std_absolute_error": 0.17707351980794445,
      "avg_relative_error": 0.22694408801968732,
      "median_relative_error": 0.1904256397753196,
      "max_absolute_error": 0.8118516006469729
    }
  },
  "per_emotion_class_metrics": {
    "low": {
      "count": 18,
      "avg_waiting_time": 5.412389967782378,
      "std_waiting_time": 4.531720879208341,
      "avg_turnaround_time": 6.005909602453059,
      "std_turnaround_time": 4.4917418796829764,
      "avg_predicted_service_time": 0.3959999999999999,
      "avg_measured_execution_time": 0.5935196346706815,
      "p50_waiting_time": 6.460973685888982,
      "p95_waiting_time": 10.781257817874362,
      "p99_waiting_time": 10.786375317814219
    },
    "high": {
      "count": 18,
      "avg_waiting_time": 6.293193562231871,
      "std_waiting_time": 3.5181169935428507,
      "avg_turnaround_time": 7.854396697616325,
      "std_turnaround_time": 3.6281796778802557,
      "avg_predicted_service_time": 1.8040000000000005,
      "avg_measured_execution_time": 1.5612031353844538,
      "p50_waiting_time": 7.13631301113551,
      "p95_waiting_time": 10.596104812015454,
      "p99_waiting_time": 12.051691956796816
    },
    "medium": {
      "count": 18,
      "avg_waiting_time": 6.873009896040347,
      "std_waiting_time": 3.4693364325827747,
      "avg_turnaround_time": 7.990549421072391,
      "std_turnaround_time": 3.4786388175865963,
      "avg_predicted_service_time": 1.1000000000000003,
      "avg_measured_execution_time": 1.1175395250320435,
      "p50_waiting_time": 8.403790787382853,
      "p95_waiting_time": 10.697445082615827,
      "p99_waiting_time": 10.715344544221969
    },
    "overall": {
      "count": 54,
      "avg_waiting_time": 6.873009896040348,
      "avg_turnaround_time": 7.990549421072392
    }
  },
  "fairness_analysis": {
    "waiting_time_fairness": {
      "jain_index": 0.9906850642785313,
      "per_class_values": {
        "low": 5.412389967782378,
        "high": 6.293193562231871,
        "medium": 6.873009896040347
      },
      "coefficient_of_variation": 0.0969665900557602,
      "max_min_ratio": 1.2698659810088353,
      "mean": 6.192864475351532,
      "std": 0.6005009508522924
    },
    "turnaround_time_fairness": {
      "jain_index": 0.9847901853192899,
      "per_class_values": {
        "low": 6.005909602453059,
        "high": 7.854396697616325,
        "medium": 7.990549421072391
      },
      "coefficient_of_variation": 0.1242768124089284,
      "max_min_ratio": 1.3304478338816028,
      "mean": 7.283618573713926,
      "std": 0.9051848991436322
    },
    "per_class_metrics": {
      "low": {
        "count": 18,
        "avg_waiting_time": 5.412389967782378,
        "std_waiting_time": 4.531720879208341,
        "avg_turnaround_time": 6.005909602453059,
        "std_turnaround_time": 4.4917418796829764,
        "avg_predicted_service_time": 0.3959999999999999,
        "avg_measured_execution_time": 0.5935196346706815,
        "p50_waiting_time": 6.460973685888982,
        "p95_waiting_time": 10.781257817874362,
        "p99_waiting_time": 10.786375317814219
      },
      "high": {
        "count": 18,
        "avg_waiting_time": 6.293193562231871,
        "std_waiting_time": 3.5181169935428507,
        "avg_turnaround_time": 7.854396697616325,
        "std_turnaround_time": 3.6281796778802557,
        "avg_predicted_service_time": 1.8040000000000005,
        "avg_measured_execution_time": 1.5612031353844538,
        "p50_waiting_time": 7.13631301113551,
        "p95_waiting_time": 10.596104812015454,
        "p99_waiting_time": 12.051691956796816
      },
      "medium": {
        "count": 18,
        "avg_waiting_time": 6.873009896040347,
        "std_waiting_time": 3.4693364325827747,
        "avg_turnaround_time": 7.990549421072391,
        "std_turnaround_time": 3.4786388175865963,
        "avg_predicted_service_time": 1.1000000000000003,
        "avg_measured_execution_time": 1.1175395250320435,
        "p50_waiting_time": 8.403790787382853,
        "p95_waiting_time": 10.697445082615827,
        "p99_waiting_time": 10.715344544221969
      },
      "overall": {
        "count": 54,
        "avg_waiting_time": 6.873009896040348,
        "avg_turnaround_time": 7.990549421072392
      }
    },
    "arousal_valence_distribution": {
      "high_positive": 6,
      "high_neutral": 6,
      "high_negative": 6,
      "medium_positive": 6,
      "medium_neutral": 6,
      "medium_negative": 6,
      "low_positive": 6,
      "low_neutral": 6,
      "low_negative": 6,
      "total": 54
    },
    "valence_fairness": {
      "weighted_jain_index": 0.8169210068777213,
      "per_valence_values": {
        "negative": 5.7244819027985665,
        "neutral": 5.812857229552017,