{
  "experiment_name": "SSJF-Emotion_50jobs_load1.20_fixedjobs",
  "metadata": {
    "scheduler": "SSJF-Emotion",
    "num_jobs": 50,
    "system_load": 1.2,
    "base_service_time": null,
    "alpha": 1.5,
    "rho": null,
    "enable_emotion": null,
    "arousal_noise": null,
    "random_seed": 42,
    "starvation_threshold": null,
    "starvation_coefficient": null,
    "output_dir": "results/load1.2_alpha1.5",
    "verbose": true,
    "model_name": null,
    "dataset_path": null,
    "use_cache": null,
    "force_regenerate": null,
    "device_map": null,
    "dtype": null,
    "load_in_8bit": null,
    "experiment_mode": "fixed_jobs",
    "arrival_rate": 0.6,
    "run_metrics": {
      "total_jobs": 50,
      "total_time": 93.31713119548375,
      "throughput": 0.5358072988255327,
      "avg_waiting_time": 7.316320389229222,
      "avg_jct": 9.109933989960119,
      "p50_waiting_time": 5.618283659729013,
      "p95_waiting_time": 18.07893945405426,
      "p99_waiting_time": 19.410118090714292,
      "p50_jct": 6.820924083074679,
      "p95_jct": 20.618200342153933,
      "p99_jct": 22.0398050018204,
      "throughput_p25": 0.4406545941447123,
      "throughput_p50": 0.5496307262753143,
      "throughput_p75": 0.5708665890770793
    }
  },
  "num_jobs": 50,
  "total_run_time": 93.31713119548375,
  "overall_metrics": {
    "avg_waiting_time": 7.316320389229222,
    "std_waiting_time": 6.238710319957285,
    "p50_waiting_time": 5.618283659729013,
    "p95_waiting_time": 18.07893945405426,
    "p99_waiting_time": 19.410118090714292,
    "avg_turnaround_time": 9.109933989960119,
    "std_turnaround_time": 6.739463031575835,
    "p99_turnaround_time": 22.0398050018204,
    "avg_service_time": 2.6200000000000006,
    "throughput": 0.5358072988255327
  },
  "run_metrics": {
    "total_jobs": 50,
    "total_time": 93.31713119548375,
    "throughput": 0.5358072988255327,
    "avg_waiting_time": 7.316320389229222,
    "avg_jct": 9.109933989960119,
    "p50_waiting_time": 5.618283659729013,
    "p95_waiting_time": 18.07893945405426,
    "p99_waiting_time": 19.410118090714292,
    "p50_jct": 6.820924083074679,
    "p95_jct": 20.618200342153933,
    "p99_jct": 22.0398050018204,
    "throughput_p25": 0.4406545941447123,
    "throughput_p50": 0.5496307262753143,
    "throughput_p75": 0.5708665890770793
  },
  "llm_metrics": {
    "num_llm_jobs": 50,
    "avg_actual_execution_time": 1.793613600730896,
    "std_actual_execution_time": 1.0966763000835846,
    "avg_output_token_length": 96.64,
    "std_output_token_length": 59.225251371353416,
    "cache_hit_count": 50,
    "cache_hit_rate": 1.0,
    "fallback_used_count": 0,
    "error_count": 0,
    "prediction_accuracy": {
      "avg_absolute_error": 1.056263487815857,
      "std_absolute_error": 0.8929124303014982,
      "avg_relative_error": 0.612599466385102,
      "median_relative_error": 0.5470602649769019,
      "max_absolute_error": 2.7917517662048343
    }
  },
  "per_emotion_class_metrics": {
    "medium": {
      "count": 12,
      "avg_waiting_time": 4.361443111873584,
      "std_waiting_time": 4.462962993218805,
      "avg_turnaround_time": 5.977016041255907,
      "std_turnaround_time": 4.401311355130891,
      "avg_execution_time": 2.0,
      "p50_waiting_time": 2.848613286893155,
      "p95_waiting_time": 11.384926938035868,
      "p99_waiting_time": 16.021865061192067
    },
    "high": {
      "count": 24,
      "avg_waiting_time": 11.152415874501843,
      "std_waiting_time": 5.958148196842829,
      "avg_turnaround_time": 13.800244910419762,
      "std_turnaround_time": 5.866149006239296,
      "avg_execution_time": 4.4,
      "p50_waiting_time": 11.425646943392277,
      "p95_waiting_time": 19.149816700238997,
      "p99_waiting_time": 19.493139043287687
    },
    "low": {
      "count": 14,
      "avg_waiting_time": 3.2729086522095647,
      "std_waiting_time": 3.4664819459787366,
      "avg_turnaround_time": 3.754759225204342,
      "std_turnaround_time": 3.4374995913842508,
      "avg_execution_time": 0.10000000000000002,
      "p50_waiting_time": 1.7609401928506774,
      "p95_waiting_time": 9.044265142069143,
      "p99_waiting_time": 12.801504662238983
    },
    "overall": {
      "count": 50,
      "avg_waiting_time": 3.2729086522095647,
      "avg_turnaround_time": 3.7547592252043422
    }
  },
  "fairness_analysis": {
    "waiting_time_fairness": {
      "jain_index": 0.7633973575280539,
      "per_class_values": {
        "medium": 4.361443111873584,
        "high": 11.152415874501843,
        "low": 3.2729086522095647
      },
      "coefficient_of_variation": 0.5567169820401049,
      "max_min_ratio": 3.407493779874597,
      "mean": 6.26225587952833,
      "std": 3.486304194013915
    },
    "turnaround_time_fairness": {
      "jain_index": 0.7682422157192696,
      "per_class_values": {
        "medium": 5.977016041255907,
        "high": 13.800244910419762,
        "low": 3.754759225204342
      },
      "coefficient_of_variation": 0.5492474899251806,
      "max_min_ratio": 3.6754007601296257,
      "mean": 7.84400672562667,
      "std": 4.308301005006683
    },
    "per_class_metrics": {
      "medium": {
        "count": 12,
        "avg_waiting_time": 4.361443111873584,
        "std_waiting_time": 4.462962993218805,
        "avg_turnaround_time": 5.977016041255907,
        "std_turnaround_time": 4.401311355130891,
        "avg_execution_time": 2.0,
        "p50_waiting_time": 2.848613286893155,
        "p95_waiting_time": 11.384926938035868,
        "p99_waiting_time": 16.021865061192067
      },
      "high": {
        "count": 24,
        "avg_waiting_time": 11.152415874501843,
        "std_waiting_time": 5.958148196842829,
        "avg_turnaround_time": 13.800244910419762,
        "std_turnaround_time": 5.866149006239296,
        "avg_execution_time": 4.4,
        "p50_waiting_time": 11.425646943392277,
        "p95_waiting_time": 19.149816700238997,
        "p99_waiting_time": 19.493139043287687
      },
      "low": {
        "count": 14,
        "avg_waiting_time": 3.2729086522095647,
        "std_waiting_time": 3.4664819459787366,
        "avg_turnaround_time": 3.754759225204342,
        "std_turnaround_time": 3.4374995913842508,
        "avg_execution_time": 0.10000000000000002,
        "p50_waiting_time": 1.7609401928506774,
        "p95_waiting_time": 9.044265142069143,
        "p99_waiting_time": 12.801504662238983
      },
      "overall": {
        "count": 50,
        "avg_waiting_time": 3.2729086522095647,
        "avg_turnaround_time": 3.7547592252043422
      }
    }
  }
}