{
  "experiment_name": "SSJF-Combined_54jobs_load1.20_fixed",
  "metadata": {
    "scheduler": "SSJF-Combined",
    "num_jobs": 54,
    "mode": "fixed_jobs",
    "simulation_duration": null,
    "system_load": 1.2,
    "base_service_time": null,
    "alpha": null,
    "rho": null,
    "emotion_correlation": null,
    "enable_emotion": null,
    "arousal_noise": null,
    "random_seed": 42,
    "starvation_threshold": null,
    "starvation_coefficient": null,
    "beta": null,
    "output_dir": "results/llm_runs_job54_load1.2",
    "verbose": true,
    "model_name": null,
    "dataset_path": null,
    "use_cache": null,
    "force_regenerate": null,
    "device_map": null,
    "dtype": null,
    "load_in_8bit": null,
    "experiment_mode": "fixed_jobs",
    "arrival_rate": 1.0909090909090908,
    "run_metrics": {
      "total_jobs": 54,
      "total_time": 62.61491356840108,
      "throughput": 0.8624143502331905,
      "avg_waiting_time": 7.9977950857965086,
      "avg_jct": 9.08817643878627,
      "p50_waiting_time": 6.857964813469428,
      "p95_waiting_time": 19.26337329886904,
      "p99_waiting_time": 20.08434778457806,
      "p50_jct": 7.616812884567755,
      "p95_jct": 21.200838453993704,
      "p99_jct": 21.537400391160702,
      "estimated_arrival_rate": 1.114669335500571,
      "avg_actual_execution_time": 1.090381352989762,
      "effective_load": 1.2154146581793115,
      "throughput_p25": 0.8155275270937424,
      "throughput_p50": 0.891388660321765,
      "throughput_p75": 0.8723865204633199
    },
    "valence_beta": 0.8
  },
  "num_jobs": 54,
  "total_run_time": 62.61491356840108,
  "overall_metrics": {
    "avg_waiting_time": 7.9977950857965086,
    "std_waiting_time": 7.252809307727295,
    "p50_waiting_time": 6.857964813469428,
    "p95_waiting_time": 19.26337329886904,
    "p99_waiting_time": 20.08434778457806,
    "avg_turnaround_time": 9.08817643878627,
    "std_turnaround_time": 7.518102277438068,
    "p99_turnaround_time": 21.537400391160702,
    "avg_service_time": 1.1000000000000003,
    "throughput": 0.8624143502331905
  },
  "run_metrics": {
    "total_jobs": 54,
    "total_time": 62.61491356840108,
    "throughput": 0.8624143502331905,
    "avg_waiting_time": 7.9977950857965086,
    "avg_jct": 9.08817643878627,
    "p50_waiting_time": 6.857964813469428,
    "p95_waiting_time": 19.26337329886904,
    "p99_waiting_time": 20.08434778457806,
    "p50_jct": 7.616812884567755,
    "p95_jct": 21.200838453993704,
    "p99_jct": 21.537400391160702,
    "estimated_arrival_rate": 1.114669335500571,
    "avg_actual_execution_time": 1.090381352989762,
    "effective_load": 1.2154146581793115,
    "throughput_p25": 0.8155275270937424,
    "throughput_p50": 0.891388660321765,
    "throughput_p75": 0.8723865204633199
  },
  "llm_metrics": {
    "num_llm_jobs": 54,
    "avg_actual_execution_time": 1.090381352989762,
    "std_actual_execution_time": 0.4553477819960136,
    "avg_output_token_length": 53.72222222222222,
    "std_output_token_length": 22.656383833150905,
    "cache_hit_count": 54,
    "cache_hit_rate": 1.0,
    "fallback_used_count": 0,
    "error_count": 0,
    "prediction_accuracy": {
      "avg_absolute_error": 0.2299626430582118,
      "std_absolute_error": 0.17708410515678213,
      "avg_relative_error": 0.2272047747829289,
      "median_relative_error": 0.190701588929802,
      "max_absolute_error": 0.8118818798065188
    }
  },
  "per_emotion_class_metrics": {
    "low": {
      "count": 18,
      "avg_waiting_time": 2.286054719846378,
      "std_waiting_time": 2.9372223518860943,
      "avg_turnaround_time": 2.879808176915775,
      "std_turnaround_time": 2.8842192319398547,
      "avg_predicted_service_time": 0.3959999999999999,
      "avg_measured_execution_time": 0.593753457069397,
      "p50_waiting_time": 0.6195053232321599,
      "p95_waiting_time": 7.8887220392766775,
      "p99_waiting_time": 8.635410619235548
    },
    "high": {
      "count": 18,
      "avg_waiting_time": 13.159817908424618,
      "std_waiting_time": 7.566167492981396,
      "avg_turnaround_time": 14.720055435318235,
      "std_turnaround_time": 7.631824766226489,
      "avg_predicted_service_time": 1.8040000000000005,
      "avg_measured_execution_time": 1.5602375268936157,
      "p50_waiting_time": 18.1145447434836,
      "p95_waiting_time": 20.009418529515703,
      "p99_waiting_time": 20.168643196523213
    },
    "medium": {
      "count": 18,
      "avg_waiting_time": 8.547512629118525,
      "std_waiting_time": 5.688841347735561,
      "avg_turnaround_time": 9.6646657041248,
      "std_turnaround_time": 5.692791788055256,
      "avg_predicted_service_time": 1.1000000000000003,
      "avg_measured_execution_time": 1.117153075006273,
      "p50_waiting_time": 10.720047269107516,
      "p95_waiting_time": 16.537680112645997,
      "p99_waiting_time": 16.74067459758072
    },
    "overall": {
      "count": 54,
      "avg_waiting_time": 8.547512629118525,
      "avg_turnaround_time": 9.664665704124799
    }
  },
  "fairness_analysis": {
    "waiting_time_fairness": {
      "jain_index": 0.7630993796553391,
      "per_class_values": {
        "low": 2.286054719846378,
        "high": 13.159817908424618,
        "medium": 8.547512629118525
      },
      "coefficient_of_variation": 0.5571761892741369,
      "max_min_ratio": 5.756562952836471,
      "mean": 7.997795085796507,
      "std": 4.456180988499517
    },
    "turnaround_time_fairness": {
      "jain_index": 0.7782698690825195,
      "per_class_values": {
        "low": 2.879808176915775,
        "high": 14.720055435318235,
        "medium": 9.6646657041248
      },
      "coefficient_of_variation": 0.5337615038566157,
      "max_min_ratio": 5.111470810213186,
      "mean": 9.08817643878627,
      "std": 4.850918723280822
    },
    "per_class_metrics": {
      "low": {
        "count": 18,
        "avg_waiting_time": 2.286054719846378,
        "std_waiting_time": 2.9372223518860943,
        "avg_turnaround_time": 2.879808176915775,
        "std_turnaround_time": 2.8842192319398547,
        "avg_predicted_service_time": 0.3959999999999999,
        "avg_measured_execution_time": 0.593753457069397,
        "p50_waiting_time": 0.6195053232321599,
        "p95_waiting_time": 7.8887220392766775,
        "p99_waiting_time": 8.635410619235548
      },
      "high": {
        "count": 18,
        "avg_waiting_time": 13.159817908424618,
        "std_waiting_time": 7.566167492981396,
        "avg_turnaround_time": 14.720055435318235,
        "std_turnaround_time": 7.631824766226489,
        "avg_predicted_service_time": 1.8040000000000005,
        "avg_measured_execution_time": 1.5602375268936157,
        "p50_waiting_time": 18.1145447434836,
        "p95_waiting_time": 20.009418529515703,
        "p99_waiting_time": 20.168643196523213
      },
      "medium": {
        "count": 18,
        "avg_waiting_time": 8.547512629118525,
        "std_waiting_time": 5.688841347735561,
        "avg_turnaround_time": 9.6646657041248,
        "std_turnaround_time": 5.692791788055256,
        "avg_predicted_service_time": 1.1000000000000003,
        "avg_measured_execution_time": 1.117153075006273,
        "p50_waiting_time": 10.720047269107516,
        "p95_waiting_time": 16.537680112645997,
        "p99_waiting_time": 16.74067459758072
      },
      "overall": {
        "count": 54,
        "avg_waiting_time": 8.547512629118525,
        "avg_turnaround_time": 9.664665704124799
      }
    },
    "arousal_valence_distribution": {
      "high_positive": 6,
      "high_neutral": 6,
      "high_negative": 6,
      "medium_positive": 6,
      "medium_neutral": 6,
      "medium_negative": 6,
      "low_positive": 6,
      "low_neutral": 6,
      "low_negative": 6,
      "total": 54
    },
    "valence_fairness": {
      "weighted_jain_index": 0.8986498479291215,
      "per_valence_values": {
        "negative": 4.8847025804526645,
        "neutral": 8.955563186884936,