{
  "experiment_name": "SSJF-Emotion_54jobs_load1.20_fixed",
  "metadata": {
    "scheduler": "SSJF-Emotion",
    "num_jobs": 54,
    "mode": "fixed_jobs",
    "simulation_duration": null,
    "system_load": 1.2,
    "base_service_time": null,
    "alpha": null,
    "rho": null,
    "emotion_correlation": null,
    "enable_emotion": null,
    "arousal_noise": null,
    "random_seed": 42,
    "starvation_threshold": null,
    "starvation_coefficient": null,
    "beta": null,
    "output_dir": "results/llm_runs_job54_load1.2",
    "verbose": true,
    "model_name": null,
    "dataset_path": null,
    "use_cache": null,
    "force_regenerate": null,
    "device_map": null,
    "dtype": null,
    "load_in_8bit": null,
    "experiment_mode": "fixed_jobs",
    "arrival_rate": 1.0909090909090908,
    "run_metrics": {
      "total_jobs": 54,
      "total_time": 62.61491356840108,
      "throughput": 0.8624143502331905,
      "avg_waiting_time": 7.723157218893274,
      "avg_jct": 8.813538571883036,
      "p50_waiting_time": 3.785752223510201,
      "p95_waiting_time": 20.0200546031995,
      "p99_waiting_time": 20.226570637607978,
      "p50_jct": 4.776001022834237,
      "p95_jct": 21.441495383362312,
      "p99_jct": 21.886141212368415,
      "estimated_arrival_rate": 1.114669335500571,
      "avg_actual_execution_time": 1.090381352989762,
      "effective_load": 1.2154146581793115,
      "throughput_p25": 0.8204319247805106,
      "throughput_p50": 0.9318336350987362,
      "throughput_p75": 0.8625923881307361
    }
  },
  "num_jobs": 54,
  "total_run_time": 62.61491356840108,
  "overall_metrics": {
    "avg_waiting_time": 7.723157218893274,
    "std_waiting_time": 7.693218626943973,
    "p50_waiting_time": 3.785752223510201,
    "p95_waiting_time": 20.0200546031995,
    "p99_waiting_time": 20.226570637607978,
    "avg_turnaround_time": 8.813538571883036,
    "std_turnaround_time": 7.981425427798837,
    "p99_turnaround_time": 21.886141212368415,
    "avg_service_time": 1.1000000000000003,
    "throughput": 0.8624143502331905
  },
  "run_metrics": {
    "total_jobs": 54,
    "total_time": 62.61491356840108,
    "throughput": 0.8624143502331905,
    "avg_waiting_time": 7.723157218893274,
    "avg_jct": 8.813538571883036,
    "p50_waiting_time": 3.785752223510201,
    "p95_waiting_time": 20.0200546031995,
    "p99_waiting_time": 20.226570637607978,
    "p50_jct": 4.776001022834237,
    "p95_jct": 21.441495383362312,
    "p99_jct": 21.886141212368415,
    "estimated_arrival_rate": 1.114669335500571,
    "avg_actual_execution_time": 1.090381352989762,
    "effective_load": 1.2154146581793115,
    "throughput_p25": 0.8204319247805106,
    "throughput_p50": 0.9318336350987362,
    "throughput_p75": 0.8625923881307361
  },
  "llm_metrics": {
    "num_llm_jobs": 54,
    "avg_actual_execution_time": 1.090381352989762,
    "std_actual_execution_time": 0.4553477819960136,
    "avg_output_token_length": 53.72222222222222,
    "std_output_token_length": 22.656383833150905,
    "cache_hit_count": 54,
    "cache_hit_rate": 1.0,
    "fallback_used_count": 0,
    "error_count": 0,
    "prediction_accuracy": {
      "avg_absolute_error": 0.2299626430582118,
      "std_absolute_error": 0.17708410515678213,
      "avg_relative_error": 0.2272047747829289,
      "median_relative_error": 0.190701588929802,
      "max_absolute_error": 0.8118818798065188
    }
  },
  "per_emotion_class_metrics": {
    "low": {
      "count": 18,
      "avg_waiting_time": 1.485276198414561,
      "std_waiting_time": 2.828797078074366,
      "avg_turnaround_time": 2.079029655483958,
      "std_turnaround_time": 2.825834508611451,
      "avg_predicted_service_time": 0.3959999999999999,
      "avg_measured_execution_time": 0.593753457069397,
      "p50_waiting_time": 0.5639761478147096,
      "p95_waiting_time": 8.185053291563035,
      "p99_waiting_time": 10.275110215220076
    },
    "medium": {
      "count": 18,
      "avg_waiting_time": 6.972945986675187,
      "std_waiting_time": 5.578235097043838,
      "avg_turnaround_time": 8.09009906168146,
      "std_turnaround_time": 5.49458574652883,
      "avg_predicted_service_time": 1.1000000000000003,
      "avg_measured_execution_time": 1.117153075006273,
      "p50_waiting_time": 4.8721541941392505,
      "p95_waiting_time": 16.537680112645997,
      "p99_waiting_time": 16.74067459758072
    },
    "high": {
      "count": 18,
      "avg_waiting_time": 14.711249471590072,
      "std_waiting_time": 7.080298649651981,
      "avg_turnaround_time": 16.271486998483688,
      "std_turnaround_time": 7.171866742955416,
      "avg_predicted_service_time": 1.8040000000000005,
      "avg_measured_execution_time": 1.5602375268936157,
      "p50_waiting_time": 18.51386891699618,
      "p95_waiting_time": 20.214232748700482,
      "p99_waiting_time": 20.24045076262891
    },
    "overall": {
      "count": 54,
      "avg_waiting_time": 14.711249471590072,
      "avg_turnaround_time": 16.271486998483688
    }
  },
  "fairness_analysis": {
    "waiting_time_fairness": {
      "jain_index": 0.6695686464779692,
      "per_class_values": {
        "low": 1.485276198414561,
        "medium": 6.972945986675187,
        "high": 14.711249471590072
      },
      "coefficient_of_variation": 0.7024947293442632,
      "max_min_ratio": 9.904723099510655,
      "mean": 7.723157218893274,
      "std": 5.425477240169623
    },
    "turnaround_time_fairness": {
      "jain_index": 0.6965983573863366,
      "per_class_values": {
        "low": 2.079029655483958,
        "medium": 8.09009906168146,
        "high": 16.271486998483688
      },
      "coefficient_of_variation": 0.6599601929567348,
      "max_min_ratio": 7.826481433568585,
      "mean": 8.813538571883035,
      "std": 5.816584616531553
    },
    "per_class_metrics": {
      "low": {
        "count": 18,
        "avg_waiting_time": 1.485276198414561,
        "std_waiting_time": 2.828797078074366,
        "avg_turnaround_time": 2.079029655483958,
        "std_turnaround_time": 2.825834508611451,
        "avg_predicted_service_time": 0.3959999999999999,
        "avg_measured_execution_time": 0.593753457069397,
        "p50_waiting_time": 0.5639761478147096,
        "p95_waiting_time": 8.185053291563035,
        "p99_waiting_time": 10.275110215220076
      },
      "medium": {
        "count": 18,
        "avg_waiting_time": 6.972945986675187,
        "std_waiting_time": 5.578235097043838,
        "avg_turnaround_time": 8.09009906168146,
        "std_turnaround_time": 5.49458574652883,
        "avg_predicted_service_time": 1.1000000000000003,
        "avg_measured_execution_time": 1.117153075006273,
        "p50_waiting_time": 4.8721541941392505,
        "p95_waiting_time": 16.537680112645997,
        "p99_waiting_time": 16.74067459758072
      },
      "high": {
        "count": 18,
        "avg_waiting_time": 14.711249471590072,
        "std_waiting_time": 7.080298649651981,
        "avg_turnaround_time": 16.271486998483688,
        "std_turnaround_time": 7.171866742955416,
        "avg_predicted_service_time": 1.8040000000000005,
        "avg_measured_execution_time": 1.5602375268936157,
        "p50_waiting_time": 18.51386891699618,
        "p95_waiting_time": 20.214232748700482,
        "p99_waiting_time": 20.24045076262891
      },
      "overall": {
        "count": 54,
        "avg_waiting_time": 14.711249471590072,
        "avg_turnaround_time": 16.271486998483688
      }
    },
    "arousal_valence_distribution": {
      "high_positive": 6,
      "high_neutral": 6,
      "high_negative": 6,
      "medium_positive": 6,
      "medium_neutral": 6,
      "medium_negative": 6,
      "low_positive": 6,
      "low_neutral": 6,
      "low_negative": 6,
      "total": 54
    }
  }
}