{
  "experiment_name": "SSJF-Combined_54jobs_load1.20_fixed",
  "metadata": {
    "scheduler": "SSJF-Combined",
    "num_jobs": 54,
    "mode": "fixed_jobs",
    "simulation_duration": null,
    "system_load": 1.2,
    "base_service_time": null,
    "alpha": null,
    "rho": null,
    "enable_emotion": null,
    "arousal_noise": null,
    "random_seed": 42,
    "starvation_threshold": null,
    "starvation_coefficient": null,
    "beta": null,
    "output_dir": "results/llm_runs_job54_load1.2",
    "verbose": true,
    "model_name": null,
    "dataset_path": null,
    "use_cache": null,
    "force_regenerate": null,
    "device_map": null,
    "dtype": null,
    "load_in_8bit": null,
    "experiment_mode": "fixed_jobs",
    "arrival_rate": 0.6,
    "run_metrics": {
      "total_jobs": 54,
      "total_time": 92.92112946059439,
      "throughput": 0.5811380071838247,
      "avg_waiting_time": 7.495900598737971,
      "avg_jct": 9.013393811402539,
      "p50_waiting_time": 2.4488314848938195,
      "p95_waiting_time": 33.22330450048897,
      "p99_waiting_time": 34.01911468664881,
      "p50_jct": 4.0135126016958065,
      "p95_jct": 35.558938088326194,
      "p99_jct": 36.154323740762116,
      "throughput_p25": 0.4650749925308354,
      "throughput_p50": 0.5432422607369124,
      "throughput_p75": 0.5687044348624382
    }
  },
  "num_jobs": 54,
  "total_run_time": 92.92112946059439,
  "overall_metrics": {
    "avg_waiting_time": 7.495900598737971,
    "std_waiting_time": 10.063345670022425,
    "p50_waiting_time": 2.4488314848938195,
    "p95_waiting_time": 33.22330450048897,
    "p99_waiting_time": 34.01911468664881,
    "avg_turnaround_time": 9.013393811402539,
    "std_turnaround_time": 10.295963334156696,
    "p99_turnaround_time": 36.154323740762116,
    "avg_service_time": 2.0,
    "throughput": 0.5811380071838247
  },
  "run_metrics": {
    "total_jobs": 54,
    "total_time": 92.92112946059439,
    "throughput": 0.5811380071838247,
    "avg_waiting_time": 7.495900598737971,
    "avg_jct": 9.013393811402539,
    "p50_waiting_time": 2.4488314848938195,
    "p95_waiting_time": 33.22330450048897,
    "p99_waiting_time": 34.01911468664881,
    "p50_jct": 4.0135126016958065,
    "p95_jct": 35.558938088326194,
    "p99_jct": 36.154323740762116,
    "throughput_p25": 0.4650749925308354,
    "throughput_p50": 0.5432422607369124,
    "throughput_p75": 0.5687044348624382
  },
  "llm_metrics": {
    "num_llm_jobs": 54,
    "avg_actual_execution_time": 1.5174932126645688,
    "std_actual_execution_time": 0.6192744944630076,
    "avg_output_token_length": 74.20370370370371,
    "std_output_token_length": 30.482769650112804,
    "cache_hit_count": 54,
    "cache_hit_rate": 1.0,
    "fallback_used_count": 0,
    "error_count": 0,
    "prediction_accuracy": {
      "avg_absolute_error": 0.5872331057654487,
      "std_absolute_error": 0.5054055196564861,
      "avg_relative_error": 0.3634144368710998,
      "median_relative_error": 0.293672485207761,
      "max_absolute_error": 1.7722232627868655
    }
  },
  "per_emotion_class_metrics": {
    "low": {
      "count": 18,
      "avg_waiting_time": 2.8367700199719152,
      "std_waiting_time": 3.042704361682023,
      "avg_turnaround_time": 3.6446936945553494,
      "std_turnaround_time": 2.932304551891974,
      "avg_execution_time": 0.7199999999999996,
      "p50_waiting_time": 1.922018267374387,
      "p95_waiting_time": 8.213253350263145,
      "p99_waiting_time": 8.825105880762989
    },
    "high": {
      "count": 18,
      "avg_waiting_time": 12.045426806208718,
      "std_waiting_time": 13.351204763491488,
      "avg_turnaround_time": 14.152142948969102,
      "std_turnaround_time": 13.397317437963737,
      "avg_execution_time": 3.2800000000000002,
      "p50_waiting_time": 4.181272703214297,
      "p95_waiting_time": 34.01478204694997,
      "p99_waiting_time": 34.02398890631002
    },
    "medium": {
      "count": 18,
      "avg_waiting_time": 7.605504970033278,
      "std_waiting_time": 8.595484871322713,
      "avg_turnaround_time": 9.243344790683167,
      "std_turnaround_time": 8.640109797909702,
      "avg_execution_time": 2.0,
      "p50_waiting_time": 2.420367181662918,
      "p95_waiting_time": 21.850810247621386,
      "p99_waiting_time": 22.017802828929597
    },
    "overall": {
      "count": 54,
      "avg_waiting_time": 7.605504970033278,
      "avg_turnaround_time": 9.243344790683167
    }
  },
  "fairness_analysis": {
    "waiting_time_fairness": {
      "jain_index": 0.7989523141547464,
      "per_class_values": {
        "low": 2.8367700199719152,
        "high": 12.045426806208718,
        "medium": 7.605504970033278
      },
      "coefficient_of_variation": 0.5016364777242573,
      "max_min_ratio": 4.246176715561867,
      "mean": 7.495900598737971,
      "std": 3.7602171737220678
    },
    "turnaround_time_fairness": {
      "jain_index": 0.8151124271924746,
      "per_class_values": {
        "low": 3.6446936945553494,
        "high": 14.152142948969102,
        "medium": 9.243344790683167
      },
      "coefficient_of_variation": 0.4762610919133472,
      "max_min_ratio": 3.8829443939583665,
      "mean": 9.013393811402539,
      "std": 4.292728778463579
    },
    "per_class_metrics": {
      "low": {
        "count": 18,
        "avg_waiting_time": 2.8367700199719152,
        "std_waiting_time": 3.042704361682023,
        "avg_turnaround_time": 3.6446936945553494,
        "std_turnaround_time": 2.932304551891974,
        "avg_execution_time": 0.7199999999999996,
        "p50_waiting_time": 1.922018267374387,
        "p95_waiting_time": 8.213253350263145,
        "p99_waiting_time": 8.825105880762989
      },
      "high": {
        "count": 18,
        "avg_waiting_time": 12.045426806208718,
        "std_waiting_time": 13.351204763491488,
        "avg_turnaround_time": 14.152142948969102,
        "std_turnaround_time": 13.397317437963737,
        "avg_execution_time": 3.2800000000000002,
        "p50_waiting_time": 4.181272703214297,
        "p95_waiting_time": 34.01478204694997,
        "p99_waiting_time": 34.02398890631002
      },
      "medium": {
        "count": 18,
        "avg_waiting_time": 7.605504970033278,
        "std_waiting_time": 8.595484871322713,
        "avg_turnaround_time": 9.243344790683167,
        "std_turnaround_time": 8.640109797909702,
        "avg_execution_time": 2.0,
        "p50_waiting_time": 2.420367181662918,
        "p95_waiting_time": 21.850810247621386,
        "p99_waiting_time": 22.017802828929597
      },
      "overall": {
        "count": 54,
        "avg_waiting_time": 7.605504970033278,
        "avg_turnaround_time": 9.243344790683167
      }
    }
  }
}