{
  "experiment_name": "SSJF-Valence_54jobs_load1.20_fixed",
  "metadata": {
    "scheduler": "SSJF-Valence",
    "num_jobs": 54,
    "mode": "fixed_jobs",
    "simulation_duration": null,
    "system_load": 1.2,
    "base_service_time": null,
    "alpha": null,
    "rho": null,
    "emotion_correlation": null,
    "enable_emotion": null,
    "arousal_noise": null,
    "random_seed": 42,
    "starvation_threshold": null,
    "starvation_coefficient": null,
    "beta": null,
    "output_dir": "results/llm_runs_job54_load1.2",
    "verbose": true,
    "model_name": null,
    "dataset_path": null,
    "use_cache": null,
    "force_regenerate": null,
    "device_map": null,
    "dtype": null,
    "load_in_8bit": null,
    "experiment_mode": "fixed_jobs",
    "arrival_rate": 0.6,
    "run_metrics": {
      "total_jobs": 54,
      "total_time": 92.92112946059439,
      "throughput": 0.5811380071838247,
      "avg_waiting_time": 9.206523121304024,
      "avg_jct": 10.724016333968594,
      "p50_waiting_time": 2.1206457083275154,
      "p95_waiting_time": 27.41887529996654,
      "p99_waiting_time": 30.337424330097853,
      "p50_jct": 3.7699088751751226,
      "p95_jct": 28.306313161267145,
      "p99_jct": 31.53015514789265,
      "estimated_arrival_rate": 0.613068134525314,
      "avg_actual_execution_time": 1.5174932126645688,
      "effective_load": 0.9303267330430928,
      "throughput_p25": 0.4650749925308354,
      "throughput_p50": 0.5295302291904334,
      "throughput_p75": 0.542293740107474
    },
    "valence_beta": 0.8
  },
  "num_jobs": 54,
  "total_run_time": 92.92112946059439,
  "overall_metrics": {
    "avg_waiting_time": 9.206523121304024,
    "std_waiting_time": 10.825270952678183,
    "p50_waiting_time": 2.1206457083275154,
    "p95_waiting_time": 27.41887529996654,
    "p99_waiting_time": 30.337424330097853,
    "avg_turnaround_time": 10.724016333968594,
    "std_turnaround_time": 10.804198719386259,
    "p99_turnaround_time": 31.53015514789265,
    "avg_service_time": 2.0,
    "throughput": 0.5811380071838247
  },
  "run_metrics": {
    "total_jobs": 54,
    "total_time": 92.92112946059439,
    "throughput": 0.5811380071838247,
    "avg_waiting_time": 9.206523121304024,
    "avg_jct": 10.724016333968594,
    "p50_waiting_time": 2.1206457083275154,
    "p95_waiting_time": 27.41887529996654,
    "p99_waiting_time": 30.337424330097853,
    "p50_jct": 3.7699088751751226,
    "p95_jct": 28.306313161267145,
    "p99_jct": 31.53015514789265,
    "estimated_arrival_rate": 0.613068134525314,
    "avg_actual_execution_time": 1.5174932126645688,
    "effective_load": 0.9303267330430928,
    "throughput_p25": 0.4650749925308354,
    "throughput_p50": 0.5295302291904334,
    "throughput_p75": 0.542293740107474
  },
  "llm_metrics": {
    "num_llm_jobs": 54,
    "avg_actual_execution_time": 1.5174932126645688,
    "std_actual_execution_time": 0.6192744944630076,
    "avg_output_token_length": 74.20370370370371,
    "std_output_token_length": 30.4827696501128,
    "cache_hit_count": 54,
    "cache_hit_rate": 1.0,
    "fallback_used_count": 0,
    "error_count": 0,
    "prediction_accuracy": {
      "avg_absolute_error": 0.5872331057654487,
      "std_absolute_error": 0.5054055196564861,
      "avg_relative_error": 0.3634144368710998,
      "median_relative_error": 0.293672485207761,
      "max_absolute_error": 1.7722232627868655
    }
  },
  "per_emotion_class_metrics": {
    "low": {
      "count": 18,
      "avg_waiting_time": 9.457576515320529,
      "std_waiting_time": 11.374449428293739,
      "avg_turnaround_time": 10.265500189903964,
      "std_turnaround_time": 11.277917971117967,
      "avg_predicted_service_time": 0.7199999999999996,
      "avg_measured_execution_time": 0.8079236745834351,
      "p50_waiting_time": 2.3646628667759337,
      "p95_waiting_time": 27.62975133045843,
      "p99_waiting_time": 28.453851102520485
    },
    "high": {
      "count": 18,
      "avg_waiting_time": 7.60191559831026,
      "std_waiting_time": 9.88846089327388,
      "avg_turnaround_time": 9.708631741070642,
      "std_turnaround_time": 9.97709006016839,
      "avg_predicted_service_time": 3.2800000000000002,
      "avg_measured_execution_time": 2.1067161427603827,
      "p50_waiting_time": 1.726115010464989,
      "p95_waiting_time": 25.39906636935414,
      "p99_waiting_time": 25.82204717383078
    },
    "medium": {
      "count": 18,
      "avg_waiting_time": 10.560077250281285,
      "std_waiting_time": 10.951247101244158,
      "avg_turnaround_time": 12.197917070931174,
      "std_turnaround_time": 10.956493223824182,
      "avg_predicted_service_time": 2.0,
      "avg_measured_execution_time": 1.6378398206498888,
      "p50_waiting_time": 2.409621459580878,
      "p95_waiting_time": 27.348408805147272,
      "p99_waiting_time": 31.252983932882678
    },
    "overall": {
      "count": 54,
      "avg_waiting_time": 10.560077250281283,
      "avg_turnaround_time": 12.197917070931178
    }
  },
  "fairness_analysis": {
    "waiting_time_fairness": {
      "jain_index": 0.9827250239180576,
      "per_class_values": {
        "low": 9.457576515320529,
        "high": 7.60191559831026,
        "medium": 10.560077250281285
      },
      "coefficient_of_variation": 0.13258448923121072,
      "max_min_ratio": 1.389133714221789,
      "mean": 9.206523121304025,
      "std": 1.220642165633426
    },
    "turnaround_time_fairness": {
      "jain_index": 0.9902027561099228,
      "per_class_values": {
        "low": 10.265500189903964,
        "high": 9.708631741070642,
        "medium": 12.197917070931174
      },
      "coefficient_of_variation": 0.09946949070202271,
      "max_min_ratio": 1.2563991915905155,
      "mean": 10.724016333968594,
      "std": 1.0667124430200288
    },
    "per_class_metrics": {
      "low": {
        "count": 18,
        "avg_waiting_time": 9.457576515320529,
        "std_waiting_time": 11.374449428293739,
        "avg_turnaround_time": 10.265500189903964,
        "std_turnaround_time": 11.277917971117967,
        "avg_predicted_service_time": 0.7199999999999996,
        "avg_measured_execution_time": 0.8079236745834351,
        "p50_waiting_time": 2.3646628667759337,
        "p95_waiting_time": 27.62975133045843,
        "p99_waiting_time": 28.453851102520485
      },
      "high": {
        "count": 18,
        "avg_waiting_time": 7.60191559831026,
        "std_waiting_time": 9.88846089327388,
        "avg_turnaround_time": 9.708631741070642,
        "std_turnaround_time": 9.97709006016839,
        "avg_predicted_service_time": 3.2800000000000002,
        "avg_measured_execution_time": 2.1067161427603827,
        "p50_waiting_time": 1.726115010464989,
        "p95_waiting_time": 25.39906636935414,
        "p99_waiting_time": 25.82204717383078
      },
      "medium": {
        "count": 18,
        "avg_waiting_time": 10.560077250281285,
        "std_waiting_time": 10.951247101244158,
        "avg_turnaround_time": 12.197917070931174,
        "std_turnaround_time": 10.956493223824182,
        "avg_predicted_service_time": 2.0,
        "avg_measured_execution_time": 1.6378398206498888,
        "p50_waiting_time": 2.409621459580878,
        "p95_waiting_time": 27.348408805147272,
        "p99_waiting_time": 31.252983932882678
      },
      "overall": {
        "count": 54,
        "avg_waiting_time": 10.560077250281283,
        "avg_turnaround_time": 12.197917070931178
      }
    },
    "arousal_valence_distribution": {
      "high_positive": 6,
      "high_neutral": 6,
      "high_negative": 6,
      "medium_positive": 6,
      "medium_neutral": 6,
      "medium_negative": 6,
      "low_positive": 6,
      "low_neutral": 6,
      "low_negative": 6,
      "total": 54
    },
    "valence_fairness": {
      "weighted_jain_index": 0.8100611365613264,
      "per_valence_values": {
        "negative": 1.1030045754567794,
        "neutral": 5.382438918462321,
        "positive": 21.134125869992967
      },