{
  "experiment_name": "SSJF-Combined_180jobs_load0.90_fixed",
  "metadata": {
    "scheduler": "SSJF-Combined",
    "num_jobs": 180,
    "mode": "fixed_jobs",
    "simulation_duration": null,
    "system_load": 0.9,
    "base_service_time": null,
    "alpha": null,
    "rho": null,
    "emotion_correlation": null,
    "enable_emotion": null,
    "arousal_noise": null,
    "random_seed": 1000,
    "starvation_threshold": null,
    "starvation_coefficient": null,
    "beta": null,
    "output_dir": "results/multi_seed_runs/seed_1000",
    "verbose": true,
    "model_name": null,
    "dataset_path": null,
    "use_cache": null,
    "force_regenerate": null,
    "device_map": null,
    "dtype": null,
    "load_in_8bit": null,
    "experiment_mode": "fixed_jobs",
    "arrival_rate": 0.8181818181818181,
    "run_metrics": {
      "total_jobs": 180,
      "total_time": 225.26617415585932,
      "throughput": 0.799054721262589,
      "avg_waiting_time": 9.661043341326558,
      "avg_jct": 10.845481120912078,
      "p50_waiting_time": 11.087546803784576,
      "p95_waiting_time": 19.514012439244404,
      "p99_waiting_time": 20.40851672530175,
      "p50_jct": 12.300608437425737,
      "p95_jct": 21.097689651528295,
      "p99_jct": 22.002701922655113,
      "estimated_arrival_rate": 0.8518221069941678,
      "avg_actual_execution_time": 1.1844377795855203,
      "effective_load": 1.0089302850100317,
      "throughput_p25": 0.6788380296894879,
      "throughput_p50": 0.7720845801304241,
      "throughput_p75": 0.7998524359350166
    },
    "valence_beta": 0.8
  },
  "num_jobs": 180,
  "total_run_time": 225.26617415585932,
  "overall_metrics": {
    "avg_waiting_time": 9.661043341326558,
    "std_waiting_time": 6.820932587002243,
    "p50_waiting_time": 11.087546803784576,
    "p95_waiting_time": 19.514012439244404,
    "p99_waiting_time": 20.40851672530175,
    "avg_turnaround_time": 10.845481120912078,
    "std_turnaround_time": 7.002181029041408,
    "p99_turnaround_time": 22.002701922655113,
    "avg_service_time": 1.1,
    "throughput": 0.799054721262589
  },
  "run_metrics": {
    "total_jobs": 180,
    "total_time": 225.26617415585932,
    "throughput": 0.799054721262589,
    "avg_waiting_time": 9.661043341326558,
    "avg_jct": 10.845481120912078,
    "p50_waiting_time": 11.087546803784576,
    "p95_waiting_time": 19.514012439244404,
    "p99_waiting_time": 20.40851672530175,
    "p50_jct": 12.300608437425737,
    "p95_jct": 21.097689651528295,
    "p99_jct": 22.002701922655113,
    "estimated_arrival_rate": 0.8518221069941678,
    "avg_actual_execution_time": 1.1844377795855203,
    "effective_load": 1.0089302850100317,
    "throughput_p25": 0.6788380296894879,
    "throughput_p50": 0.7720845801304241,
    "throughput_p75": 0.7998524359350166
  },
  "llm_metrics": {
    "num_llm_jobs": 180,
    "avg_actual_execution_time": 1.1844377795855203,
    "std_actual_execution_time": 0.621978736094676,
    "avg_output_token_length": 58.26111111111111,
    "std_output_token_length": 30.527649377952603,
    "cache_hit_count": 180,
    "cache_hit_rate": 1.0,
    "fallback_used_count": 0,
    "error_count": 0,
    "prediction_accuracy": {
      "avg_absolute_error": 0.29052050097783416,
      "std_absolute_error": 0.4439365149832995,
      "avg_relative_error": 0.23951913235402167,
      "median_relative_error": 0.1917803541559388,
      "max_absolute_error": 5.623393201828003
    }
  },
  "per_emotion_class_metrics": {
    "medium": {
      "count": 60,
      "avg_waiting_time": 8.99727285734627,
      "std_waiting_time": 5.234253152854955,
      "avg_turnaround_time": 10.320785800931983,
      "std_turnaround_time": 5.2342706832582575,
      "avg_predicted_service_time": 1.0999999999999999,
      "avg_measured_execution_time": 1.3235129435857138,
      "p50_waiting_time": 11.210474968394351,
      "p95_waiting_time": 15.629138931827024,
      "p99_waiting_time": 17.867607229221413
    },
    "high": {
      "count": 60,
      "avg_waiting_time": 13.966050582508984,
      "std_waiting_time": 7.5069516344216085,
      "avg_turnaround_time": 15.552807487428927,
      "std_turnaround_time": 7.483542923403723,
      "avg_predicted_service_time": 1.8040000000000005,
      "avg_measured_execution_time": 1.5867569049199421,
      "p50_waiting_time": 18.350398090572938,
      "p95_waiting_time": 19.98038688163562,
      "p99_waiting_time": 20.940391224849467
    },
    "low": {
      "count": 60,
      "avg_waiting_time": 6.019806584124421,
      "std_waiting_time": 4.857092899619433,
      "avg_turnaround_time": 6.662850074375326,
      "std_turnaround_time": 4.87462655463908,
      "avg_predicted_service_time": 0.39599999999999996,
      "avg_measured_execution_time": 0.6430434902509053,
      "p50_waiting_time": 5.235567652813899,
      "p95_waiting_time": 13.162878083146547,
      "p99_waiting_time": 17.743470161098404
    },
    "overall": {
      "count": 180,
      "avg_waiting_time": 6.019806584124422,
      "avg_turnaround_time": 6.662850074375327
    }
  },
  "fairness_analysis": {
    "waiting_time_fairness": {
      "jain_index": 0.8967706596121453,
      "per_class_values": {
        "medium": 8.99727285734627,
        "high": 13.966050582508984,
        "low": 6.019806584124421
      },
      "coefficient_of_variation": 0.3392820478816108,
      "max_min_ratio": 2.3200164967659576,
      "mean": 9.661043341326558,
      "std": 3.2778185695182747
    },
    "turnaround_time_fairness": {
      "jain_index": 0.8983492242605494,
      "per_class_values": {
        "medium": 10.320785800931983,
        "high": 15.552807487428927,
        "low": 6.662850074375326
      },
      "coefficient_of_variation": 0.33638200130275464,
      "max_min_ratio": 2.3342574594682106,
      "mean": 10.845481120912078,
      "std": 3.6482246445436473
    },
    "per_class_metrics": {
      "medium": {
        "count": 60,
        "avg_waiting_time": 8.99727285734627,
        "std_waiting_time": 5.234253152854955,
        "avg_turnaround_time": 10.320785800931983,
        "std_turnaround_time": 5.2342706832582575,
        "avg_predicted_service_time": 1.0999999999999999,
        "avg_measured_execution_time": 1.3235129435857138,
        "p50_waiting_time": 11.210474968394351,
        "p95_waiting_time": 15.629138931827024,
        "p99_waiting_time": 17.867607229221413
      },
      "high": {
        "count": 60,
        "avg_waiting_time": 13.966050582508984,
        "std_waiting_time": 7.5069516344216085,
        "avg_turnaround_time": 15.552807487428927,
        "std_turnaround_time": 7.483542923403723,
        "avg_predicted_service_time": 1.8040000000000005,
        "avg_measured_execution_time": 1.5867569049199421,
        "p50_waiting_time": 18.350398090572938,
        "p95_waiting_time": 19.98038688163562,
        "p99_waiting_time": 20.940391224849467
      },
      "low": {
        "count": 60,
        "avg_waiting_time": 6.019806584124421,
        "std_waiting_time": 4.857092899619433,
        "avg_turnaround_time": 6.662850074375326,
        "std_turnaround_time": 4.87462655463908,
        "avg_predicted_service_time": 0.39599999999999996,
        "avg_measured_execution_time": 0.6430434902509053,
        "p50_waiting_time": 5.235567652813899,
        "p95_waiting_time": 13.162878083146547,
        "p99_waiting_time": 17.743470161098404
      },
      "overall": {
        "count": 180,
        "avg_waiting_time": 6.019806584124422,
        "avg_turnaround_time": 6.662850074375327
      }
    },
    "arousal_valence_distribution": {
      "high_positive": 20,
      "high_neutral": 20,
      "high_negative": 20,
      "medium_positive": 20,
      "medium_neutral": 20,
      "medium_negative": 20,
      "low_positive": 20,
      "low_neutral": 20,
      "low_negative": 20,
      "total": 180
    },
    "valence_fairness": {
      "weighted_jain_index": 0.8438914096415289,
      "per_valence_values": {
        "neutral": 10.042580590152692,