{
  "experiment_name": "SSJF-Emotion_180jobs_load0.90_fixed",
  "metadata": {
    "scheduler": "SSJF-Emotion",
    "num_jobs": 180,
    "mode": "fixed_jobs",
    "simulation_duration": null,
    "system_load": 0.9,
    "base_service_time": null,
    "alpha": null,
    "rho": null,
    "emotion_correlation": null,
    "enable_emotion": null,
    "arousal_noise": null,
    "random_seed": 1000,
    "starvation_threshold": null,
    "starvation_coefficient": null,
    "beta": null,
    "output_dir": "results/multi_seed_runs/seed_1000",
    "verbose": true,
    "model_name": null,
    "dataset_path": null,
    "use_cache": null,
    "force_regenerate": null,
    "device_map": null,
    "dtype": null,
    "load_in_8bit": null,
    "experiment_mode": "fixed_jobs",
    "arrival_rate": 0.8181818181818181,
    "run_metrics": {
      "total_jobs": 180,
      "total_time": 225.26617415585932,
      "throughput": 0.799054721262589,
      "avg_waiting_time": 9.250844995877324,
      "avg_jct": 10.435282775462843,
      "p50_waiting_time": 10.77779949817819,
      "p95_waiting_time": 19.463380069961435,
      "p99_waiting_time": 20.764994779750598,
      "p50_jct": 11.865320805081943,
      "p95_jct": 21.00137335366283,
      "p99_jct": 22.244166084453358,
      "estimated_arrival_rate": 0.8518221069941678,
      "avg_actual_execution_time": 1.1844377795855203,
      "effective_load": 1.0089302850100317,
      "throughput_p25": 0.6993999306037296,
      "throughput_p50": 0.7720845801304241,
      "throughput_p75": 0.8024371400080521
    }
  },
  "num_jobs": 180,
  "total_run_time": 225.26617415585932,
  "overall_metrics": {
    "avg_waiting_time": 9.250844995877324,
    "std_waiting_time": 7.273371964155729,
    "p50_waiting_time": 10.77779949817819,
    "p95_waiting_time": 19.463380069961435,
    "p99_waiting_time": 20.764994779750598,
    "avg_turnaround_time": 10.435282775462843,
    "std_turnaround_time": 7.508599494642921,
    "p99_turnaround_time": 22.244166084453358,
    "avg_service_time": 1.1,
    "throughput": 0.799054721262589
  },
  "run_metrics": {
    "total_jobs": 180,
    "total_time": 225.26617415585932,
    "throughput": 0.799054721262589,
    "avg_waiting_time": 9.250844995877324,
    "avg_jct": 10.435282775462843,
    "p50_waiting_time": 10.77779949817819,
    "p95_waiting_time": 19.463380069961435,
    "p99_waiting_time": 20.764994779750598,
    "p50_jct": 11.865320805081943,
    "p95_jct": 21.00137335366283,
    "p99_jct": 22.244166084453358,
    "estimated_arrival_rate": 0.8518221069941678,
    "avg_actual_execution_time": 1.1844377795855203,
    "effective_load": 1.0089302850100317,
    "throughput_p25": 0.6993999306037296,
    "throughput_p50": 0.7720845801304241,
    "throughput_p75": 0.8024371400080521
  },
  "llm_metrics": {
    "num_llm_jobs": 180,
    "avg_actual_execution_time": 1.1844377795855203,
    "std_actual_execution_time": 0.621978736094676,
    "avg_output_token_length": 58.26111111111111,
    "std_output_token_length": 30.5276493779526,
    "cache_hit_count": 180,
    "cache_hit_rate": 1.0,
    "fallback_used_count": 0,
    "error_count": 0,
    "prediction_accuracy": {
      "avg_absolute_error": 0.29052050097783416,
      "std_absolute_error": 0.4439365149832995,
      "avg_relative_error": 0.2395191323540216,
      "median_relative_error": 0.1917803541559388,
      "max_absolute_error": 5.623393201828003
    }
  },
  "per_emotion_class_metrics": {
    "medium": {
      "count": 60,
      "avg_waiting_time": 7.917710483390224,
      "std_waiting_time": 5.907612198036165,
      "avg_turnaround_time": 9.241223426975939,
      "std_turnaround_time": 5.931279983120435,
      "avg_predicted_service_time": 1.0999999999999999,
      "avg_measured_execution_time": 1.3235129435857138,
      "p50_waiting_time": 11.14679728587572,
      "p95_waiting_time": 15.629138931827024,
      "p99_waiting_time": 17.867607229221413
    },
    "high": {
      "count": 60,
      "avg_waiting_time": 15.129650856436038,
      "std_waiting_time": 6.678673825239072,
      "avg_turnaround_time": 16.71640776135598,
      "std_turnaround_time": 6.679608025812844,
      "avg_predicted_service_time": 1.8040000000000005,
      "avg_measured_execution_time": 1.5867569049199421,
      "p50_waiting_time": 18.289744861864662,
      "p95_waiting_time": 20.328816222691323,
      "p99_waiting_time": 21.141173535812143
    },
    "low": {
      "count": 60,
      "avg_waiting_time": 4.705173647805705,
      "std_waiting_time": 4.711742698978537,
      "avg_turnaround_time": 5.348217138056611,
      "std_turnaround_time": 4.752200319934752,
      "avg_predicted_service_time": 0.39599999999999996,
      "avg_measured_execution_time": 0.6430434902509053,
      "p50_waiting_time": 2.922787615352277,
      "p95_waiting_time": 13.162878083146547,
      "p99_waiting_time": 17.743470161098404
    },
    "overall": {
      "count": 180,
      "avg_waiting_time": 4.7051736478057045,
      "avg_turnaround_time": 5.348217138056611
    }
  },
  "fairness_analysis": {
    "waiting_time_fairness": {
      "jain_index": 0.8183157449953136,
      "per_class_values": {
        "medium": 7.917710483390224,
        "high": 15.129650856436038,
        "low": 4.705173647805705
      },
      "coefficient_of_variation": 0.4711923083555233,
      "max_min_ratio": 3.215535066063262,
      "mean": 9.250844995877323,
      "std": 4.358927007846577
    },
    "turnaround_time_fairness": {
      "jain_index": 0.8303268124185125,
      "per_class_values": {
        "medium": 9.241223426975939,
        "high": 16.71640776135598,
        "low": 5.348217138056611
      },
      "coefficient_of_variation": 0.45204542510326934,
      "max_min_ratio": 3.1256037909168075,
      "mean": 10.435282775462843,
      "std": 4.7172218383069255
    },
    "per_class_metrics": {
      "medium": {
        "count": 60,
        "avg_waiting_time": 7.917710483390224,
        "std_waiting_time": 5.907612198036165,
        "avg_turnaround_time": 9.241223426975939,
        "std_turnaround_time": 5.931279983120435,
        "avg_predicted_service_time": 1.0999999999999999,
        "avg_measured_execution_time": 1.3235129435857138,
        "p50_waiting_time": 11.14679728587572,
        "p95_waiting_time": 15.629138931827024,
        "p99_waiting_time": 17.867607229221413
      },
      "high": {
        "count": 60,
        "avg_waiting_time": 15.129650856436038,
        "std_waiting_time": 6.678673825239072,
        "avg_turnaround_time": 16.71640776135598,
        "std_turnaround_time": 6.679608025812844,
        "avg_predicted_service_time": 1.8040000000000005,
        "avg_measured_execution_time": 1.5867569049199421,
        "p50_waiting_time": 18.289744861864662,
        "p95_waiting_time": 20.328816222691323,
        "p99_waiting_time": 21.141173535812143
      },
      "low": {
        "count": 60,
        "avg_waiting_time": 4.705173647805705,
        "std_waiting_time": 4.711742698978537,
        "avg_turnaround_time": 5.348217138056611,
        "std_turnaround_time": 4.752200319934752,
        "avg_predicted_service_time": 0.39599999999999996,
        "avg_measured_execution_time": 0.6430434902509053,
        "p50_waiting_time": 2.922787615352277,
        "p95_waiting_time": 13.162878083146547,
        "p99_waiting_time": 17.743470161098404
      },
      "overall": {
        "count": 180,
        "avg_waiting_time": 4.7051736478057045,
        "avg_turnaround_time": 5.348217138056611
      }
    },
    "arousal_valence_distribution": {
      "high_positive": 20,
      "high_neutral": 20,
      "high_negative": 20,
      "medium_positive": 20,
      "medium_neutral": 20,
      "medium_negative": 20,
      "low_positive": 20,
      "low_neutral": 20,
      "low_negative": 20,
      "total": 180
    }
  }
}