{
  "experiment_name": "SSJF-Valence_180jobs_load0.90_fixed",
  "metadata": {
    "scheduler": "SSJF-Valence",
    "num_jobs": 180,
    "mode": "fixed_jobs",
    "simulation_duration": null,
    "system_load": 0.9,
    "base_service_time": null,
    "alpha": null,
    "rho": null,
    "emotion_correlation": null,
    "enable_emotion": null,
    "arousal_noise": null,
    "random_seed": 1000,
    "starvation_threshold": null,
    "starvation_coefficient": null,
    "beta": null,
    "output_dir": "results/multi_seed_runs/seed_1000",
    "verbose": true,
    "model_name": null,
    "dataset_path": null,
    "use_cache": null,
    "force_regenerate": null,
    "device_map": null,
    "dtype": null,
    "load_in_8bit": null,
    "experiment_mode": "fixed_jobs",
    "arrival_rate": 0.8181818181818181,
    "run_metrics": {
      "total_jobs": 180,
      "total_time": 225.26617415585932,
      "throughput": 0.799054721262589,
      "avg_waiting_time": 11.060485390194103,
      "avg_jct": 12.244923169779621,
      "p50_waiting_time": 1.82707040252037,
      "p95_waiting_time": 48.201459698657445,
      "p99_waiting_time": 53.07137567810891,
      "p50_jct": 2.9617381626342194,
      "p95_jct": 49.71351056573813,
      "p99_jct": 54.184319959068745,
      "estimated_arrival_rate": 0.8518221069941678,
      "avg_actual_execution_time": 1.1844377795855203,
      "effective_load": 1.0089302850100317,
      "throughput_p25": 0.6783867784456458,
      "throughput_p50": 0.7581232036532933,
      "throughput_p75": 0.7912406481922473
    },
    "valence_beta": 0.8
  },
  "num_jobs": 180,
  "total_run_time": 225.26617415585932,
  "overall_metrics": {
    "avg_waiting_time": 11.060485390194103,
    "std_waiting_time": 16.767869453780516,
    "p50_waiting_time": 1.82707040252037,
    "p95_waiting_time": 48.201459698657445,
    "p99_waiting_time": 53.07137567810891,
    "avg_turnaround_time": 12.244923169779621,
    "std_turnaround_time": 16.743708064823196,
    "p99_turnaround_time": 54.184319959068745,
    "avg_service_time": 1.1,
    "throughput": 0.799054721262589
  },
  "run_metrics": {
    "total_jobs": 180,
    "total_time": 225.26617415585932,
    "throughput": 0.799054721262589,
    "avg_waiting_time": 11.060485390194103,
    "avg_jct": 12.244923169779621,
    "p50_waiting_time": 1.82707040252037,
    "p95_waiting_time": 48.201459698657445,
    "p99_waiting_time": 53.07137567810891,
    "p50_jct": 2.9617381626342194,
    "p95_jct": 49.71351056573813,
    "p99_jct": 54.184319959068745,
    "estimated_arrival_rate": 0.8518221069941678,
    "avg_actual_execution_time": 1.1844377795855203,
    "effective_load": 1.0089302850100317,
    "throughput_p25": 0.6783867784456458,
    "throughput_p50": 0.7581232036532933,
    "throughput_p75": 0.7912406481922473
  },
  "llm_metrics": {
    "num_llm_jobs": 180,
    "avg_actual_execution_time": 1.1844377795855203,
    "std_actual_execution_time": 0.621978736094676,
    "avg_output_token_length": 58.26111111111111,
    "std_output_token_length": 30.5276493779526,
    "cache_hit_count": 180,
    "cache_hit_rate": 1.0,
    "fallback_used_count": 0,
    "error_count": 0,
    "prediction_accuracy": {
      "avg_absolute_error": 0.29052050097783416,
      "std_absolute_error": 0.4439365149832995,
      "avg_relative_error": 0.23951913235402167,
      "median_relative_error": 0.1917803541559388,
      "max_absolute_error": 5.623393201828003
    }
  },
  "per_emotion_class_metrics": {
    "medium": {
      "count": 60,
      "avg_waiting_time": 11.685011975286534,
      "std_waiting_time": 17.21174318826523,
      "avg_turnaround_time": 13.008524918872247,
      "std_turnaround_time": 17.159025749816426,
      "avg_predicted_service_time": 1.0999999999999999,
      "avg_measured_execution_time": 1.3235129435857138,
      "p50_waiting_time": 1.8428392974424952,
      "p95_waiting_time": 47.44799850151769,
      "p99_waiting_time": 53.081226938236306
    },
    "high": {
      "count": 60,
      "avg_waiting_time": 11.702001807471854,
      "std_waiting_time": 17.44558614369708,
      "avg_turnaround_time": 13.288758712391797,
      "std_turnaround_time": 17.39624091353883,
      "avg_predicted_service_time": 1.8040000000000005,
      "avg_measured_execution_time": 1.5867569049199421,
      "p50_waiting_time": 1.6627428773323025,
      "p95_waiting_time": 49.236663149548946,
      "p99_waiting_time": 51.377736746820254
    },
    "low": {
      "count": 60,
      "avg_waiting_time": 9.794442387823915,
      "std_waiting_time": 15.507653495231056,
      "avg_turnaround_time": 10.43748587807482,
      "std_turnaround_time": 15.461384376589551,
      "avg_predicted_service_time": 0.39599999999999996,
      "avg_measured_execution_time": 0.6430434902509053,
      "p50_waiting_time": 1.8138203595702294,
      "p95_waiting_time": 43.594860224707645,
      "p99_waiting_time": 51.65547367225009
    },
    "overall": {
      "count": 180,
      "avg_waiting_time": 9.794442387823915,
      "avg_turnaround_time": 10.43748587807482
    }
  },
  "fairness_analysis": {
    "waiting_time_fairness": {
      "jain_index": 0.9934910851570419,
      "per_class_values": {
        "medium": 11.685011975286534,
        "high": 11.702001807471854,
        "low": 9.794442387823915
      },
      "coefficient_of_variation": 0.08094169740333157,
      "max_min_ratio": 1.1947593690498752,
      "mean": 11.060485390194101,
      "std": 0.8952544615870607
    },
    "turnaround_time_fairness": {
      "jain_index": 0.9891380603910661,
      "per_class_values": {
        "medium": 13.008524918872247,
        "high": 13.288758712391797,
        "low": 10.43748587807482
      },
      "coefficient_of_variation": 0.10479130175732478,
      "max_min_ratio": 1.2731762100206923,
      "mean": 12.24492316977962,
      "std": 1.283161438879634
    },
    "per_class_metrics": {
      "medium": {
        "count": 60,
        "avg_waiting_time": 11.685011975286534,
        "std_waiting_time": 17.21174318826523,
        "avg_turnaround_time": 13.008524918872247,
        "std_turnaround_time": 17.159025749816426,
        "avg_predicted_service_time": 1.0999999999999999,
        "avg_measured_execution_time": 1.3235129435857138,
        "p50_waiting_time": 1.8428392974424952,
        "p95_waiting_time": 47.44799850151769,
        "p99_waiting_time": 53.081226938236306
      },
      "high": {
        "count": 60,
        "avg_waiting_time": 11.702001807471854,
        "std_waiting_time": 17.44558614369708,
        "avg_turnaround_time": 13.288758712391797,
        "std_turnaround_time": 17.39624091353883,
        "avg_predicted_service_time": 1.8040000000000005,
        "avg_measured_execution_time": 1.5867569049199421,
        "p50_waiting_time": 1.6627428773323025,
        "p95_waiting_time": 49.236663149548946,
        "p99_waiting_time": 51.377736746820254
      },
      "low": {
        "count": 60,
        "avg_waiting_time": 9.794442387823915,
        "std_waiting_time": 15.507653495231056,
        "avg_turnaround_time": 10.43748587807482,
        "std_turnaround_time": 15.461384376589551,
        "avg_predicted_service_time": 0.39599999999999996,
        "avg_measured_execution_time": 0.6430434902509053,
        "p50_waiting_time": 1.8138203595702294,
        "p95_waiting_time": 43.594860224707645,
        "p99_waiting_time": 51.65547367225009
      },
      "overall": {
        "count": 180,
        "avg_waiting_time": 9.794442387823915,
        "avg_turnaround_time": 10.43748587807482
      }
    },
    "arousal_valence_distribution": {
      "high_positive": 20,
      "high_neutral": 20,
      "high_negative": 20,
      "medium_positive": 20,
      "medium_neutral": 20,
      "medium_negative": 20,
      "low_positive": 20,
      "low_neutral": 20,
      "low_negative": 20,
      "total": 180
    },
    "valence_fairness": {
      "weighted_jain_index": 0.5970940090043894,
      "per_valence_values": {
        "neutral": 2.046557928625695,