{
  "experiment_name": "AW-SSJF_80jobs_load0.90_fixed",
  "metadata": {
    "scheduler": "AW-SSJF",
    "num_jobs": 80,
    "mode": "fixed_jobs",
    "simulation_duration": null,
    "system_load": 0.9,
    "base_service_time": null,
    "w_max": 2.0,
    "p": 1.0,
    "q": 1.0,
    "use_confidence": true,
    "weight_exponent": 4.0,
    "gamma_panic": null,
    "gamma_dep": null,
    "weight_mode": null,
    "enable_emotion": null,
    "arousal_noise": null,
    "random_seed": 43,
    "starvation_threshold": null,
    "starvation_coefficient": null,
    "output_dir": "results/experiments/exp6_multiseed/seed43",
    "verbose": null,
    "model_name": null,
    "dataset_path": null,
    "use_cache": null,
    "force_regenerate": null,
    "device_map": null,
    "dtype": null,
    "load_in_8bit": null,
    "force_new_job_config": null,
    "use_saved_job_config": true,
    "experiment_mode": "fixed_jobs",
    "arrival_rate": 0.45,
    "run_metrics": {
      "total_jobs": 80,
      "total_time": 221.68576492826747,
      "throughput": 0.3608711638561285,
      "avg_waiting_time": 16.204028357061894,
      "avg_jct": 18.971705160531553,
      "p50_waiting_time": 9.671997782718574,
      "p95_waiting_time": 59.39118172116393,
      "p99_waiting_time": 73.9526640257973,
      "p50_jct": 13.042544082834624,
      "p95_jct": 61.95747955031508,
      "p99_jct": 77.6563044604715,
      "estimated_arrival_rate": 0.43385695775731675,
      "avg_actual_execution_time": 2.7676768034696577,
      "effective_load": 1.2007758380088407,
      "throughput_p25": 0.4101872636198137,
      "throughput_p50": 0.38021881860630685,
      "throughput_p75": 0.3559584922690303,
      "aw_jct": 17.148925360038135
    }
  },
  "num_jobs": 80,
  "total_run_time": 221.68576492826747,
  "overall_metrics": {
    "avg_waiting_time": 16.204028357061894,
    "std_waiting_time": 16.831391251599648,
    "p50_waiting_time": 9.671997782718574,
    "p95_waiting_time": 59.39118172116393,
    "p99_waiting_time": 73.9526640257973,
    "avg_turnaround_time": 18.971705160531553,
    "std_turnaround_time": 17.116964784202203,
    "p99_turnaround_time": 77.6563044604715,
    "avg_service_time": 1.9939011096954347,
    "throughput": 0.3608711638561285,
    "aw_jct": 17.148925360038135,
    "total_affect_weight": 104.30734940263265,
    "avg_affect_weight": 1.303841867532908
  },
  "run_metrics": {
    "total_jobs": 80,
    "total_time": 221.68576492826747,
    "throughput": 0.3608711638561285,
    "avg_waiting_time": 16.204028357061894,
    "avg_jct": 18.971705160531553,
    "p50_waiting_time": 9.671997782718574,
    "p95_waiting_time": 59.39118172116393,
    "p99_waiting_time": 73.9526640257973,
    "p50_jct": 13.042544082834624,
    "p95_jct": 61.95747955031508,
    "p99_jct": 77.6563044604715,
    "estimated_arrival_rate": 0.43385695775731675,
    "avg_actual_execution_time": 2.7676768034696577,
    "effective_load": 1.2007758380088407,
    "throughput_p25": 0.4101872636198137,
    "throughput_p50": 0.38021881860630685,
    "throughput_p75": 0.3559584922690303,
    "aw_jct": 17.148925360038135
  },
  "llm_metrics": {
    "num_llm_jobs": 80,
    "avg_actual_execution_time": 2.7676768034696577,
    "std_actual_execution_time": 1.4501633122066773,
    "avg_output_token_length": 136.475,
    "std_output_token_length": 71.71941421261053,
    "cache_hit_count": 80,
    "cache_hit_rate": 1.0,
    "fallback_used_count": 0,
    "error_count": 0,
    "prediction_accuracy": {
      "avg_absolute_error": 1.1128555024862288,
      "std_absolute_error": 1.0994522281696133,
      "avg_relative_error": 0.3578874771799291,
      "median_relative_error": 0.3246829644469317,
      "max_absolute_error": 4.026798439025879
    }
  },
  "per_emotion_class_metrics": {
    "depression": {
      "count": 20,
      "avg_waiting_time": 7.315061996227118,
      "std_waiting_time": 2.846865554880799,
      "avg_turnaround_time": 10.113997183090062,
      "std_turnaround_time": 3.526556757711368,
      "avg_predicted_service_time": 1.9966921730041505,
      "avg_measured_execution_time": 2.7989351868629457,
      "avg_affect_weight": 1.709412856209824,
      "p50_waiting_time": 7.07958331614995,
      "p95_waiting_time": 11.32421268551846,
      "p99_waiting_time": 12.609698787188714
    },
    "excited": {
      "count": 20,
      "avg_waiting_time": 26.161285761671685,
      "std_waiting_time": 22.13302462723556,
      "avg_turnaround_time": 29.194143549280785,
      "std_turnaround_time": 22.541516225654178,
      "avg_predicted_service_time": 2.074257251739502,
      "avg_measured_execution_time": 3.0328577876091005,
      "avg_affect_weight": 1.0165279946698065,
      "p50_waiting_time": 21.108127507337045,
      "p95_waiting_time": 73.33678404875026,
      "p99_waiting_time": 76.2622139397238
    },
    "panic": {
      "count": 20,
      "avg_waiting_time": 8.175653949674627,
      "std_waiting_time": 4.239837847049204,
      "avg_turnaround_time": 10.960954979356785,
      "std_turnaround_time": 4.696224409248675,
      "avg_predicted_service_time": 1.8930153160095213,
      "avg_measured_execution_time": 2.7853010296821594,
      "avg_affect_weight": 1.408613019563716,
      "p50_waiting_time": 8.339196232831032,
      "p95_waiting_time": 14.151656322205032,
      "p99_waiting_time": 18.854959872765257
    },
    "calm": {
      "count": 20,
      "avg_waiting_time": 23.16411172067414,
      "std_waiting_time": 18.060260912060915,
      "avg_turnaround_time": 25.617724930398566,
      "std_turnaround_time": 18.386188272820466,
      "avg_predicted_service_time": 2.0116396980285645,
      "avg_measured_execution_time": 2.453613209724426,
      "avg_affect_weight": 1.080813599688286,
      "p50_waiting_time": 16.61228116879396,
      "p95_waiting_time": 59.74054951022281,
      "p99_waiting_time": 68.96296051086016
    },
    "overall": {
      "count": 80,
      "avg_waiting_time": 16.204028357061894,
      "avg_turnaround_time": 18.971705160531553
    }
  },
  "per_quadrant_metrics": {
    "excited": {
      "count": 20,
      "avg_waiting_time": 26.161285761671685,
      "p50_waiting_time": 21.108127507337045,
      "p99_waiting_time": 76.2622139397238,
      "avg_jct": 29.194143549280785,
      "p99_jct": 80.88788218408567,
      "avg_affect_weight": 1.0165279946698065
    },
    "calm": {
      "count": 20,
      "avg_waiting_time": 23.16411172067414,
      "p50_waiting_time": 16.61228116879396,
      "p99_waiting_time": 68.96296051086016,
      "avg_jct": 25.617724930398566,
      "p99_jct": 73.62606099904605,
      "avg_affect_weight": 1.080813599688286
    },
    "panic": {
      "count": 20,
      "avg_waiting_time": 8.175653949674627,
      "p50_waiting_time": 8.339196232831032,
      "p99_waiting_time": 18.854959872765257,
      "avg_jct": 10.960954979356785,
      "p99_jct": 23.479203292227872,
      "avg_affect_weight": 1.408613019563716
    },
    "depression": {
      "count": 20,
      "avg_waiting_time": 7.315061996227118,
      "p50_waiting_time": 7.07958331614995,
      "p99_waiting_time": 12.609698787188714,
      "avg_jct": 10.113997183090062,
      "p99_jct": 16.430939107394405,
      "avg_affect_weight": 1.709412856209824
    }
  },
  "fairness_analysis": {
    "waiting_time_fairness": {
      "jain_index": 0.7830094021354996,
      "per_quadrant_values": {
        "depression": 7.315061996227118,
        "excited": 26.161285761671685,
        "panic": 8.175653949674627,
        "calm": 23.16411172067414
      },
      "coefficient_of_variation": 0.5264255623350942,
      "max_min_ratio": 3.576358720563799,
      "depression_vs_others": 0.3816484297617695,
      "mean": 16.20402835706189,
      "std": 8.530214739960119
    },
    "turnaround_time_fairness": {
      "jain_index": 0.8317165152368311,
      "per_quadrant_values": {
        "depression": 10.113997183090062,
        "excited": 29.194143549280785,
        "panic": 10.960954979356785,
        "calm": 25.617724930398566
      },