{
  "experiment_name": "FCFS_180jobs_load0.90_fixed",
  "metadata": {
    "scheduler": "FCFS",
    "num_jobs": 180,
    "mode": "fixed_jobs",
    "simulation_duration": null,
    "system_load": 0.9,
    "base_service_time": null,
    "alpha": null,
    "rho": null,
    "emotion_correlation": null,
    "enable_emotion": null,
    "arousal_noise": null,
    "random_seed": 2468,
    "starvation_threshold": null,
    "starvation_coefficient": null,
    "beta": null,
    "output_dir": "results/multi_seed_runs/seed_2468",
    "verbose": true,
    "model_name": null,
    "dataset_path": null,
    "use_cache": null,
    "force_regenerate": null,
    "device_map": null,
    "dtype": null,
    "load_in_8bit": null,
    "experiment_mode": "fixed_jobs",
    "arrival_rate": 0.8181818181818181,
    "run_metrics": {
      "total_jobs": 180,
      "total_time": 234.0106444115132,
      "throughput": 0.7691957793315837,
      "avg_waiting_time": 3.504461980105806,
      "avg_jct": 4.633288183716968,
      "p50_waiting_time": 3.5138062092280435,
      "p95_waiting_time": 7.975408261006208,
      "p99_waiting_time": 8.871668420857029,
      "p50_jct": 4.789033716043143,
      "p95_jct": 9.004905070006703,
      "p99_jct": 9.628225232445402,
      "estimated_arrival_rate": 0.7832628576783,
      "avg_actual_execution_time": 1.128826203611162,
      "effective_load": 0.8841676380626252,
      "throughput_p25": 0.757188822829696,
      "throughput_p50": 0.7102512803847262,
      "throughput_p75": 0.7496565900983437
    }
  },
  "num_jobs": 180,
  "total_run_time": 234.0106444115132,
  "overall_metrics": {
    "avg_waiting_time": 3.504461980105806,
    "std_waiting_time": 2.62098242826745,
    "p50_waiting_time": 3.5138062092280435,
    "p95_waiting_time": 7.975408261006208,
    "p99_waiting_time": 8.871668420857029,
    "avg_turnaround_time": 4.633288183716968,
    "std_turnaround_time": 2.6723754883756157,
    "p99_turnaround_time": 9.628225232445402,
    "avg_service_time": 1.1,
    "throughput": 0.7691957793315837
  },
  "run_metrics": {
    "total_jobs": 180,
    "total_time": 234.0106444115132,
    "throughput": 0.7691957793315837,
    "avg_waiting_time": 3.504461980105806,
    "avg_jct": 4.633288183716968,
    "p50_waiting_time": 3.5138062092280435,
    "p95_waiting_time": 7.975408261006208,
    "p99_waiting_time": 8.871668420857029,
    "p50_jct": 4.789033716043143,
    "p95_jct": 9.004905070006703,
    "p99_jct": 9.628225232445402,
    "estimated_arrival_rate": 0.7832628576783,
    "avg_actual_execution_time": 1.128826203611162,
    "effective_load": 0.8841676380626252,
    "throughput_p25": 0.757188822829696,
    "throughput_p50": 0.7102512803847262,
    "throughput_p75": 0.7496565900983437
  },
  "llm_metrics": {
    "num_llm_jobs": 180,
    "avg_actual_execution_time": 1.128826203611162,
    "std_actual_execution_time": 0.41678997972677784,
    "avg_output_token_length": 55.516666666666666,
    "std_output_token_length": 20.608917972567117,
    "cache_hit_count": 2,
    "cache_hit_rate": 0.011111111111111112,
    "fallback_used_count": 0,
    "error_count": 0,
    "prediction_accuracy": {
      "avg_absolute_error": 0.2560114402241178,
      "std_absolute_error": 0.23086216476267077,
      "avg_relative_error": 0.23705055807159772,
      "median_relative_error": 0.19377754387788626,
      "max_absolute_error": 1.710552839279175
    }
  },
  "per_emotion_class_metrics": {
    "low": {
      "count": 60,
      "avg_waiting_time": 3.318733085956689,
      "std_waiting_time": 2.706153007613712,
      "avg_turnaround_time": 4.030262352790948,
      "std_turnaround_time": 2.7929632280781846,
      "avg_predicted_service_time": 0.39599999999999996,
      "avg_measured_execution_time": 0.711529266834259,
      "p50_waiting_time": 2.7859377790151,
      "p95_waiting_time": 8.237490547057675,
      "p99_waiting_time": 8.959236577446152
    },
    "medium": {
      "count": 60,
      "avg_waiting_time": 3.966021875726094,
      "std_waiting_time": 2.598546989056263,
      "avg_turnaround_time": 5.106750957356801,
      "std_turnaround_time": 2.57881130555117,
      "avg_predicted_service_time": 1.0999999999999999,
      "avg_measured_execution_time": 1.1407290816307067,
      "p50_waiting_time": 3.907818789665882,
      "p95_waiting_time": 7.9754082610062085,
      "p99_waiting_time": 8.393091892162007
    },
    "high": {
      "count": 60,
      "avg_waiting_time": 3.2286309786346363,
      "std_waiting_time": 2.4918508406745876,
      "avg_turnaround_time": 4.7628512410031565,
      "std_turnaround_time": 2.5237407103299865,
      "avg_predicted_service_time": 1.8040000000000005,
      "avg_measured_execution_time": 1.5342202623685202,
      "p50_waiting_time": 3.4199529881513975,
      "p95_waiting_time": 7.387306326742115,
      "p99_waiting_time": 8.34529164485359
    },
    "overall": {
      "count": 180,
      "avg_waiting_time": 3.2286309786346368,
      "avg_turnaround_time": 4.762851241003157
    }
  },
  "fairness_analysis": {
    "waiting_time_fairness": {
      "jain_index": 0.9912930228466984,
      "per_class_values": {
        "low": 3.318733085956689,
        "medium": 3.966021875726094,
        "high": 3.2286309786346363
      },
      "coefficient_of_variation": 0.09372008584546308,
      "max_min_ratio": 1.228391197994171,
      "mean": 3.504461980105807,
      "std": 0.32843847761767775
    },
    "turnaround_time_fairness": {
      "jain_index": 0.9906995125458093,
      "per_class_values": {
        "low": 4.030262352790948,
        "medium": 5.106750957356801,
        "high": 4.7628512410031565
      },
      "coefficient_of_variation": 0.09689065257748795,
      "max_min_ratio": 1.2671013721527054,
      "mean": 4.633288183716968,
      "std": 0.44892231569990093
    },
    "per_class_metrics": {
      "low": {
        "count": 60,
        "avg_waiting_time": 3.318733085956689,
        "std_waiting_time": 2.706153007613712,
        "avg_turnaround_time": 4.030262352790948,
        "std_turnaround_time": 2.7929632280781846,
        "avg_predicted_service_time": 0.39599999999999996,
        "avg_measured_execution_time": 0.711529266834259,
        "p50_waiting_time": 2.7859377790151,
        "p95_waiting_time": 8.237490547057675,
        "p99_waiting_time": 8.959236577446152
      },
      "medium": {
        "count": 60,
        "avg_waiting_time": 3.966021875726094,
        "std_waiting_time": 2.598546989056263,
        "avg_turnaround_time": 5.106750957356801,
        "std_turnaround_time": 2.57881130555117,
        "avg_predicted_service_time": 1.0999999999999999,
        "avg_measured_execution_time": 1.1407290816307067,
        "p50_waiting_time": 3.907818789665882,
        "p95_waiting_time": 7.9754082610062085,
        "p99_waiting_time": 8.393091892162007
      },
      "high": {
        "count": 60,
        "avg_waiting_time": 3.2286309786346363,
        "std_waiting_time": 2.4918508406745876,
        "avg_turnaround_time": 4.7628512410031565,
        "std_turnaround_time": 2.5237407103299865,
        "avg_predicted_service_time": 1.8040000000000005,
        "avg_measured_execution_time": 1.5342202623685202,
        "p50_waiting_time": 3.4199529881513975,
        "p95_waiting_time": 7.387306326742115,
        "p99_waiting_time": 8.34529164485359
      },
      "overall": {
        "count": 180,
        "avg_waiting_time": 3.2286309786346368,
        "avg_turnaround_time": 4.762851241003157
      }
    },
    "arousal_valence_distribution": {
      "high_positive": 20,
      "high_neutral": 20,
      "high_negative": 20,
      "medium_positive": 20,
      "medium_neutral": 20,
      "medium_negative": 20,
      "low_positive": 20,
      "low_neutral": 20,
      "low_negative": 20,
      "total": 180
    }
  }
}