{
  "experiment_name": "AW-SSJF_300s_load0.90_window",
  "metadata": {
    "scheduler": "AW-SSJF",
    "num_jobs": 122,
    "mode": "time_window",
    "simulation_duration": 300.0,
    "system_load": 0.9,
    "base_service_time": null,
    "w_max": 2.0,
    "p": 1.0,
    "q": 1.0,
    "use_confidence": true,
    "weight_exponent": 4.0,
    "gamma_panic": null,
    "gamma_dep": null,
    "weight_mode": null,
    "adaptive_k": null,
    "adaptive_k_min": null,
    "adaptive_k_max": null,
    "adaptive_k_high_threshold": null,
    "adaptive_k_low_threshold": null,
    "enable_emotion": null,
    "arousal_noise": null,
    "random_seed": 42,
    "starvation_threshold": null,
    "starvation_coefficient": null,
    "output_dir": "results/experiments/exp4_online/static_k4",
    "verbose": null,
    "model_name": null,
    "dataset_path": null,
    "use_cache": null,
    "force_regenerate": null,
    "device_map": null,
    "dtype": null,
    "load_in_8bit": null,
    "use_oracle_service_time": null,
    "disable_predictor": null,
    "force_new_job_config": null,
    "use_saved_job_config": true,
    "experiment_mode": "time_window",
    "arrival_rate": 0.45,
    "run_metrics": {
      "total_jobs": 122,
      "total_time": 300.0,
      "throughput": 0.4066666666666667,
      "avg_waiting_time": 13.577906882219395,
      "avg_jct": 16.010805044060614,
      "p50_waiting_time": 7.406679327982141,
      "p95_waiting_time": 61.95843108447373,
      "p99_waiting_time": 82.80767410504367,
      "p50_jct": 10.260132143148288,
      "p95_jct": 63.621274264176485,
      "p99_jct": 85.34285163151766,
      "estimated_arrival_rate": 0.415729183309766,
      "avg_actual_execution_time": 2.4328981618412207,
      "effective_load": 1.0114267658980816,
      "throughput_p25": 0.40887988077957943,
      "throughput_p50": 0.4420713170883436,
      "throughput_p75": 0.41006260834643793,
      "aw_jct": 14.955749112671333
    }
  },
  "num_jobs": 122,
  "total_run_time": 303.99400527609413,
  "overall_metrics": {
    "avg_waiting_time": 13.577906882219395,
    "std_waiting_time": 17.883850312838916,
    "p50_waiting_time": 7.406679327982141,
    "p95_waiting_time": 61.95843108447373,
    "p99_waiting_time": 82.80767410504367,
    "avg_turnaround_time": 16.010805044060614,
    "std_turnaround_time": 18.007733619368132,
    "p99_turnaround_time": 85.34285163151766,
    "avg_service_time": 1.9626428028794585,
    "throughput": 0.401323703371048,
    "aw_jct": 14.955749112671333,
    "total_affect_weight": 160.6531285001337,
    "avg_affect_weight": 1.3168289221322436
  },
  "run_metrics": {
    "total_jobs": 122,
    "total_time": 300.0,
    "throughput": 0.4066666666666667,
    "avg_waiting_time": 13.577906882219395,
    "avg_jct": 16.010805044060614,
    "p50_waiting_time": 7.406679327982141,
    "p95_waiting_time": 61.95843108447373,
    "p99_waiting_time": 82.80767410504367,
    "p50_jct": 10.260132143148288,
    "p95_jct": 63.621274264176485,
    "p99_jct": 85.34285163151766,
    "estimated_arrival_rate": 0.415729183309766,
    "avg_actual_execution_time": 2.4328981618412207,
    "effective_load": 1.0114267658980816,
    "throughput_p25": 0.40887988077957943,
    "throughput_p50": 0.4420713170883436,
    "throughput_p75": 0.41006260834643793,
    "aw_jct": 14.955749112671333
  },
  "llm_metrics": {
    "num_llm_jobs": 122,
    "avg_actual_execution_time": 2.4328981618412207,
    "std_actual_execution_time": 1.3624181782756952,
    "avg_output_token_length": 118.81967213114754,
    "std_output_token_length": 66.60219761960828,
    "cache_hit_count": 1,
    "cache_hit_rate": 0.00819672131147541,
    "fallback_used_count": 0,
    "error_count": 0,
    "prediction_accuracy": {
      "avg_absolute_error": 1.0364408131896472,
      "std_absolute_error": 1.141326822704383,
      "avg_relative_error": 0.38024300325693655,
      "median_relative_error": 0.2783448558213853,
      "max_absolute_error": 4.267463626861573
    }
  },
  "per_emotion_class_metrics": {
    "panic": {
      "count": 36,
      "avg_waiting_time": 11.635841420358739,
      "std_waiting_time": 14.447717652585416,
      "avg_turnaround_time": 14.197208892371577,
      "std_turnaround_time": 14.507104696865012,
      "avg_predicted_service_time": 2.1499847073025173,
      "avg_measured_execution_time": 2.561367472012838,
      "avg_affect_weight": 1.3531955315183186,
      "p50_waiting_time": 7.5069633534647915,
      "p95_waiting_time": 31.496518700763495,
      "p99_waiting_time": 68.50595914611712
    },
    "calm": {
      "count": 29,
      "avg_waiting_time": 17.590591608185086,
      "std_waiting_time": 22.045655539036623,
      "avg_turnaround_time": 20.0216141289081,
      "std_turnaround_time": 22.51078211289397,
      "avg_predicted_service_time": 1.7108044459902008,
      "avg_measured_execution_time": 2.431022520723014,
      "avg_affect_weight": 1.0877595674229357,
      "p50_waiting_time": 7.33013790819885,
      "p95_waiting_time": 57.23936380447108,
      "p99_waiting_time": 93.97654835762421
    },
    "excited": {
      "count": 24,
      "avg_waiting_time": 20.672993354826552,
      "std_waiting_time": 23.840170813982034,
      "avg_turnaround_time": 22.8936401037667,
      "std_turnaround_time": 23.661274768862,
      "avg_predicted_service_time": 1.6331526343027754,
      "avg_measured_execution_time": 2.22064674894015,
      "avg_affect_weight": 1.022498686959096,
      "p50_waiting_time": 9.170034099734835,
      "p95_waiting_time": 76.02290954724725,
      "p99_waiting_time": 82.68248822395981
    },
    "depression": {
      "count": 33,
      "avg_waiting_time": 7.010162161958995,
      "std_waiting_time": 4.029581024851807,
      "avg_turnaround_time": 9.458924940038864,
      "std_turnaround_time": 4.655432780845085,
      "avg_predicted_service_time": 2.219211525194573,
      "avg_measured_execution_time": 2.448762778079871,
      "avg_affect_weight": 1.6925179825209329,
      "p50_waiting_time": 6.4039620719516535,
      "p95_waiting_time": 14.473014320120692,
      "p99_waiting_time": 16.12509628157283
    },
    "overall": {
      "count": 122,
      "avg_waiting_time": 13.577906882219395,
      "avg_turnaround_time": 16.010805044060614
    }
  },
  "per_quadrant_metrics": {
    "excited": {
      "count": 24,
      "avg_waiting_time": 20.672993354826552,
      "p50_waiting_time": 9.170034099734835,
      "p99_waiting_time": 82.68248822395981,
      "avg_jct": 22.8936401037667,
      "p99_jct": 85.17838220780075,
      "avg_affect_weight": 1.022498686959096
    },
    "calm": {
      "count": 29,
      "avg_waiting_time": 17.590591608185086,
      "p50_waiting_time": 7.33013790819885,
      "p99_waiting_time": 93.97654835762421,
      "avg_jct": 20.0216141289081,
      "p99_jct": 98.26219228805938,
      "avg_affect_weight": 1.0877595674229357
    },
    "panic": {
      "count": 36,
      "avg_waiting_time": 11.635841420358739,
      "p50_waiting_time": 7.5069633534647915,
      "p99_waiting_time": 68.50595914611712,
      "avg_jct": 14.197208892371577,
      "p99_jct": 70.76610247383013,
      "avg_affect_weight": 1.3531955315183186
    },
    "depression": {
      "count": 33,
      "avg_waiting_time": 7.010162161958995,
      "p50_waiting_time": 6.4039620719516535,
      "p99_waiting_time": 16.12509628157283,
      "avg_jct": 9.458924940038864,
      "p99_jct": 18.436966379686844,
      "avg_affect_weight": 1.6925179825209329
    }
  },
  "fairness_analysis": {
    "waiting_time_fairness": {
      "jain_index": 0.8788049757058582,
      "per_quadrant_values": {
        "panic": 11.635841420358739,
        "calm": 17.590591608185086,
        "excited": 20.672993354826552,
        "depression": 7.010162161958995
      },
      "coefficient_of_variation": 0.371360870765831,
      "max_min_ratio": 2.94900358610955,
      "depression_vs_others": 0.4214574797774762,
      "mean": 14.227397136332343,
      "std": 5.283498589279669
    },