{
  "experiment_name": "FCFS_80jobs_load0.90_fixed",
  "metadata": {
    "scheduler": "FCFS",
    "num_jobs": 80,
    "mode": "fixed_jobs",
    "simulation_duration": null,
    "system_load": 0.9,
    "base_service_time": null,
    "w_max": null,
    "p": null,
    "q": null,
    "use_confidence": null,
    "weight_exponent": null,
    "gamma_panic": null,
    "gamma_dep": null,
    "weight_mode": null,
    "enable_emotion": null,
    "arousal_noise": null,
    "random_seed": 42,
    "starvation_threshold": null,
    "starvation_coefficient": null,
    "output_dir": "results/experiments/exp6_multiseed/seed42",
    "verbose": null,
    "model_name": null,
    "dataset_path": null,
    "use_cache": null,
    "force_regenerate": null,
    "device_map": null,
    "dtype": null,
    "load_in_8bit": null,
    "force_new_job_config": true,
    "use_saved_job_config": null,
    "experiment_mode": "fixed_jobs",
    "arrival_rate": 0.45,
    "run_metrics": {
      "total_jobs": 80,
      "total_time": 219.97353394225087,
      "throughput": 0.3636801144495965,
      "avg_waiting_time": 28.3821760411602,
      "avg_jct": 30.986773466621013,
      "p50_waiting_time": 31.600854788062804,
      "p95_waiting_time": 50.86180646527358,
      "p99_waiting_time": 52.39212401310826,
      "p50_jct": 33.61719810217213,
      "p95_jct": 52.439031241445676,
      "p99_jct": 53.995229252286265,
      "estimated_arrival_rate": 0.4775629988044028,
      "avg_actual_execution_time": 2.6045974254608155,
      "effective_load": 1.243859357181294,
      "throughput_p25": 0.32121159484846856,
      "throughput_p50": 0.3671372994349375,
      "throughput_p75": 0.35499603808421637,
      "aw_jct": 31.12819115675856
    }
  },
  "num_jobs": 80,
  "total_run_time": 219.97353394225087,
  "overall_metrics": {
    "avg_waiting_time": 28.3821760411602,
    "std_waiting_time": 16.442536321271323,
    "p50_waiting_time": 31.600854788062804,
    "p95_waiting_time": 50.86180646527358,
    "p99_waiting_time": 52.39212401310826,
    "avg_turnaround_time": 30.986773466621013,
    "std_turnaround_time": 16.540652147833868,
    "p99_turnaround_time": 53.995229252286265,
    "avg_service_time": 2.163803407669067,
    "throughput": 0.3636801144495965,
    "aw_jct": 31.12819115675856,
    "total_affect_weight": 82.201996,
    "avg_affect_weight": 1.0275249499999999
  },
  "run_metrics": {
    "total_jobs": 80,
    "total_time": 219.97353394225087,
    "throughput": 0.3636801144495965,
    "avg_waiting_time": 28.3821760411602,
    "avg_jct": 30.986773466621013,
    "p50_waiting_time": 31.600854788062804,
    "p95_waiting_time": 50.86180646527358,
    "p99_waiting_time": 52.39212401310826,
    "p50_jct": 33.61719810217213,
    "p95_jct": 52.439031241445676,
    "p99_jct": 53.995229252286265,
    "estimated_arrival_rate": 0.4775629988044028,
    "avg_actual_execution_time": 2.6045974254608155,
    "effective_load": 1.243859357181294,
    "throughput_p25": 0.32121159484846856,
    "throughput_p50": 0.3671372994349375,
    "throughput_p75": 0.35499603808421637,
    "aw_jct": 31.12819115675856
  },
  "llm_metrics": {
    "num_llm_jobs": 80,
    "avg_actual_execution_time": 2.6045974254608155,
    "std_actual_execution_time": 1.235095257406301,
    "avg_output_token_length": 128.625,
    "std_output_token_length": 61.22057966893159,
    "cache_hit_count": 0,
    "cache_hit_rate": 0.0,
    "fallback_used_count": 0,
    "error_count": 0,
    "prediction_accuracy": {
      "avg_absolute_error": 0.9925503168106079,
      "std_absolute_error": 0.8857762205971303,
      "avg_relative_error": 0.44039186415972686,
      "median_relative_error": 0.3158737919812664,
      "max_absolute_error": 3.8158787727355956
    }
  },
  "per_emotion_class_metrics": {
    "depression": {
      "count": 20,
      "avg_waiting_time": 33.282941391405956,
      "std_waiting_time": 16.058932237419132,
      "avg_turnaround_time": 35.902034094271556,
      "std_turnaround_time": 16.240959461918766,
      "avg_predicted_service_time": 2.2728546142578123,
      "avg_measured_execution_time": 2.6190927028656006,
      "avg_affect_weight": 1.1100998000000004,
      "p50_waiting_time": 34.48236634586046,
      "p95_waiting_time": 48.4810933953832,
      "p99_waiting_time": 50.46656698012551
    },
    "panic": {
      "count": 20,
      "avg_waiting_time": 30.69780737494139,
      "std_waiting_time": 16.662583766086648,
      "avg_turnaround_time": 33.25092714165358,
      "std_turnaround_time": 16.819496678681695,
      "avg_predicted_service_time": 2.392194450378418,
      "avg_measured_execution_time": 2.5531197667121885,
      "avg_affect_weight": 1.0,
      "p50_waiting_time": 35.33455196795655,
      "p95_waiting_time": 51.66587393711185,
      "p99_waiting_time": 53.098556143819465
    },
    "excited": {
      "count": 20,
      "avg_waiting_time": 22.225834600071256,
      "std_waiting_time": 15.69813756365409,
      "avg_turnaround_time": 24.923888329605404,
      "std_turnaround_time": 15.985930732706144,
      "avg_predicted_service_time": 2.0685425910949706,
      "avg_measured_execution_time": 2.6980537295341493,
      "avg_affect_weight": 1.0,
      "p50_waiting_time": 23.171907762984297,
      "p95_waiting_time": 45.53182679258291,
      "p99_waiting_time": 48.65100470744816
    },
    "calm": {
      "count": 20,
      "avg_waiting_time": 27.322120798222205,
      "std_waiting_time": 15.200709549903172,
      "avg_turnaround_time": 29.870244300953527,
      "std_turnaround_time": 14.995568921500986,
      "avg_predicted_service_time": 1.9216219749450687,
      "avg_measured_execution_time": 2.548123502731323,
      "avg_affect_weight": 1.0,
      "p50_waiting_time": 26.192487984269132,
      "p95_waiting_time": 50.40093035694117,
      "p99_waiting_time": 51.76748876207586
    },
    "overall": {
      "count": 80,
      "avg_waiting_time": 28.3821760411602,
      "avg_turnaround_time": 30.986773466621013
    }
  },
  "per_quadrant_metrics": {
    "excited": {
      "count": 20,
      "avg_waiting_time": 22.225834600071256,
      "p50_waiting_time": 23.171907762984297,
      "p99_waiting_time": 48.65100470744816,
      "avg_jct": 24.923888329605404,
      "p99_jct": 50.22580737554279,
      "avg_affect_weight": 1.0
    },
    "calm": {
      "count": 20,
      "avg_waiting_time": 27.322120798222205,
      "p50_waiting_time": 26.192487984269132,
      "p99_waiting_time": 51.76748876207586,
      "avg_jct": 29.870244300953527,
      "p99_jct": 53.60583300715131,
      "avg_affect_weight": 1.0
    },
    "panic": {
      "count": 20,
      "avg_waiting_time": 30.69780737494139,
      "p50_waiting_time": 35.33455196795655,
      "p99_waiting_time": 53.098556143819465,
      "avg_jct": 33.25092714165358,
      "p99_jct": 55.02968942361988,
      "avg_affect_weight": 1.0
    },
    "depression": {
      "count": 20,
      "avg_waiting_time": 33.282941391405956,
      "p50_waiting_time": 34.48236634586046,
      "p99_waiting_time": 50.46656698012551,
      "avg_jct": 35.902034094271556,
      "p99_jct": 52.300443234684074,
      "avg_affect_weight": 1.1100998000000004
    }
  },
  "fairness_analysis": {
    "waiting_time_fairness": {
      "jain_index": 0.979212302145975,
      "per_quadrant_values": {
        "depression": 33.282941391405956,
        "panic": 30.69780737494139,
        "excited": 22.225834600071256,
        "calm": 27.322120798222205
      },
      "coefficient_of_variation": 0.14570174978177283,
      "max_min_ratio": 1.4974889352996108,
      "depression_vs_others": 1.2442878069011443,
      "mean": 28.3821760411602,
      "std": 4.135332711811351
    },
    "turnaround_time_fairness": {
      "jain_index": 0.9827811700730641,
      "per_quadrant_values": {
        "depression": 35.902034094271556,
        "panic": 33.25092714165358,
        "excited": 24.923888329605404,
        "calm": 29.870244300953527
      },
      "coefficient_of_variation": 0.13236507339388226,