{
  "experiment_name": "SSJF-Combined_180jobs_load0.90_fixed",
  "metadata": {
    "scheduler": "SSJF-Combined",
    "num_jobs": 180,
    "mode": "fixed_jobs",
    "simulation_duration": null,
    "system_load": 0.9,
    "base_service_time": null,
    "alpha": null,
    "rho": null,
    "emotion_correlation": null,
    "enable_emotion": null,
    "arousal_noise": null,
    "random_seed": 6802,
    "starvation_threshold": null,
    "starvation_coefficient": null,
    "beta": null,
    "output_dir": "results/multi_seed_runs/seed_6802",
    "verbose": true,
    "model_name": null,
    "dataset_path": null,
    "use_cache": null,
    "force_regenerate": null,
    "device_map": null,
    "dtype": null,
    "load_in_8bit": null,
    "experiment_mode": "fixed_jobs",
    "arrival_rate": 0.8181818181818181,
    "run_metrics": {
      "total_jobs": 180,
      "total_time": 230.07091398824414,
      "throughput": 0.7823674747916958,
      "avg_waiting_time": 2.682240961551213,
      "avg_jct": 3.7837576957804067,
      "p50_waiting_time": 0.9235204586588175,
      "p95_waiting_time": 11.366106738213206,
      "p99_waiting_time": 18.223152029258667,
      "p50_jct": 2.039660014453734,
      "p95_jct": 12.550408799834003,
      "p99_jct": 19.78257611249155,
      "estimated_arrival_rate": 0.8089787722750855,
      "avg_actual_execution_time": 1.1015167342291938,
      "effective_load": 0.8911036552971949,
      "throughput_p25": 0.7325276539298056,
      "throughput_p50": 0.7719619626297739,
      "throughput_p75": 0.7627788017862462
    },
    "valence_beta": 0.8
  },
  "num_jobs": 180,
  "total_run_time": 230.07091398824414,
  "overall_metrics": {
    "avg_waiting_time": 2.682240961551213,
    "std_waiting_time": 4.091359136134686,
    "p50_waiting_time": 0.9235204586588175,
    "p95_waiting_time": 11.366106738213206,
    "p99_waiting_time": 18.223152029258667,
    "avg_turnaround_time": 3.7837576957804067,
    "std_turnaround_time": 4.212772091643407,
    "p99_turnaround_time": 19.78257611249155,
    "avg_service_time": 1.1,
    "throughput": 0.7823674747916958
  },
  "run_metrics": {
    "total_jobs": 180,
    "total_time": 230.07091398824414,
    "throughput": 0.7823674747916958,
    "avg_waiting_time": 2.682240961551213,
    "avg_jct": 3.7837576957804067,
    "p50_waiting_time": 0.9235204586588175,
    "p95_waiting_time": 11.366106738213206,
    "p99_waiting_time": 18.223152029258667,
    "p50_jct": 2.039660014453734,
    "p95_jct": 12.550408799834003,
    "p99_jct": 19.78257611249155,
    "estimated_arrival_rate": 0.8089787722750855,
    "avg_actual_execution_time": 1.1015167342291938,
    "effective_load": 0.8911036552971949,
    "throughput_p25": 0.7325276539298056,
    "throughput_p50": 0.7719619626297739,
    "throughput_p75": 0.7627788017862462
  },
  "llm_metrics": {
    "num_llm_jobs": 180,
    "avg_actual_execution_time": 1.1015167342291938,
    "std_actual_execution_time": 0.44405106640535835,
    "avg_output_token_length": 54.12777777777778,
    "std_output_token_length": 21.94412868971145,
    "cache_hit_count": 180,
    "cache_hit_rate": 1.0,
    "fallback_used_count": 0,
    "error_count": 0,
    "prediction_accuracy": {
      "avg_absolute_error": 0.22895819549560556,
      "std_absolute_error": 0.18964121755719532,
      "avg_relative_error": 0.221196949018158,
      "median_relative_error": 0.19192018774066166,
      "max_absolute_error": 0.9329384841918946
    }
  },
  "per_emotion_class_metrics": {
    "low": {
      "count": 60,
      "avg_waiting_time": 1.208087248193234,
      "std_waiting_time": 1.5522680355594054,
      "avg_turnaround_time": 1.8027909701933562,
      "std_turnaround_time": 1.5297048897662848,
      "avg_predicted_service_time": 0.39599999999999996,
      "avg_measured_execution_time": 0.5947037220001221,
      "p50_waiting_time": 0.7666857408775769,
      "p95_waiting_time": 4.413549076825867,
      "p99_waiting_time": 7.044487960842841
    },
    "medium": {
      "count": 60,
      "avg_waiting_time": 2.757968498358014,
      "std_waiting_time": 3.845252094198941,
      "avg_turnaround_time": 3.9372973293949,
      "std_turnaround_time": 3.863909723838495,
      "avg_predicted_service_time": 1.0999999999999999,
      "avg_measured_execution_time": 1.1793288310368857,
      "p50_waiting_time": 0.9011212203813512,
      "p95_waiting_time": 11.366106738213206,
      "p99_waiting_time": 11.890548647573715
    },
    "high": {
      "count": 60,
      "avg_waiting_time": 4.08066713810239,
      "std_waiting_time": 5.374727846006347,
      "avg_turnaround_time": 5.611184787752963,
      "std_turnaround_time": 5.355861958750554,
      "avg_predicted_service_time": 1.8040000000000005,
      "avg_measured_execution_time": 1.5305176496505737,
      "p50_waiting_time": 2.0574754186711317,
      "p95_waiting_time": 18.147041761733046,
      "p99_waiting_time": 18.809508174140703
    },
    "overall": {
      "count": 180,
      "avg_waiting_time": 4.080667138102389,
      "avg_turnaround_time": 5.611184787752964
    }
  },
  "fairness_analysis": {
    "waiting_time_fairness": {
      "jain_index": 0.8392368640308153,
      "per_class_values": {
        "low": 1.208087248193234,
        "medium": 2.757968498358014,
        "high": 4.08066713810239
      },
      "coefficient_of_variation": 0.4376742120021928,
      "max_min_ratio": 3.3777917482410884,
      "mean": 2.6822409615512126,
      "std": 1.1739476992469309
    },
    "turnaround_time_fairness": {
      "jain_index": 0.8549439042451393,
      "per_class_values": {
        "low": 1.8027909701933562,
        "medium": 3.9372973293949,
        "high": 5.611184787752963
      },
      "coefficient_of_variation": 0.4119070090009956,
      "max_min_ratio": 3.1124988312711275,
      "mean": 3.7837576957804067,
      "std": 1.5585563152534063
    },
    "per_class_metrics": {
      "low": {
        "count": 60,
        "avg_waiting_time": 1.208087248193234,
        "std_waiting_time": 1.5522680355594054,
        "avg_turnaround_time": 1.8027909701933562,
        "std_turnaround_time": 1.5297048897662848,
        "avg_predicted_service_time": 0.39599999999999996,
        "avg_measured_execution_time": 0.5947037220001221,
        "p50_waiting_time": 0.7666857408775769,
        "p95_waiting_time": 4.413549076825867,
        "p99_waiting_time": 7.044487960842841
      },
      "medium": {
        "count": 60,
        "avg_waiting_time": 2.757968498358014,
        "std_waiting_time": 3.845252094198941,
        "avg_turnaround_time": 3.9372973293949,
        "std_turnaround_time": 3.863909723838495,
        "avg_predicted_service_time": 1.0999999999999999,
        "avg_measured_execution_time": 1.1793288310368857,
        "p50_waiting_time": 0.9011212203813512,
        "p95_waiting_time": 11.366106738213206,
        "p99_waiting_time": 11.890548647573715
      },
      "high": {
        "count": 60,
        "avg_waiting_time": 4.08066713810239,
        "std_waiting_time": 5.374727846006347,
        "avg_turnaround_time": 5.611184787752963,
        "std_turnaround_time": 5.355861958750554,
        "avg_predicted_service_time": 1.8040000000000005,
        "avg_measured_execution_time": 1.5305176496505737,
        "p50_waiting_time": 2.0574754186711317,
        "p95_waiting_time": 18.147041761733046,
        "p99_waiting_time": 18.809508174140703
      },
      "overall": {
        "count": 180,
        "avg_waiting_time": 4.080667138102389,
        "avg_turnaround_time": 5.611184787752964
      }
    },
    "arousal_valence_distribution": {
      "high_positive": 20,
      "high_neutral": 20,
      "high_negative": 20,
      "medium_positive": 20,
      "medium_neutral": 20,
      "medium_negative": 20,
      "low_positive": 20,
      "low_neutral": 20,
      "low_negative": 20,
      "total": 180
    },
    "valence_fairness": {
      "weighted_jain_index": 0.9907114622158631,
      "per_valence_values": {
        "neutral": 2.137496046234901,