{
  "experiment_name": "SSJF-Valence_180jobs_load0.90_fixed",
  "metadata": {
    "scheduler": "SSJF-Valence",
    "num_jobs": 180,
    "mode": "fixed_jobs",
    "simulation_duration": null,
    "system_load": 0.9,
    "base_service_time": null,
    "alpha": null,
    "rho": null,
    "emotion_correlation": null,
    "enable_emotion": null,
    "arousal_noise": null,
    "random_seed": 6802,
    "starvation_threshold": null,
    "starvation_coefficient": null,
    "beta": null,
    "output_dir": "results/multi_seed_runs/seed_6802",
    "verbose": true,
    "model_name": null,
    "dataset_path": null,
    "use_cache": null,
    "force_regenerate": null,
    "device_map": null,
    "dtype": null,
    "load_in_8bit": null,
    "experiment_mode": "fixed_jobs",
    "arrival_rate": 0.8181818181818181,
    "run_metrics": {
      "total_jobs": 180,
      "total_time": 230.07091398824414,
      "throughput": 0.7823674747916958,
      "avg_waiting_time": 3.0999370878532964,
      "avg_jct": 4.20145382208249,
      "p50_waiting_time": 0.9230401810805269,
      "p95_waiting_time": 17.473777203389723,
      "p99_waiting_time": 24.904270134934883,
      "p50_jct": 2.1766851607262225,
      "p95_jct": 18.53744155628355,
      "p99_jct": 25.962384602702297,
      "estimated_arrival_rate": 0.8089787722750855,
      "avg_actual_execution_time": 1.1015167342291938,
      "effective_load": 0.8911036552971949,
      "throughput_p25": 0.7325276539298056,
      "throughput_p50": 0.7651381126935629,
      "throughput_p75": 0.7627788017862462
    },
    "valence_beta": 0.8
  },
  "num_jobs": 180,
  "total_run_time": 230.07091398824414,
  "overall_metrics": {
    "avg_waiting_time": 3.0999370878532964,
    "std_waiting_time": 5.553610853717683,
    "p50_waiting_time": 0.9230401810805269,
    "p95_waiting_time": 17.473777203389723,
    "p99_waiting_time": 24.904270134934883,
    "avg_turnaround_time": 4.20145382208249,
    "std_turnaround_time": 5.561530732086151,
    "p99_turnaround_time": 25.962384602702297,
    "avg_service_time": 1.1,
    "throughput": 0.7823674747916958
  },
  "run_metrics": {
    "total_jobs": 180,
    "total_time": 230.07091398824414,
    "throughput": 0.7823674747916958,
    "avg_waiting_time": 3.0999370878532964,
    "avg_jct": 4.20145382208249,
    "p50_waiting_time": 0.9230401810805269,
    "p95_waiting_time": 17.473777203389723,
    "p99_waiting_time": 24.904270134934883,
    "p50_jct": 2.1766851607262225,
    "p95_jct": 18.53744155628355,
    "p99_jct": 25.962384602702297,
    "estimated_arrival_rate": 0.8089787722750855,
    "avg_actual_execution_time": 1.1015167342291938,
    "effective_load": 0.8911036552971949,
    "throughput_p25": 0.7325276539298056,
    "throughput_p50": 0.7651381126935629,
    "throughput_p75": 0.7627788017862462
  },
  "llm_metrics": {
    "num_llm_jobs": 180,
    "avg_actual_execution_time": 1.1015167342291938,
    "std_actual_execution_time": 0.44405106640535835,
    "avg_output_token_length": 54.12777777777778,
    "std_output_token_length": 21.94412868971145,
    "cache_hit_count": 180,
    "cache_hit_rate": 1.0,
    "fallback_used_count": 0,
    "error_count": 0,
    "prediction_accuracy": {
      "avg_absolute_error": 0.22895819549560556,
      "std_absolute_error": 0.18964121755719535,
      "avg_relative_error": 0.22119694901815806,
      "median_relative_error": 0.19192018774066166,
      "max_absolute_error": 0.9329384841918946
    }
  },
  "per_emotion_class_metrics": {
    "low": {
      "count": 60,
      "avg_waiting_time": 2.9488421585033437,
      "std_waiting_time": 5.567203542179029,
      "avg_turnaround_time": 3.5435458805034656,
      "std_turnaround_time": 5.548577081863815,
      "avg_predicted_service_time": 0.39599999999999996,
      "avg_measured_execution_time": 0.5947037220001221,
      "p50_waiting_time": 0.913753663197653,
      "p95_waiting_time": 12.56776868108116,
      "p99_waiting_time": 24.7090282064119
    },
    "medium": {
      "count": 60,
      "avg_waiting_time": 3.704325303523623,
      "std_waiting_time": 6.300883768361081,
      "avg_turnaround_time": 4.883654134560508,
      "std_turnaround_time": 6.324963396319919,
      "avg_predicted_service_time": 1.0999999999999999,
      "avg_measured_execution_time": 1.1793288310368857,
      "p50_waiting_time": 0.8941969916307531,
      "p95_waiting_time": 18.89395919319239,
      "p99_waiting_time": 26.227453662836645
    },
    "high": {
      "count": 60,
      "avg_waiting_time": 2.646643801532922,
      "std_waiting_time": 4.608611439989939,
      "avg_turnaround_time": 4.177161451183496,
      "std_turnaround_time": 4.59360124612741,
      "avg_predicted_service_time": 1.8040000000000005,
      "avg_measured_execution_time": 1.5305176496505737,
      "p50_waiting_time": 1.1662494893949318,
      "p95_waiting_time": 11.929292600478854,
      "p99_waiting_time": 22.68003319398061
    },
    "overall": {
      "count": 180,
      "avg_waiting_time": 2.6466438015329214,
      "avg_turnaround_time": 4.177161451183496
    }
  },
  "fairness_analysis": {
    "waiting_time_fairness": {
      "jain_index": 0.9798252622458888,
      "per_class_values": {
        "low": 2.9488421585033437,
        "medium": 3.704325303523623,
        "high": 2.646643801532922
      },
      "coefficient_of_variation": 0.14349264230817907,
      "max_min_ratio": 1.3996312240347937,
      "mean": 3.0999370878532964,
      "std": 0.44481816372519134
    },
    "turnaround_time_fairness": {
      "jain_index": 0.9833103267545522,
      "per_class_values": {
        "low": 3.5435458805034656,
        "medium": 4.883654134560508,
        "high": 4.177161451183496
      },
      "coefficient_of_variation": 0.13028026009743596,
      "max_min_ratio": 1.3781828426239087,
      "mean": 4.20145382208249,
      "std": 0.5473664967282732
    },
    "per_class_metrics": {
      "low": {
        "count": 60,
        "avg_waiting_time": 2.9488421585033437,
        "std_waiting_time": 5.567203542179029,
        "avg_turnaround_time": 3.5435458805034656,
        "std_turnaround_time": 5.548577081863815,
        "avg_predicted_service_time": 0.39599999999999996,
        "avg_measured_execution_time": 0.5947037220001221,
        "p50_waiting_time": 0.913753663197653,
        "p95_waiting_time": 12.56776868108116,
        "p99_waiting_time": 24.7090282064119
      },
      "medium": {
        "count": 60,
        "avg_waiting_time": 3.704325303523623,
        "std_waiting_time": 6.300883768361081,
        "avg_turnaround_time": 4.883654134560508,
        "std_turnaround_time": 6.324963396319919,
        "avg_predicted_service_time": 1.0999999999999999,
        "avg_measured_execution_time": 1.1793288310368857,
        "p50_waiting_time": 0.8941969916307531,
        "p95_waiting_time": 18.89395919319239,
        "p99_waiting_time": 26.227453662836645
      },
      "high": {
        "count": 60,
        "avg_waiting_time": 2.646643801532922,
        "std_waiting_time": 4.608611439989939,
        "avg_turnaround_time": 4.177161451183496,
        "std_turnaround_time": 4.59360124612741,
        "avg_predicted_service_time": 1.8040000000000005,
        "avg_measured_execution_time": 1.5305176496505737,
        "p50_waiting_time": 1.1662494893949318,
        "p95_waiting_time": 11.929292600478854,
        "p99_waiting_time": 22.68003319398061
      },
      "overall": {
        "count": 180,
        "avg_waiting_time": 2.6466438015329214,
        "avg_turnaround_time": 4.177161451183496
      }
    },
    "arousal_valence_distribution": {
      "high_positive": 20,
      "high_neutral": 20,
      "high_negative": 20,
      "medium_positive": 20,
      "medium_neutral": 20,
      "medium_negative": 20,
      "low_positive": 20,
      "low_neutral": 20,
      "low_negative": 20,
      "total": 180
    },
    "valence_fairness": {
      "weighted_jain_index": 0.8691604564761016,
      "per_valence_values": {
        "neutral": 1.377243439366157,