{
  "experiment_name": "FCFS_54jobs_load1.20_fixed",
  "metadata": {
    "scheduler": "FCFS",
    "num_jobs": 54,
    "mode": "fixed_jobs",
    "simulation_duration": null,
    "system_load": 1.2,
    "base_service_time": null,
    "alpha": null,
    "rho": null,
    "emotion_correlation": null,
    "enable_emotion": null,
    "arousal_noise": null,
    "random_seed": 1357,
    "starvation_threshold": null,
    "starvation_coefficient": null,
    "beta": null,
    "output_dir": "results/multi_seed_runs/seed_1357",
    "verbose": true,
    "model_name": null,
    "dataset_path": null,
    "use_cache": null,
    "force_regenerate": null,
    "device_map": null,
    "dtype": null,
    "load_in_8bit": null,
    "experiment_mode": "fixed_jobs",
    "arrival_rate": 0.6,
    "run_metrics": {
      "total_jobs": 54,
      "total_time": 103.14156196558758,
      "throughput": 0.523552280680185,
      "avg_waiting_time": 1.427388823293355,
      "avg_jct": 2.934132466312289,
      "p50_waiting_time": 0.7380267652405701,
      "p95_waiting_time": 4.574066666754146,
      "p99_waiting_time": 6.337169394369135,
      "p50_jct": 2.5291608591340005,
      "p95_jct": 6.451826304240797,
      "p99_jct": 7.916273780745884,
      "estimated_arrival_rate": 0.5454376131451543,
      "avg_actual_execution_time": 1.5067436430189345,
      "effective_load": 0.8218346562698821,
      "throughput_p25": 0.478526976107506,
      "throughput_p50": 0.5150298690076471,
      "throughput_p75": 0.5284085103349581
    }
  },
  "num_jobs": 54,
  "total_run_time": 103.14156196558758,
  "overall_metrics": {
    "avg_waiting_time": 1.427388823293355,
    "std_waiting_time": 1.6529329995874922,
    "p50_waiting_time": 0.7380267652405701,
    "p95_waiting_time": 4.574066666754146,
    "p99_waiting_time": 6.337169394369135,
    "avg_turnaround_time": 2.934132466312289,
    "std_turnaround_time": 1.815549077970162,
    "p99_turnaround_time": 7.916273780745884,
    "avg_service_time": 2.0,
    "throughput": 0.523552280680185
  },
  "run_metrics": {
    "total_jobs": 54,
    "total_time": 103.14156196558758,
    "throughput": 0.523552280680185,
    "avg_waiting_time": 1.427388823293355,
    "avg_jct": 2.934132466312289,
    "p50_waiting_time": 0.7380267652405701,
    "p95_waiting_time": 4.574066666754146,
    "p99_waiting_time": 6.337169394369135,
    "p50_jct": 2.5291608591340005,
    "p95_jct": 6.451826304240797,
    "p99_jct": 7.916273780745884,
    "estimated_arrival_rate": 0.5454376131451543,
    "avg_actual_execution_time": 1.5067436430189345,
    "effective_load": 0.8218346562698821,
    "throughput_p25": 0.478526976107506,
    "throughput_p50": 0.5150298690076471,
    "throughput_p75": 0.5284085103349581
  },
  "llm_metrics": {
    "num_llm_jobs": 54,
    "avg_actual_execution_time": 1.5067436430189345,
    "std_actual_execution_time": 0.5806898938103007,
    "avg_output_token_length": 74.24074074074075,
    "std_output_token_length": 28.88735157353101,
    "cache_hit_count": 1,
    "cache_hit_rate": 0.018518518518518517,
    "fallback_used_count": 0,
    "error_count": 0,
    "prediction_accuracy": {
      "avg_absolute_error": 0.5655408308241104,
      "std_absolute_error": 0.5442369646555593,
      "avg_relative_error": 0.33878974581665405,
      "median_relative_error": 0.2610603694842565,
      "max_absolute_error": 1.8666348743438723
    }
  },
  "per_emotion_class_metrics": {
    "low": {
      "count": 18,
      "avg_waiting_time": 1.2297582524104813,
      "std_waiting_time": 1.4645504346101315,
      "avg_turnaround_time": 2.012848340513034,
      "std_turnaround_time": 1.461704886620926,
      "avg_predicted_service_time": 0.7199999999999996,
      "avg_measured_execution_time": 0.7830900881025527,
      "p50_waiting_time": 0.7352287442059797,
      "p95_waiting_time": 3.056226322657681,
      "p99_waiting_time": 5.25183072768679
    },
    "high": {
      "count": 18,
      "avg_waiting_time": 2.145008734977454,
      "std_waiting_time": 2.0156703511240655,
      "avg_turnaround_time": 4.16646477790297,
      "std_turnaround_time": 1.9739703068943262,
      "avg_predicted_service_time": 3.2800000000000002,
      "avg_measured_execution_time": 2.0214560429255166,
      "p50_waiting_time": 1.6379538645017053,
      "p95_waiting_time": 5.4371231056578795,
      "p99_waiting_time": 6.64109530203162
    },
    "medium": {
      "count": 18,
      "avg_waiting_time": 0.9073994824921294,
      "std_waiting_time": 1.0790284837383564,
      "avg_turnaround_time": 2.623084280520864,
      "std_turnaround_time": 1.1795579998281869,
      "avg_predicted_service_time": 2.0,
      "avg_measured_execution_time": 1.715684798028734,
      "p50_waiting_time": 0.6472661084161402,
      "p95_waiting_time": 3.1239563758573947,
      "p99_waiting_time": 3.6035573029003984
    },
    "overall": {
      "count": 54,
      "avg_waiting_time": 0.9073994824921295,
      "avg_turnaround_time": 2.6230842805208634
    }
  },
  "fairness_analysis": {
    "waiting_time_fairness": {
      "jain_index": 0.8811509587726508,
      "per_class_values": {
        "low": 1.2297582524104813,
        "high": 2.145008734977454,
        "medium": 0.9073994824921294
      },
      "coefficient_of_variation": 0.36725919861605405,
      "max_min_ratio": 2.363907822700416,
      "mean": 1.427388823293355,
      "std": 0.5242216753562299
    },
    "turnaround_time_fairness": {
      "jain_index": 0.9129012862504582,
      "per_class_values": {
        "low": 2.012848340513034,
        "high": 4.16646477790297,
        "medium": 2.623084280520864
      },
      "coefficient_of_variation": 0.30888296769405393,
      "max_min_ratio": 2.069934775533572,
      "mean": 2.9341324663122896,
      "std": 0.9063035438020137
    },
    "per_class_metrics": {
      "low": {
        "count": 18,
        "avg_waiting_time": 1.2297582524104813,
        "std_waiting_time": 1.4645504346101315,
        "avg_turnaround_time": 2.012848340513034,
        "std_turnaround_time": 1.461704886620926,
        "avg_predicted_service_time": 0.7199999999999996,
        "avg_measured_execution_time": 0.7830900881025527,
        "p50_waiting_time": 0.7352287442059797,
        "p95_waiting_time": 3.056226322657681,
        "p99_waiting_time": 5.25183072768679
      },
      "high": {
        "count": 18,
        "avg_waiting_time": 2.145008734977454,
        "std_waiting_time": 2.0156703511240655,
        "avg_turnaround_time": 4.16646477790297,
        "std_turnaround_time": 1.9739703068943262,
        "avg_predicted_service_time": 3.2800000000000002,
        "avg_measured_execution_time": 2.0214560429255166,
        "p50_waiting_time": 1.6379538645017053,
        "p95_waiting_time": 5.4371231056578795,
        "p99_waiting_time": 6.64109530203162
      },
      "medium": {
        "count": 18,
        "avg_waiting_time": 0.9073994824921294,
        "std_waiting_time": 1.0790284837383564,
        "avg_turnaround_time": 2.623084280520864,
        "std_turnaround_time": 1.1795579998281869,
        "avg_predicted_service_time": 2.0,
        "avg_measured_execution_time": 1.715684798028734,
        "p50_waiting_time": 0.6472661084161402,
        "p95_waiting_time": 3.1239563758573947,
        "p99_waiting_time": 3.6035573029003984
      },
      "overall": {
        "count": 54,
        "avg_waiting_time": 0.9073994824921295,
        "avg_turnaround_time": 2.6230842805208634
      }
    },
    "arousal_valence_distribution": {
      "high_positive": 6,
      "high_neutral": 6,
      "high_negative": 6,
      "medium_positive": 6,
      "medium_neutral": 6,
      "medium_negative": 6,
      "low_positive": 6,
      "low_neutral": 6,
      "low_negative": 6,
      "total": 54
    }
  }
}