{
  "experiment_name": "SSJF-Combined_93s_load1.20_window",
  "metadata": {
    "scheduler": "SSJF-Combined",
    "num_jobs": 55,
    "mode": "time_window",
    "simulation_duration": 93.0,
    "system_load": 1.2,
    "base_service_time": null,
    "alpha": null,
    "rho": null,
    "enable_emotion": null,
    "arousal_noise": null,
    "random_seed": 42,
    "starvation_threshold": null,
    "starvation_coefficient": null,
    "beta": null,
    "output_dir": "results/llm_runs_time93_job54_load1.2",
    "verbose": true,
    "model_name": null,
    "dataset_path": null,
    "use_cache": null,
    "force_regenerate": null,
    "device_map": null,
    "dtype": null,
    "load_in_8bit": null,
    "experiment_mode": "time_window",
    "arrival_rate": 0.6,
    "run_metrics": {
      "total_jobs": 55,
      "total_time": 93.0,
      "throughput": 0.5913978494623656,
      "avg_waiting_time": 8.423940012121813,
      "avg_jct": 10.11747527500994,
      "p50_waiting_time": 3.710244088925748,
      "p95_waiting_time": 33.33618628851501,
      "p99_waiting_time": 34.18337840225657,
      "p50_jct": 5.705182498486977,
      "p95_jct": 35.586929224649346,
      "p99_jct": 36.33600920822581,
      "throughput_p25": 0.4698228573950295,
      "throughput_p50": 0.5205973755290072,
      "throughput_p75": 0.5571100120446265
    }
  },
  "num_jobs": 55,
  "total_run_time": 93.99200467843447,
  "overall_metrics": {
    "avg_waiting_time": 8.423940012121813,
    "std_waiting_time": 10.049511032402789,
    "p50_waiting_time": 3.710244088925748,
    "p95_waiting_time": 33.33618628851501,
    "p99_waiting_time": 34.18337840225657,
    "avg_turnaround_time": 10.11747527500994,
    "std_turnaround_time": 10.222450886562099,
    "p99_turnaround_time": 36.33600920822581,
    "avg_service_time": 1.9301818181818182,
    "throughput": 0.5851561543789394
  },
  "run_metrics": {
    "total_jobs": 55,
    "total_time": 93.0,
    "throughput": 0.5913978494623656,
    "avg_waiting_time": 8.423940012121813,
    "avg_jct": 10.11747527500994,
    "p50_waiting_time": 3.710244088925748,
    "p95_waiting_time": 33.33618628851501,
    "p99_waiting_time": 34.18337840225657,
    "p50_jct": 5.705182498486977,
    "p95_jct": 35.586929224649346,
    "p99_jct": 36.33600920822581,
    "throughput_p25": 0.4698228573950295,
    "throughput_p50": 0.5205973755290072,
    "throughput_p75": 0.5571100120446265
  },
  "llm_metrics": {
    "num_llm_jobs": 55,
    "avg_actual_execution_time": 1.6935352628881282,
    "std_actual_execution_time": 0.9295200811273829,
    "avg_output_token_length": 78.16363636363636,
    "std_output_token_length": 31.395288376305846,
    "cache_hit_count": 24,
    "cache_hit_rate": 0.43636363636363634,
    "fallback_used_count": 0,
    "error_count": 0,
    "prediction_accuracy": {
      "avg_absolute_error": 0.5610455837249758,
      "std_absolute_error": 0.5380039379628708,
      "avg_relative_error": 0.30262711699217304,
      "median_relative_error": 0.244064206144947,
      "max_absolute_error": 3.2854995441436765
    }
  },
  "per_emotion_class_metrics": {
    "high": {
      "count": 18,
      "avg_waiting_time": 13.505320642685332,
      "std_waiting_time": 13.10112817062144,
      "avg_turnaround_time": 16.043107417850464,
      "std_turnaround_time": 12.822351073249672,
      "avg_execution_time": 3.2800000000000002,
      "p50_waiting_time": 6.632480952710587,
      "p95_waiting_time": 34.063693733187506,
      "p99_waiting_time": 34.32622784598417
    },
    "low": {
      "count": 21,
      "avg_waiting_time": 3.9176521249376193,
      "std_waiting_time": 2.942199664935373,
      "avg_turnaround_time": 4.828174517755525,
      "std_turnaround_time": 3.0189896733694894,
      "avg_execution_time": 0.7199999999999995,
      "p50_waiting_time": 2.9577129491367486,
      "p95_waiting_time": 8.780184545384401,
      "p99_waiting_time": 9.46281489520365
    },
    "medium": {
      "count": 16,
      "avg_waiting_time": 8.621889654667106,
      "std_waiting_time": 9.325581969411637,
      "avg_turnaround_time": 10.393346358210769,
      "std_turnaround_time": 9.273026930206587,
      "avg_execution_time": 2.0,
      "p50_waiting_time": 3.1254961082607284,
      "p95_waiting_time": 22.03851698895928,
      "p99_waiting_time": 23.575618170300356
    },
    "overall": {
      "count": 55,
      "avg_waiting_time": 8.621889654667106,
      "avg_turnaround_time": 10.393346358210769
    }
  },
  "fairness_analysis": {
    "waiting_time_fairness": {
      "jain_index": 0.8310523704223555,
      "per_class_values": {
        "high": 13.505320642685332,
        "low": 3.9176521249376193,
        "medium": 8.621889654667106
      },
      "coefficient_of_variation": 0.45088091741808195,
      "max_min_ratio": 3.4472996100694817,
      "mean": 8.68162080743002,
      "std": 3.914377154329957
    },
    "turnaround_time_fairness": {
      "jain_index": 0.8382139104297704,
      "per_class_values": {
        "high": 16.043107417850464,
        "low": 4.828174517755525,
        "medium": 10.393346358210769
      },
      "coefficient_of_variation": 0.43933232334306765,
      "max_min_ratio": 3.322810175740795,
      "mean": 10.421542764605585,
      "std": 4.578520595593308
    },
    "per_class_metrics": {
      "high": {
        "count": 18,
        "avg_waiting_time": 13.505320642685332,
        "std_waiting_time": 13.10112817062144,
        "avg_turnaround_time": 16.043107417850464,
        "std_turnaround_time": 12.822351073249672,
        "avg_execution_time": 3.2800000000000002,
        "p50_waiting_time": 6.632480952710587,
        "p95_waiting_time": 34.063693733187506,
        "p99_waiting_time": 34.32622784598417
      },
      "low": {
        "count": 21,
        "avg_waiting_time": 3.9176521249376193,
        "std_waiting_time": 2.942199664935373,
        "avg_turnaround_time": 4.828174517755525,
        "std_turnaround_time": 3.0189896733694894,
        "avg_execution_time": 0.7199999999999995,
        "p50_waiting_time": 2.9577129491367486,
        "p95_waiting_time": 8.780184545384401,
        "p99_waiting_time": 9.46281489520365
      },
      "medium": {
        "count": 16,
        "avg_waiting_time": 8.621889654667106,
        "std_waiting_time": 9.325581969411637,
        "avg_turnaround_time": 10.393346358210769,
        "std_turnaround_time": 9.273026930206587,
        "avg_execution_time": 2.0,
        "p50_waiting_time": 3.1254961082607284,
        "p95_waiting_time": 22.03851698895928,
        "p99_waiting_time": 23.575618170300356
      },
      "overall": {
        "count": 55,
        "avg_waiting_time": 8.621889654667106,
        "avg_turnaround_time": 10.393346358210769
      }
    }
  }
}