{
  "experiment_name": "SSJF-Valence_93s_load1.20_window",
  "metadata": {
    "scheduler": "SSJF-Valence",
    "num_jobs": 49,
    "mode": "time_window",
    "simulation_duration": 93.0,
    "system_load": 1.2,
    "base_service_time": null,
    "alpha": null,
    "rho": null,
    "enable_emotion": null,
    "arousal_noise": null,
    "random_seed": 42,
    "starvation_threshold": null,
    "starvation_coefficient": null,
    "beta": null,
    "output_dir": "results/llm_runs_time93_job54_load1.2",
    "verbose": true,
    "model_name": null,
    "dataset_path": null,
    "use_cache": null,
    "force_regenerate": null,
    "device_map": null,
    "dtype": null,
    "load_in_8bit": null,
    "experiment_mode": "time_window",
    "arrival_rate": 0.6,
    "run_metrics": {
      "total_jobs": 49,
      "total_time": 93.0,
      "throughput": 0.5268817204301075,
      "avg_waiting_time": 12.544599924767011,
      "avg_jct": 14.441149071769564,
      "p50_waiting_time": 5.148062293856157,
      "p95_waiting_time": 49.84573442322012,
      "p99_waiting_time": 51.80387176818544,
      "p50_jct": 7.721104906819434,
      "p95_jct": 51.468474665140064,
      "p99_jct": 52.982056935498065,
      "throughput_p25": 0.4308540401894677,
      "throughput_p50": 0.438006160332315,
      "throughput_p75": 0.4952475737371203
    },
    "valence_beta": 0.8
  },
  "num_jobs": 49,
  "total_run_time": 93.77847342271242,
  "overall_metrics": {
    "avg_waiting_time": 12.544599924767011,
    "std_waiting_time": 16.911409242668572,
    "p50_waiting_time": 5.148062293856157,
    "p95_waiting_time": 49.84573442322012,
    "p99_waiting_time": 51.80387176818544,
    "avg_turnaround_time": 14.441149071769564,
    "std_turnaround_time": 16.818723562106843,
    "p99_turnaround_time": 52.982056935498065,
    "avg_service_time": 2.0261224489795917,
    "throughput": 0.5225079723694093
  },
  "run_metrics": {
    "total_jobs": 49,
    "total_time": 93.0,
    "throughput": 0.5268817204301075,
    "avg_waiting_time": 12.544599924767011,
    "avg_jct": 14.441149071769564,
    "p50_waiting_time": 5.148062293856157,
    "p95_waiting_time": 49.84573442322012,
    "p99_waiting_time": 51.80387176818544,
    "p50_jct": 7.721104906819434,
    "p95_jct": 51.468474665140064,
    "p99_jct": 52.982056935498065,
    "throughput_p25": 0.4308540401894677,
    "throughput_p50": 0.438006160332315,
    "throughput_p75": 0.4952475737371203
  },
  "llm_metrics": {
    "num_llm_jobs": 49,
    "avg_actual_execution_time": 1.896549147002551,
    "std_actual_execution_time": 1.587826082476006,
    "avg_output_token_length": 87.44897959183673,
    "std_output_token_length": 69.29589357462464,
    "cache_hit_count": 13,
    "cache_hit_rate": 0.2653061224489796,
    "fallback_used_count": 0,
    "error_count": 0,
    "prediction_accuracy": {
      "avg_absolute_error": 0.6828125412610114,
      "std_absolute_error": 1.1337227661508482,
      "avg_relative_error": 0.30358764232117813,
      "median_relative_error": 0.21099511955833353,
      "max_absolute_error": 7.298788042068481
    }
  },
  "per_emotion_class_metrics": {
    "high": {
      "count": 17,
      "avg_waiting_time": 9.453128078822893,
      "std_waiting_time": 11.269417105948444,
      "avg_turnaround_time": 12.475474968094348,
      "std_turnaround_time": 11.134098455879169,
      "avg_execution_time": 3.2800000000000002,
      "p50_waiting_time": 5.91052203061399,
      "p95_waiting_time": 24.88898995656085,
      "p99_waiting_time": 40.976673153886914
    },
    "low": {
      "count": 16,
      "avg_waiting_time": 9.826182733651414,
      "std_waiting_time": 16.092026161648448,
      "avg_turnaround_time": 10.658921908017412,
      "std_turnaround_time": 16.04986828911927,
      "avg_execution_time": 0.7199999999999998,
      "p50_waiting_time": 1.8554501428286443,
      "p95_waiting_time": 49.80103421634051,
      "p99_waiting_time": 51.94285437653533
    },
    "medium": {
      "count": 16,
      "avg_waiting_time": 18.547705952198235,
      "std_waiting_time": 20.697581327389663,
      "avg_turnaround_time": 20.31190497067663,
      "std_turnaround_time": 20.59361343656691,
      "avg_execution_time": 2.0,
      "p50_waiting_time": 7.846022126004293,
      "p95_waiting_time": 50.62117119983391,
      "p99_waiting_time": 50.98281902590302
    },
    "overall": {
      "count": 49,
      "avg_waiting_time": 18.547705952198232,
      "avg_turnaround_time": 20.311904970676625
    }
  },
  "fairness_analysis": {
    "waiting_time_fairness": {
      "jain_index": 0.9000404984495356,
      "per_class_values": {
        "high": 9.453128078822893,
        "low": 9.826182733651414,
        "medium": 18.547705952198235
      },
      "coefficient_of_variation": 0.3332583311411602,
      "max_min_ratio": 1.9620707344216797,
      "mean": 12.60900558822418,
      "std": 4.202056159681153
    },
    "turnaround_time_fairness": {
      "jain_index": 0.9228101482081863,
      "per_class_values": {
        "high": 12.475474968094348,
        "low": 10.658921908017412,
        "medium": 20.31190497067663
      },
      "coefficient_of_variation": 0.28921707037191663,
      "max_min_ratio": 1.905624710074895,
      "mean": 14.48210061559613,
      "std": 4.188470712874043
    },
    "per_class_metrics": {
      "high": {
        "count": 17,
        "avg_waiting_time": 9.453128078822893,
        "std_waiting_time": 11.269417105948444,
        "avg_turnaround_time": 12.475474968094348,
        "std_turnaround_time": 11.134098455879169,
        "avg_execution_time": 3.2800000000000002,
        "p50_waiting_time": 5.91052203061399,
        "p95_waiting_time": 24.88898995656085,
        "p99_waiting_time": 40.976673153886914
      },
      "low": {
        "count": 16,
        "avg_waiting_time": 9.826182733651414,
        "std_waiting_time": 16.092026161648448,
        "avg_turnaround_time": 10.658921908017412,
        "std_turnaround_time": 16.04986828911927,
        "avg_execution_time": 0.7199999999999998,
        "p50_waiting_time": 1.8554501428286443,
        "p95_waiting_time": 49.80103421634051,
        "p99_waiting_time": 51.94285437653533
      },
      "medium": {
        "count": 16,
        "avg_waiting_time": 18.547705952198235,
        "std_waiting_time": 20.697581327389663,
        "avg_turnaround_time": 20.31190497067663,
        "std_turnaround_time": 20.59361343656691,
        "avg_execution_time": 2.0,
        "p50_waiting_time": 7.846022126004293,
        "p95_waiting_time": 50.62117119983391,
        "p99_waiting_time": 50.98281902590302
      },
      "overall": {
        "count": 49,
        "avg_waiting_time": 18.547705952198232,
        "avg_turnaround_time": 20.311904970676625
      }
    },
    "valence_fairness": {
      "weighted_jain_index": 0.8225368373922605,
      "per_valence_values": {
        "neutral": 9.129786316610607,
        "positive": 37.586043868735096,
        "negative": 2.1920260178627187
      },
      "weights": {
        "neutral": 1.0,
        "positive": 0.3599999999999999,
        "negative": 1.6400000000000001
      },
      "mean": 16.302618734402806,
      "std": 15.313855786558484
    }
  }
}