{
  "experiment_name": "SSJF-Emotion_54jobs_load1.20_fixed",
  "metadata": {
    "scheduler": "SSJF-Emotion",
    "num_jobs": 54,
    "mode": "fixed_jobs",
    "simulation_duration": null,
    "system_load": 1.2,
    "base_service_time": null,
    "alpha": null,
    "rho": null,
    "emotion_correlation": null,
    "enable_emotion": null,
    "arousal_noise": null,
    "random_seed": 4567,
    "starvation_threshold": null,
    "starvation_coefficient": null,
    "beta": null,
    "output_dir": "results/multi_seed_runs/seed_4567",
    "verbose": true,
    "model_name": null,
    "dataset_path": null,
    "use_cache": null,
    "force_regenerate": null,
    "device_map": null,
    "dtype": null,
    "load_in_8bit": null,
    "experiment_mode": "fixed_jobs",
    "arrival_rate": 0.6,
    "run_metrics": {
      "total_jobs": 54,
      "total_time": 97.10980501033546,
      "throughput": 0.5560715521388674,
      "avg_waiting_time": 3.237172024378093,
      "avg_jct": 4.760110554028464,
      "p50_waiting_time": 1.9495706448974417,
      "p95_waiting_time": 12.6447254543222,
      "p99_waiting_time": 15.350290927521963,
      "p50_jct": 3.2775970800077054,
      "p95_jct": 14.450938129893645,
      "p99_jct": 17.6353498836682,
      "estimated_arrival_rate": 0.5784523701368042,
      "avg_actual_execution_time": 1.5229385296503704,
      "effective_load": 0.8809474020489163,
      "throughput_p25": 0.38094407803369645,
      "throughput_p50": 0.49919987241672736,
      "throughput_p75": 0.5211899304468353
    }
  },
  "num_jobs": 54,
  "total_run_time": 97.10980501033546,
  "overall_metrics": {
    "avg_waiting_time": 3.237172024378093,
    "std_waiting_time": 3.9367542424176274,
    "p50_waiting_time": 1.9495706448974417,
    "p95_waiting_time": 12.6447254543222,
    "p99_waiting_time": 15.350290927521963,
    "avg_turnaround_time": 4.760110554028464,
    "std_turnaround_time": 4.24316148272024,
    "p99_turnaround_time": 17.6353498836682,
    "avg_service_time": 2.0,
    "throughput": 0.5560715521388674
  },
  "run_metrics": {
    "total_jobs": 54,
    "total_time": 97.10980501033546,
    "throughput": 0.5560715521388674,
    "avg_waiting_time": 3.237172024378093,
    "avg_jct": 4.760110554028464,
    "p50_waiting_time": 1.9495706448974417,
    "p95_waiting_time": 12.6447254543222,
    "p99_waiting_time": 15.350290927521963,
    "p50_jct": 3.2775970800077054,
    "p95_jct": 14.450938129893645,
    "p99_jct": 17.6353498836682,
    "estimated_arrival_rate": 0.5784523701368042,
    "avg_actual_execution_time": 1.5229385296503704,
    "effective_load": 0.8809474020489163,
    "throughput_p25": 0.38094407803369645,
    "throughput_p50": 0.49919987241672736,
    "throughput_p75": 0.5211899304468353
  },
  "llm_metrics": {
    "num_llm_jobs": 54,
    "avg_actual_execution_time": 1.5229385296503704,
    "std_actual_execution_time": 0.5707060616616308,
    "avg_output_token_length": 75.12962962962963,
    "std_output_token_length": 28.3320563740323,
    "cache_hit_count": 54,
    "cache_hit_rate": 1.0,
    "fallback_used_count": 0,
    "error_count": 0,
    "prediction_accuracy": {
      "avg_absolute_error": 0.6009752677988125,
      "std_absolute_error": 0.5570155233532199,
      "avg_relative_error": 0.37311461598326007,
      "median_relative_error": 0.2589977915345338,
      "max_absolute_error": 1.9310035991668704
    }
  },
  "per_emotion_class_metrics": {
    "low": {
      "count": 18,
      "avg_waiting_time": 1.297112193759842,
      "std_waiting_time": 1.2449639693412051,
      "avg_turnaround_time": 2.1661637031931646,
      "std_turnaround_time": 1.2421056770427494,
      "avg_predicted_service_time": 0.7199999999999996,
      "avg_measured_execution_time": 0.8690515094333224,
      "p50_waiting_time": 0.7182147073336296,
      "p95_waiting_time": 3.5661999072373107,
      "p99_waiting_time": 4.039973738384569
    },
    "high": {
      "count": 18,
      "avg_waiting_time": 6.845673707288865,
      "std_waiting_time": 4.840668734516922,
      "avg_turnaround_time": 8.856274618535274,
      "std_turnaround_time": 4.981520070564418,
      "avg_predicted_service_time": 3.2800000000000002,
      "avg_measured_execution_time": 2.0106009112464056,
      "p50_waiting_time": 5.376882916228196,
      "p95_waiting_time": 15.010783267040692,
      "p99_waiting_time": 15.732237045563389
    },
    "medium": {
      "count": 18,
      "avg_waiting_time": 1.5687301720855702,
      "std_waiting_time": 1.394015084876202,
      "avg_turnaround_time": 3.257893340356953,
      "std_turnaround_time": 1.3751772662379331,
      "avg_predicted_service_time": 2.0,
      "avg_measured_execution_time": 1.6891631682713826,
      "p50_waiting_time": 1.511625950926927,
      "p95_waiting_time": 3.914914546837842,
      "p99_waiting_time": 5.136621886265598
    },
    "overall": {
      "count": 54,
      "avg_waiting_time": 1.5687301720855704,
      "avg_turnaround_time": 3.257893340356954
    }
  },
  "fairness_analysis": {
    "waiting_time_fairness": {
      "jain_index": 0.6163478721639284,
      "per_class_values": {
        "low": 1.297112193759842,
        "high": 6.845673707288865,
        "medium": 1.5687301720855702
      },
      "coefficient_of_variation": 0.7889615803839848,
      "max_min_ratio": 5.277626515441061,
      "mean": 3.237172024378092,
      "std": 2.554004356328163
    },
    "turnaround_time_fairness": {
      "jain_index": 0.7251562845695878,
      "per_class_values": {
        "low": 2.1661637031931646,
        "high": 8.856274618535274,
        "medium": 3.257893340356953
      },
      "coefficient_of_variation": 0.6156403803998161,
      "max_min_ratio": 4.088460445293284,
      "mean": 4.760110554028464,
      "std": 2.930516272227263
    },
    "per_class_metrics": {
      "low": {
        "count": 18,
        "avg_waiting_time": 1.297112193759842,
        "std_waiting_time": 1.2449639693412051,
        "avg_turnaround_time": 2.1661637031931646,
        "std_turnaround_time": 1.2421056770427494,
        "avg_predicted_service_time": 0.7199999999999996,
        "avg_measured_execution_time": 0.8690515094333224,
        "p50_waiting_time": 0.7182147073336296,
        "p95_waiting_time": 3.5661999072373107,
        "p99_waiting_time": 4.039973738384569
      },
      "high": {
        "count": 18,
        "avg_waiting_time": 6.845673707288865,
        "std_waiting_time": 4.840668734516922,
        "avg_turnaround_time": 8.856274618535274,
        "std_turnaround_time": 4.981520070564418,
        "avg_predicted_service_time": 3.2800000000000002,
        "avg_measured_execution_time": 2.0106009112464056,
        "p50_waiting_time": 5.376882916228196,
        "p95_waiting_time": 15.010783267040692,
        "p99_waiting_time": 15.732237045563389
      },
      "medium": {
        "count": 18,
        "avg_waiting_time": 1.5687301720855702,
        "std_waiting_time": 1.394015084876202,
        "avg_turnaround_time": 3.257893340356953,
        "std_turnaround_time": 1.3751772662379331,
        "avg_predicted_service_time": 2.0,
        "avg_measured_execution_time": 1.6891631682713826,
        "p50_waiting_time": 1.511625950926927,
        "p95_waiting_time": 3.914914546837842,
        "p99_waiting_time": 5.136621886265598
      },
      "overall": {
        "count": 54,
        "avg_waiting_time": 1.5687301720855704,
        "avg_turnaround_time": 3.257893340356954
      }
    },
    "arousal_valence_distribution": {
      "high_positive": 6,
      "high_neutral": 6,
      "high_negative": 6,
      "medium_positive": 6,
      "medium_neutral": 6,
      "medium_negative": 6,
      "low_positive": 6,
      "low_neutral": 6,
      "low_negative": 6,
      "total": 54
    }
  }
}