{
  "experiment_name": "AW-SSJF_80jobs_load0.90_fixed",
  "metadata": {
    "scheduler": "AW-SSJF",
    "num_jobs": 80,
    "mode": "fixed_jobs",
    "simulation_duration": null,
    "system_load": 0.9,
    "base_service_time": null,
    "w_max": 2.0,
    "p": 1.0,
    "q": 1.0,
    "use_confidence": true,
    "weight_exponent": 4.0,
    "gamma_panic": 0.15,
    "gamma_dep": null,
    "weight_mode": "dual",
    "enable_emotion": null,
    "arousal_noise": null,
    "random_seed": 42,
    "starvation_threshold": null,
    "starvation_coefficient": null,
    "output_dir": "results/experiments/exp3_gamma_sweep/gamma0.15",
    "verbose": null,
    "model_name": null,
    "dataset_path": null,
    "use_cache": null,
    "force_regenerate": null,
    "device_map": null,
    "dtype": null,
    "load_in_8bit": null,
    "force_new_job_config": null,
    "use_saved_job_config": true,
    "experiment_mode": "fixed_jobs",
    "arrival_rate": 0.45,
    "run_metrics": {
      "total_jobs": 80,
      "total_time": 221.91980941489186,
      "throughput": 0.36049057635244897,
      "avg_waiting_time": 23.16927990571079,
      "avg_jct": 25.80163573876438,
      "p50_waiting_time": 9.97030924411942,
      "p95_waiting_time": 107.73535564967037,
      "p99_waiting_time": 150.89379950736262,
      "p50_jct": 13.340449609314167,
      "p95_jct": 111.63536346979977,
      "p99_jct": 156.12563139889934,
      "estimated_arrival_rate": 0.4775629988044028,
      "avg_actual_execution_time": 2.632355833053589,
      "effective_load": 1.2571157455533337,
      "throughput_p25": 0.35041536747595303,
      "throughput_p50": 0.3732616536424407,
      "throughput_p75": 0.3699983697169078,
      "aw_jct": 23.2004386075864
    }
  },
  "num_jobs": 80,
  "total_run_time": 221.91980941489186,
  "overall_metrics": {
    "avg_waiting_time": 23.16927990571079,
    "std_waiting_time": 33.617667444358716,
    "p50_waiting_time": 9.97030924411942,
    "p95_waiting_time": 107.73535564967037,
    "p99_waiting_time": 150.89379950736262,
    "avg_turnaround_time": 25.80163573876438,
    "std_turnaround_time": 34.13653697018222,
    "p99_turnaround_time": 156.12563139889934,
    "avg_service_time": 2.163803407669067,
    "throughput": 0.36049057635244897,
    "aw_jct": 23.2004386075864,
    "total_affect_weight": 100.87285887385097,
    "avg_affect_weight": 1.2609107359231373
  },
  "run_metrics": {
    "total_jobs": 80,
    "total_time": 221.91980941489186,
    "throughput": 0.36049057635244897,
    "avg_waiting_time": 23.16927990571079,
    "avg_jct": 25.80163573876438,
    "p50_waiting_time": 9.97030924411942,
    "p95_waiting_time": 107.73535564967037,
    "p99_waiting_time": 150.89379950736262,
    "p50_jct": 13.340449609314167,
    "p95_jct": 111.63536346979977,
    "p99_jct": 156.12563139889934,
    "estimated_arrival_rate": 0.4775629988044028,
    "avg_actual_execution_time": 2.632355833053589,
    "effective_load": 1.2571157455533337,
    "throughput_p25": 0.35041536747595303,
    "throughput_p50": 0.3732616536424407,
    "throughput_p75": 0.3699983697169078,
    "aw_jct": 23.2004386075864
  },
  "llm_metrics": {
    "num_llm_jobs": 80,
    "avg_actual_execution_time": 2.632355833053589,
    "std_actual_execution_time": 1.2480410114201108,
    "avg_output_token_length": 128.625,
    "std_output_token_length": 61.22057966893159,
    "cache_hit_count": 0,
    "cache_hit_rate": 0.0,
    "fallback_used_count": 0,
    "error_count": 0,
    "prediction_accuracy": {
      "avg_absolute_error": 1.0074939296245575,
      "std_absolute_error": 0.8971286064178297,
      "avg_relative_error": 0.43878107436436364,
      "median_relative_error": 0.3225556497111063,
      "max_absolute_error": 3.8785854816436767
    }
  },
  "per_emotion_class_metrics": {
    "depression": {
      "count": 20,
      "avg_waiting_time": 8.865748741564648,
      "std_waiting_time": 6.310871172721141,
      "avg_turnaround_time": 11.513098313746351,
      "std_turnaround_time": 6.7962628797562905,
      "avg_predicted_service_time": 2.2728546142578123,
      "avg_measured_execution_time": 2.6473495721817017,
      "avg_affect_weight": 1.681034672586811,
      "p50_waiting_time": 8.309661574526089,
      "p95_waiting_time": 15.566061409990969,
      "p99_waiting_time": 27.952827913592994
    },
    "panic": {
      "count": 20,
      "avg_waiting_time": 14.734312942968888,
      "std_waiting_time": 14.38250998500893,
      "avg_turnaround_time": 17.314172712313216,
      "std_turnaround_time": 14.79369620997391,
      "avg_predicted_service_time": 2.392194450378418,
      "avg_measured_execution_time": 2.57985976934433,
      "avg_affect_weight": 1.2882230767190626,
      "p50_waiting_time": 9.761823916213338,
      "p95_waiting_time": 50.184961793966984,
      "p99_waiting_time": 53.3253875413916
    },
    "excited": {
      "count": 20,
      "avg_waiting_time": 36.13702145014221,
      "std_waiting_time": 45.97303789861246,
      "avg_turnaround_time": 38.86470445785934,
      "std_turnaround_time": 46.97090048540883,
      "avg_predicted_service_time": 2.0685425910949706,
      "avg_measured_execution_time": 2.7276830077171326,
      "avg_affect_weight": 1.0181836306978684,
      "p50_waiting_time": 11.087970096676958,
      "p95_waiting_time": 141.58284322217264,
      "p99_waiting_time": 145.45967152376443
    },
    "calm": {
      "count": 20,
      "avg_waiting_time": 32.94003648816742,
      "std_waiting_time": 40.261851412473824,
      "avg_turnaround_time": 35.51456747113862,
      "std_turnaround_time": 40.604437671312034,
      "avg_predicted_service_time": 1.9216219749450687,
      "avg_measured_execution_time": 2.5745309829711913,
      "avg_affect_weight": 1.0562015636888065,
      "p50_waiting_time": 20.005642985092372,
      "p95_waiting_time": 112.68341731969156,
      "p99_waiting_time": 156.68900885069814
    },
    "overall": {
      "count": 80,
      "avg_waiting_time": 23.16927990571079,
      "avg_turnaround_time": 25.80163573876438
    }
  },
  "per_quadrant_metrics": {
    "excited": {
      "count": 20,
      "avg_waiting_time": 36.13702145014221,
      "p50_waiting_time": 11.087970096676958,
      "p99_waiting_time": 145.45967152376443,
      "avg_jct": 38.86470445785934,
      "p99_jct": 150.52913237591056,
      "avg_affect_weight": 1.0181836306978684
    },
    "calm": {
      "count": 20,
      "avg_waiting_time": 32.94003648816742,
      "p50_waiting_time": 20.005642985092372,
      "p99_waiting_time": 156.68900885069814,
      "avg_jct": 35.51456747113862,
      "p99_jct": 161.37049227917637,
      "avg_affect_weight": 1.0562015636888065
    },
    "panic": {
      "count": 20,
      "avg_waiting_time": 14.734312942968888,
      "p50_waiting_time": 9.761823916213338,
      "p99_waiting_time": 53.3253875413916,
      "avg_jct": 17.314172712313216,
      "p99_jct": 57.929771832563624,
      "avg_affect_weight": 1.2882230767190626
    },
    "depression": {
      "count": 20,
      "avg_waiting_time": 8.865748741564648,
      "p50_waiting_time": 8.309661574526089,
      "p99_waiting_time": 27.952827913592994,
      "avg_jct": 11.513098313746351,
      "p99_jct": 31.569394728969275,
      "avg_affect_weight": 1.681034672586811
    }
  },
  "fairness_analysis": {
    "waiting_time_fairness": {
      "jain_index": 0.7992394506661691,
      "per_quadrant_values": {
        "depression": 8.865748741564648,
        "panic": 14.734312942968888,
        "excited": 36.13702145014221,
        "calm": 32.94003648816742
      },
      "coefficient_of_variation": 0.5011880776371296,
      "max_min_ratio": 4.076025895108399,
      "depression_vs_others": 0.31734651211432624,
      "mean": 23.16927990571079,
      "std": 11.612166856179766
    },
    "turnaround_time_fairness": {
      "jain_index": 0.831095403518561,
      "per_quadrant_values": {
        "depression": 11.513098313746351,
        "panic": 17.314172712313216,
        "excited": 38.86470445785934,