{
  "experiment_name": "FCFS_54jobs_load1.20_fixed",
  "metadata": {
    "scheduler": "FCFS",
    "num_jobs": 54,
    "mode": "fixed_jobs",
    "simulation_duration": null,
    "system_load": 1.2,
    "base_service_time": null,
    "alpha": null,
    "rho": null,
    "emotion_correlation": null,
    "enable_emotion": null,
    "arousal_noise": null,
    "random_seed": 4680,
    "starvation_threshold": null,
    "starvation_coefficient": null,
    "beta": null,
    "output_dir": "results/multi_seed_runs/seed_4680",
    "verbose": true,
    "model_name": null,
    "dataset_path": null,
    "use_cache": null,
    "force_regenerate": null,
    "device_map": null,
    "dtype": null,
    "load_in_8bit": null,
    "experiment_mode": "fixed_jobs",
    "arrival_rate": 0.6,
    "run_metrics": {
      "total_jobs": 54,
      "total_time": 88.48081126645883,
      "throughput": 0.6103018182934568,
      "avg_waiting_time": 7.38239696355789,
      "avg_jct": 8.899928168664555,
      "p50_waiting_time": 7.7726739048326365,
      "p95_waiting_time": 11.913826460420205,
      "p99_waiting_time": 12.508832070660306,
      "p50_jct": 9.630613156794226,
      "p95_jct": 13.107848517643598,
      "p99_jct": 14.023695180307783,
      "estimated_arrival_rate": 0.7501626577910395,
      "avg_actual_execution_time": 1.5175312051066645,
      "effective_load": 1.1383952421036545,
      "throughput_p25": 0.45712818206421235,
      "throughput_p50": 0.5254947875443386,
      "throughput_p75": 0.5700961026109254
    }
  },
  "num_jobs": 54,
  "total_run_time": 88.48081126645883,
  "overall_metrics": {
    "avg_waiting_time": 7.38239696355789,
    "std_waiting_time": 3.3347921478503695,
    "p50_waiting_time": 7.7726739048326365,
    "p95_waiting_time": 11.913826460420205,
    "p99_waiting_time": 12.508832070660306,
    "avg_turnaround_time": 8.899928168664555,
    "std_turnaround_time": 3.1524755789476098,
    "p99_turnaround_time": 14.023695180307783,
    "avg_service_time": 2.0,
    "throughput": 0.6103018182934568
  },
  "run_metrics": {
    "total_jobs": 54,
    "total_time": 88.48081126645883,
    "throughput": 0.6103018182934568,
    "avg_waiting_time": 7.38239696355789,
    "avg_jct": 8.899928168664555,
    "p50_waiting_time": 7.7726739048326365,
    "p95_waiting_time": 11.913826460420205,
    "p99_waiting_time": 12.508832070660306,
    "p50_jct": 9.630613156794226,
    "p95_jct": 13.107848517643598,
    "p99_jct": 14.023695180307783,
    "estimated_arrival_rate": 0.7501626577910395,
    "avg_actual_execution_time": 1.5175312051066645,
    "effective_load": 1.1383952421036545,
    "throughput_p25": 0.45712818206421235,
    "throughput_p50": 0.5254947875443386,
    "throughput_p75": 0.5700961026109254
  },
  "llm_metrics": {
    "num_llm_jobs": 54,
    "avg_actual_execution_time": 1.5175312051066645,
    "std_actual_execution_time": 0.5667844543719706,
    "avg_output_token_length": 74.75925925925925,
    "std_output_token_length": 27.79150895186646,
    "cache_hit_count": 0,
    "cache_hit_rate": 0.0,
    "fallback_used_count": 0,
    "error_count": 0,
    "prediction_accuracy": {
      "avg_absolute_error": 0.5904904840610646,
      "std_absolute_error": 0.5670236246791024,
      "avg_relative_error": 0.3655126999840089,
      "median_relative_error": 0.28530742140484183,
      "max_absolute_error": 2.02765419960022
    }
  },
  "per_emotion_class_metrics": {
    "high": {
      "count": 18,
      "avg_waiting_time": 6.116013815884325,
      "std_waiting_time": 3.113488430017905,
      "avg_turnaround_time": 8.067320119226508,
      "std_turnaround_time": 3.1186495591696293,
      "avg_predicted_service_time": 3.2800000000000002,
      "avg_measured_execution_time": 1.9513063033421834,
      "p50_waiting_time": 6.9937481775234875,
      "p95_waiting_time": 9.685382716232128,
      "p99_waiting_time": 9.691403380768103
    },
    "medium": {
      "count": 18,
      "avg_waiting_time": 6.568832058460713,
      "std_waiting_time": 3.605514225614502,
      "avg_turnaround_time": 8.362671605829929,
      "std_turnaround_time": 3.598312712715501,
      "avg_predicted_service_time": 2.0,
      "avg_measured_execution_time": 1.7938395473692152,
      "p50_waiting_time": 7.166550416203185,
      "p95_waiting_time": 11.780517242609841,
      "p99_waiting_time": 12.233768583165087
    },
    "low": {
      "count": 18,
      "avg_waiting_time": 9.462345016328632,
      "std_waiting_time": 2.019201559871466,
      "avg_turnaround_time": 10.269792780937227,
      "std_turnaround_time": 2.069315718282116,
      "avg_predicted_service_time": 0.7199999999999996,
      "avg_measured_execution_time": 0.8074477646085951,
      "p50_waiting_time": 9.80084586145594,
      "p95_waiting_time": 12.434742117331739,
      "p99_waiting_time": 12.592183268154944
    },
    "overall": {
      "count": 54,
      "avg_waiting_time": 9.462345016328632,
      "avg_turnaround_time": 10.269792780937227
    }
  },
  "fairness_analysis": {
    "waiting_time_fairness": {
      "jain_index": 0.9612454973430749,
      "per_class_values": {
        "high": 6.116013815884325,
        "medium": 6.568832058460713,
        "low": 9.462345016328632
      },
      "coefficient_of_variation": 0.20079085299884647,
      "max_min_ratio": 1.5471425181796217,
      "mean": 7.38239696355789,
      "std": 1.482317783488883
    },
    "turnaround_time_fairness": {
      "jain_index": 0.9881139576396104,
      "per_class_values": {
        "high": 8.067320119226508,
        "medium": 8.362671605829929,
        "low": 10.269792780937227
      },
      "coefficient_of_variation": 0.10967688817284037,
      "max_min_ratio": 1.2730116853131508,
      "mean": 8.899928168664555,
      "std": 0.9761164265009344
    },
    "per_class_metrics": {
      "high": {
        "count": 18,
        "avg_waiting_time": 6.116013815884325,
        "std_waiting_time": 3.113488430017905,
        "avg_turnaround_time": 8.067320119226508,
        "std_turnaround_time": 3.1186495591696293,
        "avg_predicted_service_time": 3.2800000000000002,
        "avg_measured_execution_time": 1.9513063033421834,
        "p50_waiting_time": 6.9937481775234875,
        "p95_waiting_time": 9.685382716232128,
        "p99_waiting_time": 9.691403380768103
      },
      "medium": {
        "count": 18,
        "avg_waiting_time": 6.568832058460713,
        "std_waiting_time": 3.605514225614502,
        "avg_turnaround_time": 8.362671605829929,
        "std_turnaround_time": 3.598312712715501,
        "avg_predicted_service_time": 2.0,
        "avg_measured_execution_time": 1.7938395473692152,
        "p50_waiting_time": 7.166550416203185,
        "p95_waiting_time": 11.780517242609841,
        "p99_waiting_time": 12.233768583165087
      },
      "low": {
        "count": 18,
        "avg_waiting_time": 9.462345016328632,
        "std_waiting_time": 2.019201559871466,
        "avg_turnaround_time": 10.269792780937227,
        "std_turnaround_time": 2.069315718282116,
        "avg_predicted_service_time": 0.7199999999999996,
        "avg_measured_execution_time": 0.8074477646085951,
        "p50_waiting_time": 9.80084586145594,
        "p95_waiting_time": 12.434742117331739,
        "p99_waiting_time": 12.592183268154944
      },
      "overall": {
        "count": 54,
        "avg_waiting_time": 9.462345016328632,
        "avg_turnaround_time": 10.269792780937227
      }
    },
    "arousal_valence_distribution": {
      "high_positive": 6,
      "high_neutral": 6,
      "high_negative": 6,
      "medium_positive": 6,
      "medium_neutral": 6,
      "medium_negative": 6,
      "low_positive": 6,
      "low_neutral": 6,
      "low_negative": 6,
      "total": 54
    }
  }
}