{
  "experiment_name": "AW-SSJF_80jobs_load0.90_fixed",
  "metadata": {
    "scheduler": "AW-SSJF",
    "num_jobs": 80,
    "mode": "fixed_jobs",
    "simulation_duration": null,
    "system_load": 0.9,
    "base_service_time": null,
    "w_max": 2.0,
    "p": 1.0,
    "q": 1.0,
    "use_confidence": true,
    "weight_exponent": 4.0,
    "gamma_panic": null,
    "gamma_dep": null,
    "weight_mode": null,
    "enable_emotion": null,
    "arousal_noise": null,
    "random_seed": 42,
    "starvation_threshold": 999999.0,
    "starvation_coefficient": 5.0,
    "output_dir": "results/experiments/defense/A1/threshold_inf_coef_5",
    "verbose": null,
    "model_name": null,
    "dataset_path": null,
    "use_cache": null,
    "force_regenerate": null,
    "device_map": null,
    "dtype": null,
    "load_in_8bit": null,
    "force_new_job_config": null,
    "use_saved_job_config": true,
    "experiment_mode": "fixed_jobs",
    "arrival_rate": 0.45,
    "run_metrics": {
      "total_jobs": 80,
      "total_time": 221.19140942290272,
      "throughput": 0.3616776990061378,
      "avg_waiting_time": 24.0621811087471,
      "avg_jct": 26.68465400591907,
      "p50_waiting_time": 12.417598009867461,
      "p95_waiting_time": 77.72431112902514,
      "p99_waiting_time": 150.2374691722224,
      "p50_jct": 14.924626362751404,
      "p95_jct": 80.57442553418032,
      "p99_jct": 155.4459142753909,
      "estimated_arrival_rate": 0.4775629988044028,
      "avg_actual_execution_time": 2.622472897171974,
      "effective_load": 1.2523960210567182,
      "throughput_p25": 0.3547308004481973,
      "throughput_p50": 0.36862016562765354,
      "throughput_p75": 0.3703690750936814,
      "aw_jct": 24.472429634755226
    }
  },
  "num_jobs": 80,
  "total_run_time": 221.19140942290272,
  "overall_metrics": {
    "avg_waiting_time": 24.0621811087471,
    "std_waiting_time": 30.07191483508312,
    "p50_waiting_time": 12.417598009867461,
    "p95_waiting_time": 77.72431112902514,
    "p99_waiting_time": 150.2374691722224,
    "avg_turnaround_time": 26.68465400591907,
    "std_turnaround_time": 30.54641928800673,
    "p99_turnaround_time": 155.4459142753909,
    "avg_service_time": 2.163803407669067,
    "throughput": 0.3616776990061378,
    "aw_jct": 24.472429634755226,
    "total_affect_weight": 104.1098842737755,
    "avg_affect_weight": 1.3013735534221937
  },
  "run_metrics": {
    "total_jobs": 80,
    "total_time": 221.19140942290272,
    "throughput": 0.3616776990061378,
    "avg_waiting_time": 24.0621811087471,
    "avg_jct": 26.68465400591907,
    "p50_waiting_time": 12.417598009867461,
    "p95_waiting_time": 77.72431112902514,
    "p99_waiting_time": 150.2374691722224,
    "p50_jct": 14.924626362751404,
    "p95_jct": 80.57442553418032,
    "p99_jct": 155.4459142753909,
    "estimated_arrival_rate": 0.4775629988044028,
    "avg_actual_execution_time": 2.622472897171974,
    "effective_load": 1.2523960210567182,
    "throughput_p25": 0.3547308004481973,
    "throughput_p50": 0.36862016562765354,
    "throughput_p75": 0.3703690750936814,
    "aw_jct": 24.472429634755226
  },
  "llm_metrics": {
    "num_llm_jobs": 80,
    "avg_actual_execution_time": 2.622472897171974,
    "std_actual_execution_time": 1.2424843498840439,
    "avg_output_token_length": 128.625,
    "std_output_token_length": 61.22057966893159,
    "cache_hit_count": 0,
    "cache_hit_rate": 0.0,
    "fallback_used_count": 0,
    "error_count": 0,
    "prediction_accuracy": {
      "avg_absolute_error": 1.0017181173563003,
      "std_absolute_error": 0.892844286261872,
      "avg_relative_error": 0.438668735026664,
      "median_relative_error": 0.32130444171752226,
      "max_absolute_error": 3.8550955295562743
    }
  },
  "per_emotion_class_metrics": {
    "depression": {
      "count": 20,
      "avg_waiting_time": 13.190989270148176,
      "std_waiting_time": 8.310058935079288,
      "avg_turnaround_time": 15.826190140185252,
      "std_turnaround_time": 8.701038068193206,
      "avg_predicted_service_time": 2.2728546142578123,
      "avg_measured_execution_time": 2.635200870037079,
      "avg_affect_weight": 1.7143353566673862,
      "p50_waiting_time": 10.964799977635842,
      "p95_waiting_time": 27.775505729188705,
      "p99_waiting_time": 33.22739747964203
    },
    "panic": {
      "count": 20,
      "avg_waiting_time": 17.955936029898208,
      "std_waiting_time": 17.986613149483038,
      "avg_turnaround_time": 20.52642431591658,
      "std_turnaround_time": 18.294523116718395,
      "avg_predicted_service_time": 2.392194450378418,
      "avg_measured_execution_time": 2.5704882860183718,
      "avg_affect_weight": 1.4071937119871896,
      "p50_waiting_time": 12.00195992394729,
      "p95_waiting_time": 48.905806858350125,
      "p99_waiting_time": 71.36929557908813
    },
    "excited": {
      "count": 20,
      "avg_waiting_time": 34.97976243887359,
      "std_waiting_time": 39.57142131737163,
      "avg_turnaround_time": 37.69748362694198,
      "std_turnaround_time": 40.44002649728668,
      "avg_predicted_service_time": 2.0685425910949706,
      "avg_measured_execution_time": 2.71772118806839,
      "avg_affect_weight": 1.0236754560750314,
      "p50_waiting_time": 21.329725578851388,
      "p95_waiting_time": 108.87166756787032,
      "p99_waiting_time": 138.39630926430283
    },
    "calm": {
      "count": 20,
      "avg_waiting_time": 30.12203669606843,
      "std_waiting_time": 36.70726164438973,
      "avg_turnaround_time": 32.68851794063248,
      "std_turnaround_time": 37.05917853642727,
      "avg_predicted_service_time": 1.9216219749450687,
      "avg_measured_execution_time": 2.5664812445640566,
      "avg_affect_weight": 1.060289688959168,
      "p50_waiting_time": 17.936122843427015,
      "p95_waiting_time": 76.94817245718063,
      "p99_waiting_time": 149.0020844662086
    },
    "overall": {
      "count": 80,
      "avg_waiting_time": 24.0621811087471,
      "avg_turnaround_time": 26.68465400591908
    }
  },
  "per_quadrant_metrics": {
    "excited": {
      "count": 20,
      "avg_waiting_time": 34.97976243887359,
      "p50_waiting_time": 21.329725578851388,
      "p99_waiting_time": 138.39630926430283,
      "avg_jct": 37.69748362694198,
      "p99_jct": 143.3676458030945,
      "avg_affect_weight": 1.0236754560750314
    },
    "calm": {
      "count": 20,
      "avg_waiting_time": 30.12203669606843,
      "p50_waiting_time": 17.936122843427015,
      "p99_waiting_time": 149.0020844662086,
      "avg_jct": 32.68851794063248,
      "p99_jct": 153.50839457391658,
      "avg_affect_weight": 1.060289688959168
    },
    "panic": {
      "count": 20,
      "avg_waiting_time": 17.955936029898208,
      "p50_waiting_time": 12.00195992394729,
      "p99_waiting_time": 71.36929557908813,
      "avg_jct": 20.52642431591658,
      "p99_jct": 74.19624047114448,
      "avg_affect_weight": 1.4071937119871896
    },
    "depression": {
      "count": 20,
      "avg_waiting_time": 13.190989270148176,
      "p50_waiting_time": 10.964799977635842,
      "p99_waiting_time": 33.22739747964203,
      "avg_jct": 15.826190140185252,
      "p99_jct": 37.1702144476062,
      "avg_affect_weight": 1.7143353566673862
    }
  },
  "fairness_analysis": {
    "waiting_time_fairness": {
      "jain_index": 0.8814829350266714,
      "per_quadrant_values": {
        "depression": 13.190989270148176,
        "panic": 17.955936029898208,
        "excited": 34.97976243887359,
        "calm": 30.12203669606843
      },
      "coefficient_of_variation": 0.36667684795235955,
      "max_min_ratio": 2.6517921986362634,
      "depression_vs_others": 0.47645132306950316,
      "mean": 24.0621811087471,
      "std": 8.8230447238142
    },
    "turnaround_time_fairness": {
      "jain_index": 0.9009443026095196,
      "per_quadrant_values": {
        "depression": 15.826190140185252,
        "panic": 20.52642431591658,
        "excited": 37.69748362694198,
        "calm": 32.68851794063248
      },