{
  "experiment_name": "AW-SSJF_80jobs_load0.90_fixed",
  "metadata": {
    "scheduler": "AW-SSJF",
    "num_jobs": 80,
    "mode": "fixed_jobs",
    "simulation_duration": null,
    "system_load": 0.9,
    "base_service_time": null,
    "w_max": 2.0,
    "p": 1.0,
    "q": 1.0,
    "use_confidence": true,
    "enable_emotion": null,
    "arousal_noise": null,
    "random_seed": 42,
    "starvation_threshold": null,
    "starvation_coefficient": null,
    "output_dir": "results/llm_runs_job80_load0.9",
    "verbose": true,
    "model_name": null,
    "dataset_path": null,
    "use_cache": null,
    "force_regenerate": null,
    "device_map": null,
    "dtype": null,
    "load_in_8bit": null,
    "force_new_job_config": null,
    "use_saved_job_config": true,
    "experiment_mode": "fixed_jobs",
    "arrival_rate": 0.45,
    "run_metrics": {
      "total_jobs": 80,
      "total_time": 223.4708846349999,
      "throughput": 0.35798846964187675,
      "avg_waiting_time": 25.817154150758363,
      "avg_jct": 28.472038790140722,
      "p50_waiting_time": 10.580997671030197,
      "p95_waiting_time": 109.21740164585948,
      "p99_waiting_time": 152.29210538123345,
      "p50_jct": 13.871577293770429,
      "p95_jct": 113.14475728102566,
      "p99_jct": 157.57429321740366,
      "estimated_arrival_rate": 0.4775629988044028,
      "avg_actual_execution_time": 2.654884639382362,
      "effective_load": 1.2678746698631864,
      "throughput_p25": 0.34950428107676673,
      "throughput_p50": 0.3624511983704093,
      "throughput_p75": 0.35858858700257124,
      "aw_jct": 25.16088415992494
    }
  },
  "num_jobs": 80,
  "total_run_time": 223.4708846349999,
  "overall_metrics": {
    "avg_waiting_time": 25.817154150758363,
    "std_waiting_time": 35.176100348614526,
    "p50_waiting_time": 10.580997671030197,
    "p95_waiting_time": 109.21740164585948,
    "p99_waiting_time": 152.29210538123345,
    "avg_turnaround_time": 28.472038790140722,
    "std_turnaround_time": 35.5297358060203,
    "p99_turnaround_time": 157.57429321740366,
    "avg_service_time": 2.1638034076690675,
    "throughput": 0.35798846964187675,
    "aw_jct": 25.16088415992494,
    "total_affect_weight": 104.1098842737755,
    "avg_affect_weight": 1.3013735534221937
  },
  "run_metrics": {
    "total_jobs": 80,
    "total_time": 223.4708846349999,
    "throughput": 0.35798846964187675,
    "avg_waiting_time": 25.817154150758363,
    "avg_jct": 28.472038790140722,
    "p50_waiting_time": 10.580997671030197,
    "p95_waiting_time": 109.21740164585948,
    "p99_waiting_time": 152.29210538123345,
    "p50_jct": 13.871577293770429,
    "p95_jct": 113.14475728102566,
    "p99_jct": 157.57429321740366,
    "estimated_arrival_rate": 0.4775629988044028,
    "avg_actual_execution_time": 2.654884639382362,
    "effective_load": 1.2678746698631864,
    "throughput_p25": 0.34950428107676673,
    "throughput_p50": 0.3624511983704093,
    "throughput_p75": 0.35858858700257124,
    "aw_jct": 25.16088415992494
  },
  "llm_metrics": {
    "num_llm_jobs": 80,
    "avg_actual_execution_time": 2.654884639382362,
    "std_actual_execution_time": 1.257360425161196,
    "avg_output_token_length": 128.625,
    "std_output_token_length": 61.22057966893159,
    "cache_hit_count": 80,
    "cache_hit_rate": 1.0,
    "fallback_used_count": 0,
    "error_count": 0,
    "prediction_accuracy": {
      "avg_absolute_error": 1.0187361072301866,
      "std_absolute_error": 0.9075116074667493,
      "avg_relative_error": 0.43722776459638624,
      "median_relative_error": 0.3266253475374171,
      "max_absolute_error": 3.913526678085327
    }
  },
  "per_emotion_class_metrics": {
    "depression": {
      "count": 20,
      "avg_waiting_time": 9.790351405081648,
      "std_waiting_time": 7.07389749505544,
      "avg_turnaround_time": 12.463806774554152,
      "std_turnaround_time": 7.5596850381391505,
      "avg_predicted_service_time": 2.2728546142578123,
      "avg_measured_execution_time": 2.673455369472504,
      "avg_affect_weight": 1.7143353566673862,
      "p50_waiting_time": 8.342690481173648,
      "p95_waiting_time": 23.33900193737962,
      "p99_waiting_time": 29.55572153054535
    },
    "panic": {
      "count": 20,
      "avg_waiting_time": 13.689796701418441,
      "std_waiting_time": 11.67983812940261,
      "avg_turnaround_time": 16.29060443972258,
      "std_turnaround_time": 12.129319876807372,
      "avg_predicted_service_time": 2.392194450378418,
      "avg_measured_execution_time": 2.6008077383041384,
      "avg_affect_weight": 1.4071937119871893,
      "p50_waiting_time": 9.340880153947062,
      "p95_waiting_time": 42.377745663758475,
      "p99_waiting_time": 44.00325520380943
    },
    "excited": {
      "count": 20,
      "avg_waiting_time": 38.8075424352687,
      "std_waiting_time": 43.872731799196565,
      "avg_turnaround_time": 41.55686656628067,
      "std_turnaround_time": 44.60673810090278,
      "avg_predicted_service_time": 2.0685425910949706,
      "avg_measured_execution_time": 2.7493241310119627,
      "avg_affect_weight": 1.0236754560750314,
      "p50_waiting_time": 23.957510546273873,
      "p95_waiting_time": 121.94410064346036,
      "p99_waiting_time": 142.6420821190449
    },
    "calm": {
      "count": 20,
      "avg_waiting_time": 40.980926061264654,
      "std_waiting_time": 45.116909597514216,
      "avg_turnaround_time": 43.5768773800055,
      "std_turnaround_time": 45.29236670096391,
      "avg_predicted_service_time": 1.9216219749450687,
      "avg_measured_execution_time": 2.5959513187408447,
      "avg_affect_weight": 1.060289688959168,
      "p50_waiting_time": 23.208929632889003,
      "p95_waiting_time": 114.0560398692254,
      "p99_waiting_time": 158.11410003388372
    },
    "overall": {
      "count": 80,
      "avg_waiting_time": 25.81715415075836,
      "avg_turnaround_time": 28.472038790140722
    }
  },
  "per_quadrant_metrics": {
    "excited": {
      "count": 20,
      "avg_waiting_time": 38.8075424352687,
      "p50_waiting_time": 23.957510546273873,
      "p99_waiting_time": 142.6420821190449,
      "avg_jct": 41.55686656628067,
      "p99_jct": 147.2710283494564,
      "avg_affect_weight": 1.0236754560750314
    },
    "calm": {
      "count": 20,
      "avg_waiting_time": 40.980926061264654,
      "p50_waiting_time": 23.208929632889003,
      "p99_waiting_time": 158.11410003388372,
      "avg_jct": 43.5768773800055,
      "p99_jct": 162.83942437851871,
      "avg_affect_weight": 1.060289688959168
    },
    "panic": {
      "count": 20,
      "avg_waiting_time": 13.689796701418441,
      "p50_waiting_time": 9.340880153947062,
      "p99_waiting_time": 44.00325520380943,
      "avg_jct": 16.29060443972258,
      "p99_jct": 47.320599245168914,
      "avg_affect_weight": 1.4071937119871893
    },
    "depression": {
      "count": 20,
      "avg_waiting_time": 9.790351405081648,
      "p50_waiting_time": 8.342690481173648,
      "p99_waiting_time": 29.55572153054535,
      "avg_jct": 12.463806774554152,
      "p99_jct": 33.551685967076416,
      "avg_affect_weight": 1.7143353566673862
    }
  },
  "fairness_analysis": {
    "waiting_time_fairness": {
      "jain_index": 0.768611868663202,
      "per_quadrant_values": {
        "depression": 9.790351405081648,
        "panic": 13.689796701418441,
        "excited": 38.8075424352687,
        "calm": 40.980926061264654
      },
      "coefficient_of_variation": 0.5486773042245339,
      "max_min_ratio": 4.185848328180912,
      "depression_vs_others": 0.3142019607771721,
      "mean": 25.817154150758363,
      "std": 14.165286542187333
    },
    "turnaround_time_fairness": {
      "jain_index": 0.8013121559468636,
      "per_quadrant_values": {
        "depression": 12.463806774554152,
        "panic": 16.29060443972258,
        "excited": 41.55686656628067,
        "calm": 43.5768773800055
      },
      "coefficient_of_variation": 0.49794890664172203,
      "max_min_ratio": 3.4962735036113637,