{
  "experiment": "exp6_multi_seed",
  "purpose": "Statistical validation with multiple random seeds",
  "schedulers": {
    "AW-SSJF": {
      "avg_waiting_time": {
        "mean": 22.19908552111047,
        "ci_lower": 16.17682127514449,
        "ci_upper": 28.221349767076447,
        "std": 7.986532958259882,
        "n": 10
      },
      "p99_waiting_time": {
        "mean": 123.2034213152098,
        "ci_lower": 96.60479311930027,
        "ci_upper": 149.80204951111932,
        "std": 35.274244379666534,
        "n": 10
      },
      "aw_jct": {
        "mean": 21.936516482413026,
        "ci_lower": 17.031767783155413,
        "ci_upper": 26.84126518167064,
        "std": 6.504519818246535,
        "n": 10
      },
      "depression_wait": {
        "mean": 7.156405242057348,
        "ci_lower": 6.2678888544964835,
        "ci_upper": 8.044921629618212,
        "std": 1.1783218277016372,
        "n": 10
      }
    },
    "FCFS": {
      "avg_waiting_time": {
        "mean": 23.95168679119008,
        "ci_lower": 17.763656819252983,
        "ci_upper": 30.13971676312718,
        "std": 8.206366127271858,
        "n": 10
      },
      "p99_waiting_time": {
        "mean": 48.54604418148127,
        "ci_lower": 37.846839092757364,
        "ci_upper": 59.24524927020518,
        "std": 14.188941331412664,
        "n": 10
      },
      "aw_jct": {
        "mean": 26.667457809834417,
        "ci_lower": 20.520235098901445,
        "ci_upper": 32.81468052076739,
        "std": 8.152248851504016,
        "n": 10
      },
      "depression_wait": {
        "mean": 24.775490111680533,
        "ci_lower": 18.996653424856564,
        "ci_upper": 30.5543267985045,
        "std": 7.6637071663928635,
        "n": 10
      }
    },
    "SJF": {
      "avg_waiting_time": {
        "mean": 19.232529734083585,
        "ci_lower": 14.380934815141941,
        "ci_upper": 24.084124653025228,
        "std": 6.434028986059296,
        "n": 10
      },
      "p99_waiting_time": {
        "mean": 129.92969991207946,
        "ci_lower": 110.30598528145076,
        "ci_upper": 149.55341454270814,
        "std": 26.024338564350693,
        "n": 10
      },
      "aw_jct": {
        "mean": 21.781828630950194,
        "ci_lower": 17.0117636066758,
        "ci_upper": 26.55189365522459,
        "std": 6.325906664578697,
        "n": 10
      },
      "depression_wait": {
        "mean": 17.970159222455525,
        "ci_lower": 11.729671147448496,
        "ci_upper": 24.210647297462554,
        "std": 8.275934374692493,
        "n": 10
      }
    },
    "Weight-Only": {
      "avg_waiting_time": {
        "mean": 25.935594995924408,
        "ci_lower": 18.96448222372,
        "ci_upper": 32.90670776812881,
        "std": 9.24486532590311,
        "n": 10
      },
      "p99_waiting_time": {
        "mean": 155.8900213636567,
        "ci_lower": 136.64084067724292,
        "ci_upper": 175.13920205007048,
        "std": 25.52764370552527,
        "n": 10
      },
      "aw_jct": {
        "mean": 23.610088006512626,
        "ci_lower": 18.139764249141255,
        "ci_upper": 29.080411763883998,
        "std": 7.254567251821205,
        "n": 10
      },
      "depression_wait": {
        "mean": 2.0773603540377854,
        "ci_lower": 1.7570592929004838,
        "ci_upper": 2.397661415175087,
        "std": 0.4247729552970407,
        "n": 10
      }
    }
  }
}