{
  "experiment_name": "FCFS_50jobs_load1.20_fixed",
  "metadata": {
    "scheduler": "FCFS",
    "num_jobs": 50,
    "mode": "fixed_jobs",
    "simulation_duration": null,
    "system_load": 1.2,
    "base_service_time": null,
    "alpha": null,
    "rho": null,
    "enable_emotion": null,
    "arousal_noise": null,
    "random_seed": 42,
    "starvation_threshold": null,
    "starvation_coefficient": null,
    "beta": null,
    "output_dir": "results/llm_runs_job50_load1.2",
    "verbose": true,
    "model_name": null,
    "dataset_path": null,
    "use_cache": null,
    "force_regenerate": null,
    "device_map": null,
    "dtype": null,
    "load_in_8bit": null,
    "experiment_mode": "fixed_jobs",
    "arrival_rate": 0.6,
    "run_metrics": {
      "total_jobs": 50,
      "total_time": 79.5279955818865,
      "throughput": 0.6287094203011465,
      "avg_waiting_time": 4.582290058865003,
      "avg_jct": 6.103658600582532,
      "p50_waiting_time": 4.899213627607017,
      "p95_waiting_time": 8.620376884656364,
      "p99_waiting_time": 10.42012828861187,
      "p50_jct": 6.050238716720001,
      "p95_jct": 10.165266834528255,
      "p99_jct": 12.36890388046215,
      "throughput_p25": 0.4749087797727967,
      "throughput_p50": 0.6008786794646896,
      "throughput_p75": 0.5995242113991784
    }
  },
  "num_jobs": 50,
  "total_run_time": 79.5279955818865,
  "overall_metrics": {
    "avg_waiting_time": 4.582290058865003,
    "std_waiting_time": 2.8766785129567745,
    "p50_waiting_time": 4.899213627607017,
    "p95_waiting_time": 8.620376884656364,
    "p99_waiting_time": 10.42012828861187,
    "avg_turnaround_time": 6.103658600582532,
    "std_turnaround_time": 2.8335247194617588,
    "p99_turnaround_time": 12.36890388046215,
    "avg_service_time": 1.8719999999999999,
    "throughput": 0.6287094203011465
  },
  "run_metrics": {
    "total_jobs": 50,
    "total_time": 79.5279955818865,
    "throughput": 0.6287094203011465,
    "avg_waiting_time": 4.582290058865003,
    "avg_jct": 6.103658600582532,
    "p50_waiting_time": 4.899213627607017,
    "p95_waiting_time": 8.620376884656364,
    "p99_waiting_time": 10.42012828861187,
    "p50_jct": 6.050238716720001,
    "p95_jct": 10.165266834528255,
    "p99_jct": 12.36890388046215,
    "throughput_p25": 0.4749087797727967,
    "throughput_p50": 0.6008786794646896,
    "throughput_p75": 0.5995242113991784
  },
  "llm_metrics": {
    "num_llm_jobs": 50,
    "avg_actual_execution_time": 1.5213685417175293,
    "std_actual_execution_time": 0.7522512168089148,
    "avg_output_token_length": 73.3,
    "std_output_token_length": 34.579329085452194,
    "cache_hit_count": 2,
    "cache_hit_rate": 0.04,
    "fallback_used_count": 0,
    "error_count": 0,
    "prediction_accuracy": {
      "avg_absolute_error": 0.4876358737945557,
      "std_absolute_error": 0.5040273981617023,
      "avg_relative_error": 0.2951229388842354,
      "median_relative_error": 0.19810293688672517,
      "max_absolute_error": 1.8338356304168704
    }
  },
  "per_emotion_class_metrics": {
    "high": {
      "count": 15,
      "avg_waiting_time": 4.688830691530961,
      "std_waiting_time": 3.028763556853912,
      "avg_turnaround_time": 6.979550915911454,
      "std_turnaround_time": 2.8646798409811898,
      "avg_execution_time": 3.2800000000000007,
      "p50_waiting_time": 5.814680913321993,
      "p95_waiting_time": 8.974463246467367,
      "p99_waiting_time": 9.368811380912224
    },
    "medium": {
      "count": 15,
      "avg_waiting_time": 3.368785134372604,
      "std_waiting_time": 3.243481166030764,
      "avg_turnaround_time": 5.079950244642786,
      "std_turnaround_time": 3.3730983136330237,
      "avg_execution_time": 2.0,
      "p50_waiting_time": 2.5585374789619024,
      "p95_waiting_time": 9.209199319082371,
      "p99_waiting_time": 10.910236829299437
    },
    "low": {
      "count": 20,
      "avg_waiting_time": 5.412513277734833,
      "std_waiting_time": 2.0287396764230987,
      "avg_turnaround_time": 6.21452063104065,
      "std_turnaround_time": 2.0025867575666942,
      "avg_execution_time": 0.7199999999999995,
      "p50_waiting_time": 5.311373885775794,
      "p95_waiting_time": 8.283402106052355,
      "p99_waiting_time": 8.413327461461316
    },
    "overall": {
      "count": 50,
      "avg_waiting_time": 5.412513277734834,
      "avg_turnaround_time": 6.214520631040651
    }
  },
  "fairness_analysis": {
    "waiting_time_fairness": {
      "jain_index": 0.9657078647837811,
      "per_class_values": {
        "high": 4.688830691530961,
        "medium": 3.368785134372604,
        "low": 5.412513277734833
      },
      "coefficient_of_variation": 0.18844055713553212,
      "max_min_ratio": 1.6066662199703778,
      "mean": 4.490043034546132,
      "std": 0.8461062109923885
    },
    "turnaround_time_fairness": {
      "jain_index": 0.9838518948330579,
      "per_class_values": {
        "high": 6.979550915911454,
        "medium": 5.079950244642786,
        "low": 6.21452063104065
      },
      "coefficient_of_variation": 0.12811380246023416,
      "max_min_ratio": 1.3739408025249753,
      "mean": 6.091340597198297,
      "std": 0.7803848059874674
    },
    "per_class_metrics": {
      "high": {
        "count": 15,
        "avg_waiting_time": 4.688830691530961,
        "std_waiting_time": 3.028763556853912,
        "avg_turnaround_time": 6.979550915911454,
        "std_turnaround_time": 2.8646798409811898,
        "avg_execution_time": 3.2800000000000007,
        "p50_waiting_time": 5.814680913321993,
        "p95_waiting_time": 8.974463246467367,
        "p99_waiting_time": 9.368811380912224
      },
      "medium": {
        "count": 15,
        "avg_waiting_time": 3.368785134372604,
        "std_waiting_time": 3.243481166030764,
        "avg_turnaround_time": 5.079950244642786,
        "std_turnaround_time": 3.3730983136330237,
        "avg_execution_time": 2.0,
        "p50_waiting_time": 2.5585374789619024,
        "p95_waiting_time": 9.209199319082371,
        "p99_waiting_time": 10.910236829299437
      },
      "low": {
        "count": 20,
        "avg_waiting_time": 5.412513277734833,
        "std_waiting_time": 2.0287396764230987,
        "avg_turnaround_time": 6.21452063104065,
        "std_turnaround_time": 2.0025867575666942,
        "avg_execution_time": 0.7199999999999995,
        "p50_waiting_time": 5.311373885775794,
        "p95_waiting_time": 8.283402106052355,
        "p99_waiting_time": 8.413327461461316
      },
      "overall": {
        "count": 50,
        "avg_waiting_time": 5.412513277734834,
        "avg_turnaround_time": 6.214520631040651
      }
    }
  }
}