{
  "experiment_name": "FCFS_80jobs_load0.90_fixed",
  "metadata": {
    "scheduler": "FCFS",
    "num_jobs": 80,
    "mode": "fixed_jobs",
    "simulation_duration": null,
    "system_load": 0.9,
    "base_service_time": null,
    "w_max": null,
    "p": null,
    "q": null,
    "use_confidence": null,
    "weight_exponent": null,
    "gamma_panic": null,
    "gamma_dep": null,
    "weight_mode": null,
    "enable_emotion": null,
    "arousal_noise": null,
    "random_seed": 47,
    "starvation_threshold": null,
    "starvation_coefficient": null,
    "output_dir": "results/experiments/exp6_multiseed/seed47",
    "verbose": null,
    "model_name": null,
    "dataset_path": null,
    "use_cache": null,
    "force_regenerate": null,
    "device_map": null,
    "dtype": null,
    "load_in_8bit": null,
    "force_new_job_config": true,
    "use_saved_job_config": null,
    "experiment_mode": "fixed_jobs",
    "arrival_rate": 0.45,
    "run_metrics": {
      "total_jobs": 80,
      "total_time": 222.78917724865573,
      "throughput": 0.35908387017701376,
      "avg_waiting_time": 22.955551791732226,
      "avg_jct": 25.63106900209657,
      "p50_waiting_time": 18.56888684263066,
      "p95_waiting_time": 44.301030267225805,
      "p99_waiting_time": 48.20250782968122,
      "p50_jct": 22.416159715555466,
      "p95_jct": 47.21690039453301,
      "p99_jct": 52.122816249708144,
      "estimated_arrival_rate": 0.4713917787211276,
      "avg_actual_execution_time": 2.6755172103643416,
      "effective_load": 1.2612168167926363,
      "throughput_p25": 0.3987928002258705,
      "throughput_p50": 0.37408635042711724,
      "throughput_p75": 0.3753304136425036,
      "aw_jct": 25.693641496791717
    }
  },
  "num_jobs": 80,
  "total_run_time": 222.78917724865573,
  "overall_metrics": {
    "avg_waiting_time": 22.955551791732226,
    "std_waiting_time": 15.754553191934166,
    "p50_waiting_time": 18.56888684263066,
    "p95_waiting_time": 44.301030267225805,
    "p99_waiting_time": 48.20250782968122,
    "avg_turnaround_time": 25.63106900209657,
    "std_turnaround_time": 16.02101003587455,
    "p99_turnaround_time": 52.122816249708144,
    "avg_service_time": 2.0031839542388914,
    "throughput": 0.35908387017701376,
    "aw_jct": 25.693641496791717,
    "total_affect_weight": 82.35958,
    "avg_affect_weight": 1.02949475
  },
  "run_metrics": {
    "total_jobs": 80,
    "total_time": 222.78917724865573,
    "throughput": 0.35908387017701376,
    "avg_waiting_time": 22.955551791732226,
    "avg_jct": 25.63106900209657,
    "p50_waiting_time": 18.56888684263066,
    "p95_waiting_time": 44.301030267225805,
    "p99_waiting_time": 48.20250782968122,
    "p50_jct": 22.416159715555466,
    "p95_jct": 47.21690039453301,
    "p99_jct": 52.122816249708144,
    "estimated_arrival_rate": 0.4713917787211276,
    "avg_actual_execution_time": 2.6755172103643416,
    "effective_load": 1.2612168167926363,
    "throughput_p25": 0.3987928002258705,
    "throughput_p50": 0.37408635042711724,
    "throughput_p75": 0.3753304136425036,
    "aw_jct": 25.693641496791717
  },
  "llm_metrics": {
    "num_llm_jobs": 80,
    "avg_actual_execution_time": 2.6755172103643416,
    "std_actual_execution_time": 1.3297290774104304,
    "avg_output_token_length": 131.2375,
    "std_output_token_length": 65.28308428490493,
    "cache_hit_count": 0,
    "cache_hit_rate": 0.0,
    "fallback_used_count": 0,
    "error_count": 0,
    "prediction_accuracy": {
      "avg_absolute_error": 1.0111672962903975,
      "std_absolute_error": 0.9994284736770792,
      "avg_relative_error": 0.3425196693277358,
      "median_relative_error": 0.30762854377947235,
      "max_absolute_error": 4.173976430892944
    }
  },
  "per_emotion_class_metrics": {
    "excited": {
      "count": 20,
      "avg_waiting_time": 20.64435866433827,
      "std_waiting_time": 14.460669058836238,
      "avg_turnaround_time": 23.00013452131001,
      "std_turnaround_time": 14.347468400213973,
      "avg_predicted_service_time": 1.9780671539306645,
      "avg_measured_execution_time": 2.3557758569717406,
      "avg_affect_weight": 1.0,
      "p50_waiting_time": 17.964315746599922,
      "p95_waiting_time": 42.441155133173964,
      "p99_waiting_time": 42.71019844746158
    },
    "calm": {
      "count": 20,
      "avg_waiting_time": 23.50867677913678,
      "std_waiting_time": 16.00388655921151,
      "avg_turnaround_time": 26.494412791595586,
      "std_turnaround_time": 16.337636712618874,
      "avg_predicted_service_time": 1.9592701988220216,
      "avg_measured_execution_time": 2.9857360124588013,
      "avg_affect_weight": 1.0,
      "p50_waiting_time": 22.88947670516562,
      "p95_waiting_time": 43.444362332126374,
      "p99_waiting_time": 44.09615233280544
    },
    "panic": {
      "count": 20,
      "avg_waiting_time": 23.348468801140903,
      "std_waiting_time": 15.353392038922202,
      "avg_turnaround_time": 26.624608739972235,
      "std_turnaround_time": 15.863345117295028,
      "avg_predicted_service_time": 2.2679188766479492,
      "avg_measured_execution_time": 3.2761399388313293,
      "avg_affect_weight": 1.0,
      "p50_waiting_time": 19.13869550137146,
      "p95_waiting_time": 47.895078483509266,
      "p99_waiting_time": 49.35536787782608
    },
    "depression": {
      "count": 20,
      "avg_waiting_time": 24.320702922312968,
      "std_waiting_time": 16.858120330285495,
      "avg_turnaround_time": 26.40511995550846,
      "std_turnaround_time": 17.117933703839356,
      "avg_predicted_service_time": 1.8074795875549317,
      "avg_measured_execution_time": 2.0844170331954954,
      "avg_affect_weight": 1.1179790000000003,
      "p50_waiting_time": 22.39743569910651,
      "p95_waiting_time": 45.19390672413912,
      "p99_waiting_time": 46.65611945764872
    },
    "overall": {
      "count": 80,
      "avg_waiting_time": 22.955551791732226,
      "avg_turnaround_time": 25.63106900209657
    }
  },
  "per_quadrant_metrics": {
    "excited": {
      "count": 20,
      "avg_waiting_time": 20.64435866433827,
      "p50_waiting_time": 17.964315746599922,
      "p99_waiting_time": 42.71019844746158,
      "avg_jct": 23.00013452131001,
      "p99_jct": 44.48293698231376,
      "avg_affect_weight": 1.0
    },
    "calm": {
      "count": 20,
      "avg_waiting_time": 23.50867677913678,
      "p50_waiting_time": 22.88947670516562,
      "p99_waiting_time": 44.09615233280544,
      "avg_jct": 26.494412791595586,
      "p99_jct": 48.87043576825709,
      "avg_affect_weight": 1.0
    },
    "panic": {
      "count": 20,
      "avg_waiting_time": 23.348468801140903,
      "p50_waiting_time": 19.13869550137146,
      "p99_waiting_time": 49.35536787782608,
      "avg_jct": 26.624608739972235,
      "p99_jct": 53.825127418383936,
      "avg_affect_weight": 1.0
    },
    "depression": {
      "count": 20,
      "avg_waiting_time": 24.320702922312968,
      "p50_waiting_time": 22.39743569910651,
      "p99_waiting_time": 46.65611945764872,
      "avg_jct": 26.40511995550846,
      "p99_jct": 50.372843109534706,
      "avg_affect_weight": 1.1179790000000003
    }
  },
  "fairness_analysis": {
    "waiting_time_fairness": {
      "jain_index": 0.9963764592888892,
      "per_quadrant_values": {
        "excited": 20.64435866433827,
        "calm": 23.50867677913678,
        "panic": 23.348468801140903,
        "depression": 24.320702922312968
      },
      "coefficient_of_variation": 0.060305211289584534,
      "max_min_ratio": 1.1780798482408337,
      "depression_vs_others": 1.080896041998331,
      "mean": 22.955551791732226,
      "std": 1.3843394010694128
    },
    "turnaround_time_fairness": {
      "jain_index": 0.9964909960480705,
      "per_quadrant_values": {
        "excited": 23.00013452131001,
        "calm": 26.494412791595586,
        "panic": 26.624608739972235,
        "depression": 26.40511995550846
      },
      "coefficient_of_variation": 0.05934105172271564,