{
  "experiment_name": "FCFS_180jobs_load0.90_fixed",
  "metadata": {
    "scheduler": "FCFS",
    "num_jobs": 180,
    "mode": "fixed_jobs",
    "simulation_duration": null,
    "system_load": 0.9,
    "base_service_time": null,
    "alpha": null,
    "rho": null,
    "emotion_correlation": null,
    "enable_emotion": null,
    "arousal_noise": null,
    "random_seed": 42,
    "starvation_threshold": null,
    "starvation_coefficient": null,
    "beta": null,
    "output_dir": "results/multi_seed_runs/seed_42",
    "verbose": true,
    "model_name": null,
    "dataset_path": null,
    "use_cache": null,
    "force_regenerate": null,
    "device_map": null,
    "dtype": null,
    "load_in_8bit": null,
    "experiment_mode": "fixed_jobs",
    "arrival_rate": 0.8181818181818181,
    "run_metrics": {
      "total_jobs": 180,
      "total_time": 214.5807194517768,
      "throughput": 0.8388451695934024,
      "avg_waiting_time": 7.556600173012493,
      "avg_jct": 8.726807534392751,
      "p50_waiting_time": 7.3981609332587155,
      "p95_waiting_time": 12.495066319737429,
      "p99_waiting_time": 15.754875063677785,
      "p50_jct": 8.488703986615128,
      "p95_jct": 13.687325059343854,
      "p99_jct": 18.166684000627185,
      "estimated_arrival_rate": 0.8892260184171963,
      "avg_actual_execution_time": 1.1702073613802593,
      "effective_load": 1.040578832682661,
      "throughput_p25": 0.7956737039237729,
      "throughput_p50": 0.8179193174117331,
      "throughput_p75": 0.8385148711005325
    }
  },
  "num_jobs": 180,
  "total_run_time": 214.5807194517768,
  "overall_metrics": {
    "avg_waiting_time": 7.556600173012493,
    "std_waiting_time": 3.293110173502968,
    "p50_waiting_time": 7.3981609332587155,
    "p95_waiting_time": 12.495066319737429,
    "p99_waiting_time": 15.754875063677785,
    "avg_turnaround_time": 8.726807534392751,
    "std_turnaround_time": 3.318543135842338,
    "p99_turnaround_time": 18.166684000627185,
    "avg_service_time": 1.1,
    "throughput": 0.8388451695934024
  },
  "run_metrics": {
    "total_jobs": 180,
    "total_time": 214.5807194517768,
    "throughput": 0.8388451695934024,
    "avg_waiting_time": 7.556600173012493,
    "avg_jct": 8.726807534392751,
    "p50_waiting_time": 7.3981609332587155,
    "p95_waiting_time": 12.495066319737429,
    "p99_waiting_time": 15.754875063677785,
    "p50_jct": 8.488703986615128,
    "p95_jct": 13.687325059343854,
    "p99_jct": 18.166684000627185,
    "estimated_arrival_rate": 0.8892260184171963,
    "avg_actual_execution_time": 1.1702073613802593,
    "effective_load": 1.040578832682661,
    "throughput_p25": 0.7956737039237729,
    "throughput_p50": 0.8179193174117331,
    "throughput_p75": 0.8385148711005325
  },
  "llm_metrics": {
    "num_llm_jobs": 180,
    "avg_actual_execution_time": 1.1702073613802593,
    "std_actual_execution_time": 0.8283209280161574,
    "avg_output_token_length": 56.93888888888889,
    "std_output_token_length": 40.25338686770329,
    "cache_hit_count": 1,
    "cache_hit_rate": 0.005555555555555556,
    "fallback_used_count": 0,
    "error_count": 0,
    "prediction_accuracy": {
      "avg_absolute_error": 0.3021285816086664,
      "std_absolute_error": 0.669830466277811,
      "avg_relative_error": 0.23818542951155544,
      "median_relative_error": 0.20333466011890008,
      "max_absolute_error": 8.703362842559814
    }
  },
  "per_emotion_class_metrics": {
    "low": {
      "count": 60,
      "avg_waiting_time": 8.076656528154235,
      "std_waiting_time": 3.4436625040253874,
      "avg_turnaround_time": 8.754482177733601,
      "std_turnaround_time": 3.3781931853734664,
      "avg_predicted_service_time": 0.39599999999999996,
      "avg_measured_execution_time": 0.6778256495793661,
      "p50_waiting_time": 8.176055821573826,
      "p95_waiting_time": 12.991034508486532,
      "p99_waiting_time": 16.224077782856238
    },
    "high": {
      "count": 60,
      "avg_waiting_time": 7.112478367632033,
      "std_waiting_time": 3.274773291045617,
      "avg_turnaround_time": 8.816228946194453,
      "std_turnaround_time": 3.4903368492095224,
      "avg_predicted_service_time": 1.8040000000000005,
      "avg_measured_execution_time": 1.7037505785624185,
      "p50_waiting_time": 7.381878947981377,
      "p95_waiting_time": 11.845964314714713,
      "p99_waiting_time": 13.98115451500264
    },
    "medium": {
      "count": 60,
      "avg_waiting_time": 7.480665623251207,
      "std_waiting_time": 3.0785229329542014,
      "avg_turnaround_time": 8.6097114792502,
      "std_turnaround_time": 3.069376411224714,
      "avg_predicted_service_time": 1.0999999999999999,
      "avg_measured_execution_time": 1.1290458559989929,
      "p50_waiting_time": 7.167408923987612,
      "p95_waiting_time": 11.981665965443856,
      "p99_waiting_time": 15.869162753119936
    },
    "overall": {
      "count": 180,
      "avg_waiting_time": 7.480665623251208,
      "avg_turnaround_time": 8.609711479250201
    }
  },
  "fairness_analysis": {
    "waiting_time_fairness": {
      "jain_index": 0.9972437501131115,
      "per_class_values": {
        "low": 8.076656528154235,
        "high": 7.112478367632033,
        "medium": 7.480665623251207
      },
      "coefficient_of_variation": 0.05257250038938316,
      "max_min_ratio": 1.1355614893551103,
      "mean": 7.556600173012491,
      "std": 0.39726936553811204
    },
    "turnaround_time_fairness": {
      "jain_index": 0.9999016448458367,
      "per_class_values": {
        "low": 8.754482177733601,
        "high": 8.816228946194453,
        "medium": 8.6097114792502
      },
      "coefficient_of_variation": 0.009917904458689118,
      "max_min_ratio": 1.0239865723075587,
      "mean": 8.726807534392753,
      "std": 0.08655164335547567
    },
    "per_class_metrics": {
      "low": {
        "count": 60,
        "avg_waiting_time": 8.076656528154235,
        "std_waiting_time": 3.4436625040253874,
        "avg_turnaround_time": 8.754482177733601,
        "std_turnaround_time": 3.3781931853734664,
        "avg_predicted_service_time": 0.39599999999999996,
        "avg_measured_execution_time": 0.6778256495793661,
        "p50_waiting_time": 8.176055821573826,
        "p95_waiting_time": 12.991034508486532,
        "p99_waiting_time": 16.224077782856238
      },
      "high": {
        "count": 60,
        "avg_waiting_time": 7.112478367632033,
        "std_waiting_time": 3.274773291045617,
        "avg_turnaround_time": 8.816228946194453,
        "std_turnaround_time": 3.4903368492095224,
        "avg_predicted_service_time": 1.8040000000000005,
        "avg_measured_execution_time": 1.7037505785624185,
        "p50_waiting_time": 7.381878947981377,
        "p95_waiting_time": 11.845964314714713,
        "p99_waiting_time": 13.98115451500264
      },
      "medium": {
        "count": 60,
        "avg_waiting_time": 7.480665623251207,
        "std_waiting_time": 3.0785229329542014,
        "avg_turnaround_time": 8.6097114792502,
        "std_turnaround_time": 3.069376411224714,
        "avg_predicted_service_time": 1.0999999999999999,
        "avg_measured_execution_time": 1.1290458559989929,
        "p50_waiting_time": 7.167408923987612,
        "p95_waiting_time": 11.981665965443856,
        "p99_waiting_time": 15.869162753119936
      },
      "overall": {
        "count": 180,
        "avg_waiting_time": 7.480665623251208,
        "avg_turnaround_time": 8.609711479250201
      }
    },
    "arousal_valence_distribution": {
      "high_positive": 20,
      "high_neutral": 20,
      "high_negative": 20,
      "medium_positive": 20,
      "medium_neutral": 20,
      "medium_negative": 20,
      "low_positive": 20,
      "low_neutral": 20,
      "low_negative": 20,
      "total": 180
    }
  }
}