{
  "experiment_name": "SSJF-Valence_180jobs_load0.90_fixed",
  "metadata": {
    "scheduler": "SSJF-Valence",
    "num_jobs": 180,
    "mode": "fixed_jobs",
    "simulation_duration": null,
    "system_load": 0.9,
    "base_service_time": null,
    "alpha": null,
    "rho": null,
    "emotion_correlation": null,
    "enable_emotion": null,
    "arousal_noise": null,
    "random_seed": 42,
    "starvation_threshold": null,
    "starvation_coefficient": null,
    "beta": null,
    "output_dir": "results/multi_seed_runs/seed_42",
    "verbose": true,
    "model_name": null,
    "dataset_path": null,
    "use_cache": null,
    "force_regenerate": null,
    "device_map": null,
    "dtype": null,
    "load_in_8bit": null,
    "experiment_mode": "fixed_jobs",
    "arrival_rate": 0.8181818181818181,
    "run_metrics": {
      "total_jobs": 180,
      "total_time": 214.5807194517768,
      "throughput": 0.8388451695934024,
      "avg_waiting_time": 8.074996887011075,
      "avg_jct": 9.245204248391335,
      "p50_waiting_time": 2.3080603658081387,
      "p95_waiting_time": 32.579034835996026,
      "p99_waiting_time": 37.643304029248355,
      "p50_jct": 3.54976503262003,
      "p95_jct": 33.6232647845167,
      "p99_jct": 38.84123838040053,
      "estimated_arrival_rate": 0.8892260184171963,
      "avg_actual_execution_time": 1.1702073613802593,
      "effective_load": 1.040578832682661,
      "throughput_p25": 0.6797396975975873,
      "throughput_p50": 0.8027399242588532,
      "throughput_p75": 0.8385805402717852
    },
    "valence_beta": 0.8
  },
  "num_jobs": 180,
  "total_run_time": 214.5807194517768,
  "overall_metrics": {
    "avg_waiting_time": 8.074996887011075,
    "std_waiting_time": 10.567909779534734,
    "p50_waiting_time": 2.3080603658081387,
    "p95_waiting_time": 32.579034835996026,
    "p99_waiting_time": 37.643304029248355,
    "avg_turnaround_time": 9.245204248391335,
    "std_turnaround_time": 10.51834624531492,
    "p99_turnaround_time": 38.84123838040053,
    "avg_service_time": 1.1,
    "throughput": 0.8388451695934024
  },
  "run_metrics": {
    "total_jobs": 180,
    "total_time": 214.5807194517768,
    "throughput": 0.8388451695934024,
    "avg_waiting_time": 8.074996887011075,
    "avg_jct": 9.245204248391335,
    "p50_waiting_time": 2.3080603658081387,
    "p95_waiting_time": 32.579034835996026,
    "p99_waiting_time": 37.643304029248355,
    "p50_jct": 3.54976503262003,
    "p95_jct": 33.6232647845167,
    "p99_jct": 38.84123838040053,
    "estimated_arrival_rate": 0.8892260184171963,
    "avg_actual_execution_time": 1.1702073613802593,
    "effective_load": 1.040578832682661,
    "throughput_p25": 0.6797396975975873,
    "throughput_p50": 0.8027399242588532,
    "throughput_p75": 0.8385805402717852
  },
  "llm_metrics": {
    "num_llm_jobs": 180,
    "avg_actual_execution_time": 1.1702073613802593,
    "std_actual_execution_time": 0.8283209280161576,
    "avg_output_token_length": 56.93888888888889,
    "std_output_token_length": 40.25338686770329,
    "cache_hit_count": 180,
    "cache_hit_rate": 1.0,
    "fallback_used_count": 0,
    "error_count": 0,
    "prediction_accuracy": {
      "avg_absolute_error": 0.3021285816086664,
      "std_absolute_error": 0.669830466277811,
      "avg_relative_error": 0.23818542951155544,
      "median_relative_error": 0.20333466011890008,
      "max_absolute_error": 8.703362842559814
    }
  },
  "per_emotion_class_metrics": {
    "low": {
      "count": 60,
      "avg_waiting_time": 8.623333644707225,
      "std_waiting_time": 11.409369253155127,
      "avg_turnaround_time": 9.30115929428659,
      "std_turnaround_time": 11.388726851010638,
      "avg_predicted_service_time": 0.39599999999999996,
      "avg_measured_execution_time": 0.6778256495793661,
      "p50_waiting_time": 1.9617349903931824,
      "p95_waiting_time": 35.70337475828264,
      "p99_waiting_time": 37.90603901931657
    },
    "high": {
      "count": 60,
      "avg_waiting_time": 7.188940986141962,
      "std_waiting_time": 8.898451078549705,
      "avg_turnaround_time": 8.892691564704382,
      "std_turnaround_time": 8.819097583470482,
      "avg_predicted_service_time": 1.8040000000000005,
      "avg_measured_execution_time": 1.7037505785624185,
      "p50_waiting_time": 2.4729979499015755,
      "p95_waiting_time": 23.73681826626757,
      "p99_waiting_time": 30.77868502561828
    },
    "medium": {
      "count": 60,
      "avg_waiting_time": 8.41271603018404,
      "std_waiting_time": 11.157337966289383,
      "avg_turnaround_time": 9.541761886183032,
      "std_turnaround_time": 11.145039216774064,
      "avg_predicted_service_time": 1.0999999999999999,
      "avg_measured_execution_time": 1.1290458559989929,
      "p50_waiting_time": 2.437702595075578,
      "p95_waiting_time": 32.58899985816275,
      "p99_waiting_time": 37.82619882742078
    },
    "overall": {
      "count": 180,
      "avg_waiting_time": 8.41271603018404,
      "avg_turnaround_time": 9.541761886183032
    }
  },
  "fairness_analysis": {
    "waiting_time_fairness": {
      "jain_index": 0.9939038536171644,
      "per_class_values": {
        "low": 8.623333644707225,
        "high": 7.188940986141962,
        "medium": 8.41271603018404
      },
      "coefficient_of_variation": 0.07831690318321236,
      "max_min_ratio": 1.1995276719241854,
      "mean": 8.074996887011077,
      "std": 0.6324087494047876
    },
    "turnaround_time_fairness": {
      "jain_index": 0.9991609050767031,
      "per_class_values": {
        "low": 9.30115929428659,
        "high": 8.892691564704382,
        "medium": 9.541761886183032
      },
      "coefficient_of_variation": 0.028979295969245162,
      "max_min_ratio": 1.072989186317318,
      "mean": 9.245204248391333,
      "std": 0.26791951021025523
    },
    "per_class_metrics": {
      "low": {
        "count": 60,
        "avg_waiting_time": 8.623333644707225,
        "std_waiting_time": 11.409369253155127,
        "avg_turnaround_time": 9.30115929428659,
        "std_turnaround_time": 11.388726851010638,
        "avg_predicted_service_time": 0.39599999999999996,
        "avg_measured_execution_time": 0.6778256495793661,
        "p50_waiting_time": 1.9617349903931824,
        "p95_waiting_time": 35.70337475828264,
        "p99_waiting_time": 37.90603901931657
      },
      "high": {
        "count": 60,
        "avg_waiting_time": 7.188940986141962,
        "std_waiting_time": 8.898451078549705,
        "avg_turnaround_time": 8.892691564704382,
        "std_turnaround_time": 8.819097583470482,
        "avg_predicted_service_time": 1.8040000000000005,
        "avg_measured_execution_time": 1.7037505785624185,
        "p50_waiting_time": 2.4729979499015755,
        "p95_waiting_time": 23.73681826626757,
        "p99_waiting_time": 30.77868502561828
      },
      "medium": {
        "count": 60,
        "avg_waiting_time": 8.41271603018404,
        "std_waiting_time": 11.157337966289383,
        "avg_turnaround_time": 9.541761886183032,
        "std_turnaround_time": 11.145039216774064,
        "avg_predicted_service_time": 1.0999999999999999,
        "avg_measured_execution_time": 1.1290458559989929,
        "p50_waiting_time": 2.437702595075578,
        "p95_waiting_time": 32.58899985816275,
        "p99_waiting_time": 37.82619882742078
      },
      "overall": {
        "count": 180,
        "avg_waiting_time": 8.41271603018404,
        "avg_turnaround_time": 9.541761886183032
      }
    },
    "arousal_valence_distribution": {
      "high_positive": 20,
      "high_neutral": 20,
      "high_negative": 20,
      "medium_positive": 20,
      "medium_neutral": 20,
      "medium_negative": 20,
      "low_positive": 20,
      "low_neutral": 20,
      "low_negative": 20,
      "total": 180
    },
    "valence_fairness": {
      "weighted_jain_index": 0.7053331471557098,
      "per_valence_values": {
        "neutral": 2.5629941488192074,
        "positive": 20.623254364182046,