{
  "experiment_name": "SSJF-Combined_180jobs_load0.90_fixed",
  "metadata": {
    "scheduler": "SSJF-Combined",
    "num_jobs": 180,
    "mode": "fixed_jobs",
    "simulation_duration": null,
    "system_load": 0.9,
    "base_service_time": null,
    "alpha": null,
    "rho": null,
    "emotion_correlation": null,
    "enable_emotion": null,
    "arousal_noise": null,
    "random_seed": 42,
    "starvation_threshold": null,
    "starvation_coefficient": null,
    "beta": null,
    "output_dir": "results/multi_seed_runs/seed_42",
    "verbose": true,
    "model_name": null,
    "dataset_path": null,
    "use_cache": null,
    "force_regenerate": null,
    "device_map": null,
    "dtype": null,
    "load_in_8bit": null,
    "experiment_mode": "fixed_jobs",
    "arrival_rate": 0.8181818181818181,
    "run_metrics": {
      "total_jobs": 180,
      "total_time": 214.5807194517768,
      "throughput": 0.8388451695934024,
      "avg_waiting_time": 6.676491809913925,
      "avg_jct": 7.846699171294184,
      "p50_waiting_time": 4.148032301642424,
      "p95_waiting_time": 18.821887506171617,
      "p99_waiting_time": 20.85598317204375,
      "p50_jct": 5.168656200648362,
      "p95_jct": 20.450288757240948,
      "p99_jct": 21.84369905529876,
      "estimated_arrival_rate": 0.8892260184171963,
      "avg_actual_execution_time": 1.1702073613802593,
      "effective_load": 1.040578832682661,
      "throughput_p25": 0.697996413092528,
      "throughput_p50": 0.8225065227740909,
      "throughput_p75": 0.8415321735459659
    },
    "valence_beta": 0.8
  },
  "num_jobs": 180,
  "total_run_time": 214.5807194517768,
  "overall_metrics": {
    "avg_waiting_time": 6.676491809913925,
    "std_waiting_time": 6.47205544259762,
    "p50_waiting_time": 4.148032301642424,
    "p95_waiting_time": 18.821887506171617,
    "p99_waiting_time": 20.85598317204375,
    "avg_turnaround_time": 7.846699171294184,
    "std_turnaround_time": 6.641948069075487,
    "p99_turnaround_time": 21.84369905529876,
    "avg_service_time": 1.1,
    "throughput": 0.8388451695934024
  },
  "run_metrics": {
    "total_jobs": 180,
    "total_time": 214.5807194517768,
    "throughput": 0.8388451695934024,
    "avg_waiting_time": 6.676491809913925,
    "avg_jct": 7.846699171294184,
    "p50_waiting_time": 4.148032301642424,
    "p95_waiting_time": 18.821887506171617,
    "p99_waiting_time": 20.85598317204375,
    "p50_jct": 5.168656200648362,
    "p95_jct": 20.450288757240948,
    "p99_jct": 21.84369905529876,
    "estimated_arrival_rate": 0.8892260184171963,
    "avg_actual_execution_time": 1.1702073613802593,
    "effective_load": 1.040578832682661,
    "throughput_p25": 0.697996413092528,
    "throughput_p50": 0.8225065227740909,
    "throughput_p75": 0.8415321735459659
  },
  "llm_metrics": {
    "num_llm_jobs": 180,
    "avg_actual_execution_time": 1.1702073613802593,
    "std_actual_execution_time": 0.8283209280161576,
    "avg_output_token_length": 56.93888888888889,
    "std_output_token_length": 40.25338686770329,
    "cache_hit_count": 180,
    "cache_hit_rate": 1.0,
    "fallback_used_count": 0,
    "error_count": 0,
    "prediction_accuracy": {
      "avg_absolute_error": 0.30212858160866646,
      "std_absolute_error": 0.6698304662778107,
      "avg_relative_error": 0.23818542951155544,
      "median_relative_error": 0.20333466011890008,
      "max_absolute_error": 8.703362842559814
    }
  },
  "per_emotion_class_metrics": {
    "low": {
      "count": 60,
      "avg_waiting_time": 2.682509068488302,
      "std_waiting_time": 2.6729680667372477,
      "avg_turnaround_time": 3.3603347180676684,
      "std_turnaround_time": 2.637796747717419,
      "avg_predicted_service_time": 0.39599999999999996,
      "avg_measured_execution_time": 0.6778256495793661,
      "p50_waiting_time": 1.5410400560357402,
      "p95_waiting_time": 7.569611322277051,
      "p99_waiting_time": 11.363423201909589
    },
    "high": {
      "count": 60,
      "avg_waiting_time": 11.471379975622296,
      "std_waiting_time": 7.322152795626178,
      "avg_turnaround_time": 13.175130554184715,
      "std_turnaround_time": 7.14436154076787,
      "avg_predicted_service_time": 1.8040000000000005,
      "avg_measured_execution_time": 1.7037505785624185,
      "p50_waiting_time": 13.336229791818546,
      "p95_waiting_time": 19.551535269232385,
      "p99_waiting_time": 21.064867726082166
    },
    "medium": {
      "count": 60,
      "avg_waiting_time": 5.8755863856311725,
      "std_waiting_time": 5.03185104596486,
      "avg_turnaround_time": 7.004632241630166,
      "std_turnaround_time": 5.011768672438319,
      "avg_predicted_service_time": 1.0999999999999999,
      "avg_measured_execution_time": 1.1290458559989929,
      "p50_waiting_time": 4.349579078199362,
      "p95_waiting_time": 12.625209585420583,
      "p99_waiting_time": 19.055382573068137
    },
    "overall": {
      "count": 180,
      "avg_waiting_time": 5.8755863856311725,
      "avg_turnaround_time": 7.004632241630166
    }
  },
  "fairness_analysis": {
    "waiting_time_fairness": {
      "jain_index": 0.7715995152295934,
      "per_class_values": {
        "low": 2.682509068488302,
        "high": 11.471379975622296,
        "medium": 5.8755863856311725
      },
      "coefficient_of_variation": 0.5440671913395896,
      "max_min_ratio": 4.276362048642342,
      "mean": 6.676491809913924,
      "std": 3.6324601470216415
    },
    "turnaround_time_fairness": {
      "jain_index": 0.7895675898367794,
      "per_class_values": {
        "low": 3.3603347180676684,
        "high": 13.175130554184715,
        "medium": 7.004632241630166
      },
      "coefficient_of_variation": 0.5162518941616797,
      "max_min_ratio": 3.9207792257555107,
      "mean": 7.846699171294183,
      "std": 4.050873310097504
    },
    "per_class_metrics": {
      "low": {
        "count": 60,
        "avg_waiting_time": 2.682509068488302,
        "std_waiting_time": 2.6729680667372477,
        "avg_turnaround_time": 3.3603347180676684,
        "std_turnaround_time": 2.637796747717419,
        "avg_predicted_service_time": 0.39599999999999996,
        "avg_measured_execution_time": 0.6778256495793661,
        "p50_waiting_time": 1.5410400560357402,
        "p95_waiting_time": 7.569611322277051,
        "p99_waiting_time": 11.363423201909589
      },
      "high": {
        "count": 60,
        "avg_waiting_time": 11.471379975622296,
        "std_waiting_time": 7.322152795626178,
        "avg_turnaround_time": 13.175130554184715,
        "std_turnaround_time": 7.14436154076787,
        "avg_predicted_service_time": 1.8040000000000005,
        "avg_measured_execution_time": 1.7037505785624185,
        "p50_waiting_time": 13.336229791818546,
        "p95_waiting_time": 19.551535269232385,
        "p99_waiting_time": 21.064867726082166
      },
      "medium": {
        "count": 60,
        "avg_waiting_time": 5.8755863856311725,
        "std_waiting_time": 5.03185104596486,
        "avg_turnaround_time": 7.004632241630166,
        "std_turnaround_time": 5.011768672438319,
        "avg_predicted_service_time": 1.0999999999999999,
        "avg_measured_execution_time": 1.1290458559989929,
        "p50_waiting_time": 4.349579078199362,
        "p95_waiting_time": 12.625209585420583,
        "p99_waiting_time": 19.055382573068137
      },
      "overall": {
        "count": 180,
        "avg_waiting_time": 5.8755863856311725,
        "avg_turnaround_time": 7.004632241630166
      }
    },
    "arousal_valence_distribution": {
      "high_positive": 20,
      "high_neutral": 20,
      "high_negative": 20,
      "medium_positive": 20,
      "medium_neutral": 20,
      "medium_negative": 20,
      "low_positive": 20,
      "low_neutral": 20,
      "low_negative": 20,
      "total": 180
    },
    "valence_fairness": {
      "weighted_jain_index": 0.9349953690871562,
      "per_valence_values": {
        "neutral": 6.799635043232202,
        "positive": 10.623639116137714,