{
  "experiment_name": "AW-SSJF_80jobs_load0.90_fixed",
  "metadata": {
    "scheduler": "AW-SSJF",
    "num_jobs": 80,
    "mode": "fixed_jobs",
    "simulation_duration": null,
    "system_load": 0.9,
    "base_service_time": null,
    "w_max": 2.0,
    "p": 1.0,
    "q": 1.0,
    "use_confidence": true,
    "weight_exponent": 4.0,
    "gamma_panic": null,
    "gamma_dep": null,
    "weight_mode": null,
    "adaptive_k": null,
    "adaptive_k_min": null,
    "adaptive_k_max": null,
    "adaptive_k_high_threshold": null,
    "adaptive_k_low_threshold": null,
    "enable_emotion": null,
    "arousal_noise": null,
    "random_seed": 42,
    "starvation_threshold": 120.0,
    "starvation_coefficient": 4.0,
    "output_dir": "results/experiments/defense/A1/threshold_120_coef_4",
    "verbose": null,
    "model_name": null,
    "dataset_path": null,
    "use_cache": null,
    "force_regenerate": null,
    "device_map": null,
    "dtype": null,
    "load_in_8bit": null,
    "force_new_job_config": null,
    "use_saved_job_config": true,
    "experiment_mode": "fixed_jobs",
    "arrival_rate": 0.45,
    "run_metrics": {
      "total_jobs": 80,
      "total_time": 222.27043802931752,
      "throughput": 0.35992190733635926,
      "avg_waiting_time": 26.22736305252132,
      "avg_jct": 28.864288118038747,
      "p50_waiting_time": 12.02329681865685,
      "p95_waiting_time": 108.58881686755059,
      "p99_waiting_time": 122.10854729861911,
      "p50_jct": 14.673354479790326,
      "p95_jct": 112.49784242936013,
      "p99_jct": 127.3573059269875,
      "estimated_arrival_rate": 0.4775629988044028,
      "avg_actual_execution_time": 2.6369250655174254,
      "effective_load": 1.259297841910998,
      "throughput_p25": 0.35045654410887983,
      "throughput_p50": 0.3610480064738309,
      "throughput_p75": 0.3547993061075766,
      "aw_jct": 25.934572997131106
    }
  },
  "num_jobs": 80,
  "total_run_time": 222.27043802931752,
  "overall_metrics": {
    "avg_waiting_time": 26.22736305252132,
    "std_waiting_time": 31.4814476325894,
    "p50_waiting_time": 12.02329681865685,
    "p95_waiting_time": 108.58881686755059,
    "p99_waiting_time": 122.10854729861911,
    "avg_turnaround_time": 28.864288118038747,
    "std_turnaround_time": 31.795018378996613,
    "p99_turnaround_time": 127.3573059269875,
    "avg_service_time": 2.163803407669067,
    "throughput": 0.35992190733635926,
    "aw_jct": 25.934572997131106,
    "total_affect_weight": 104.1098842737755,
    "avg_affect_weight": 1.3013735534221937
  },
  "run_metrics": {
    "total_jobs": 80,
    "total_time": 222.27043802931752,
    "throughput": 0.35992190733635926,
    "avg_waiting_time": 26.22736305252132,
    "avg_jct": 28.864288118038747,
    "p50_waiting_time": 12.02329681865685,
    "p95_waiting_time": 108.58881686755059,
    "p99_waiting_time": 122.10854729861911,
    "p50_jct": 14.673354479790326,
    "p95_jct": 112.49784242936013,
    "p99_jct": 127.3573059269875,
    "estimated_arrival_rate": 0.4775629988044028,
    "avg_actual_execution_time": 2.6369250655174254,
    "effective_load": 1.259297841910998,
    "throughput_p25": 0.35045654410887983,
    "throughput_p50": 0.3610480064738309,
    "throughput_p75": 0.3547993061075766,
    "aw_jct": 25.934572997131106
  },
  "llm_metrics": {
    "num_llm_jobs": 80,
    "avg_actual_execution_time": 2.6369250655174254,
    "std_actual_execution_time": 1.2505031515181069,
    "avg_output_token_length": 128.625,
    "std_output_token_length": 61.22057966893159,
    "cache_hit_count": 0,
    "cache_hit_rate": 0.0,
    "fallback_used_count": 0,
    "error_count": 0,
    "prediction_accuracy": {
      "avg_absolute_error": 1.0100369617938996,
      "std_absolute_error": 0.8991515538299576,
      "avg_relative_error": 0.43843643355597095,
      "median_relative_error": 0.3237234133759024,
      "max_absolute_error": 3.884896659851074
    }
  },
  "per_emotion_class_metrics": {
    "depression": {
      "count": 20,
      "avg_waiting_time": 10.577921559748548,
      "std_waiting_time": 7.555494164849714,
      "avg_turnaround_time": 13.229579284129041,
      "std_turnaround_time": 7.747220851442321,
      "avg_predicted_service_time": 2.2728546142578123,
      "avg_measured_execution_time": 2.651657724380493,
      "avg_affect_weight": 1.7143353566673862,
      "p50_waiting_time": 9.111168634197014,
      "p95_waiting_time": 24.64812138435134,
      "p99_waiting_time": 32.484222941814934
    },
    "panic": {
      "count": 20,
      "avg_waiting_time": 18.482026163088364,
      "std_waiting_time": 19.882775984100352,
      "avg_turnaround_time": 21.065749267088457,
      "std_turnaround_time": 20.030851414793744,
      "avg_predicted_service_time": 2.392194450378418,
      "avg_measured_execution_time": 2.5837231040000916,
      "avg_affect_weight": 1.4071937119871896,
      "p50_waiting_time": 11.5937750014749,
      "p95_waiting_time": 56.186845845986696,
      "p99_waiting_time": 80.06306364883224
    },
    "excited": {
      "count": 20,
      "avg_waiting_time": 40.450080803970636,
      "std_waiting_time": 41.07933520956433,
      "avg_turnaround_time": 43.18332959804947,
      "std_turnaround_time": 41.74182490816005,
      "avg_predicted_service_time": 2.0685425910949706,
      "avg_measured_execution_time": 2.733248794078827,
      "avg_affect_weight": 1.0236754560750314,
      "p50_waiting_time": 32.97934348602466,
      "p95_waiting_time": 121.46523877507883,
      "p99_waiting_time": 123.0908343196484
    },
    "calm": {
      "count": 20,
      "avg_waiting_time": 35.399423683277746,
      "std_waiting_time": 35.11547332710945,
      "avg_turnaround_time": 37.97849432288804,
      "std_turnaround_time": 35.30854509485169,
      "avg_predicted_service_time": 1.9216219749450687,
      "avg_measured_execution_time": 2.5790706396102907,
      "avg_affect_weight": 1.060289688959168,
      "p50_waiting_time": 22.893457018219834,
      "p95_waiting_time": 120.6413747305039,
      "p99_waiting_time": 121.51979730093932
    },
    "overall": {
      "count": 80,
      "avg_waiting_time": 26.227363052521326,
      "avg_turnaround_time": 28.86428811803875
    }
  },
  "per_quadrant_metrics": {
    "excited": {
      "count": 20,
      "avg_waiting_time": 40.450080803970636,
      "p50_waiting_time": 32.97934348602466,
      "p99_waiting_time": 123.0908343196484,
      "avg_jct": 43.18332959804947,
      "p99_jct": 127.69561843877757,
      "avg_affect_weight": 1.0236754560750314
    },
    "calm": {
      "count": 20,
      "avg_waiting_time": 35.399423683277746,
      "p50_waiting_time": 22.893457018219834,
      "p99_waiting_time": 121.51979730093932,
      "avg_jct": 37.97849432288804,
      "p99_jct": 126.20675175631499,
      "avg_affect_weight": 1.060289688959168
    },
    "panic": {
      "count": 20,
      "avg_waiting_time": 18.482026163088364,
      "p50_waiting_time": 11.5937750014749,
      "p99_waiting_time": 80.06306364883224,
      "avg_jct": 21.065749267088457,
      "p99_jct": 82.65344616998473,
      "avg_affect_weight": 1.4071937119871896
    },
    "depression": {
      "count": 20,
      "avg_waiting_time": 10.577921559748548,
      "p50_waiting_time": 9.111168634197014,
      "p99_waiting_time": 32.484222941814934,
      "avg_jct": 13.229579284129041,
      "p99_jct": 34.63589483064322,
      "avg_affect_weight": 1.7143353566673862
    }
  },
  "fairness_analysis": {
    "waiting_time_fairness": {
      "jain_index": 0.823110384538383,
      "per_quadrant_values": {
        "depression": 10.577921559748548,
        "panic": 18.482026163088364,
        "excited": 40.450080803970636,
        "calm": 35.399423683277746
      },
      "coefficient_of_variation": 0.46357726453047393,
      "max_min_ratio": 3.8240102817450077,
      "depression_vs_others": 0.3364067609257262,
      "mean": 26.227363052521323,
      "std": 12.158409219735455
    },
    "turnaround_time_fairness": {
      "jain_index": 0.8488609136188529,