{
  "experiment_name": "AW-SSJF_80jobs_load0.90_fixed",
  "metadata": {
    "scheduler": "AW-SSJF",
    "num_jobs": 80,
    "mode": "fixed_jobs",
    "simulation_duration": null,
    "system_load": 0.9,
    "base_service_time": null,
    "w_max": 2.0,
    "p": 1.0,
    "q": 1.0,
    "use_confidence": true,
    "weight_exponent": 4.0,
    "gamma_panic": null,
    "gamma_dep": null,
    "weight_mode": null,
    "enable_emotion": null,
    "arousal_noise": null,
    "random_seed": 44,
    "starvation_threshold": null,
    "starvation_coefficient": null,
    "output_dir": "results/experiments/exp6_multiseed/seed44",
    "verbose": null,
    "model_name": null,
    "dataset_path": null,
    "use_cache": null,
    "force_regenerate": null,
    "device_map": null,
    "dtype": null,
    "load_in_8bit": null,
    "force_new_job_config": null,
    "use_saved_job_config": true,
    "experiment_mode": "fixed_jobs",
    "arrival_rate": 0.45,
    "run_metrics": {
      "total_jobs": 80,
      "total_time": 224.5056259664392,
      "throughput": 0.3563385089154024,
      "avg_waiting_time": 21.475332016228602,
      "avg_jct": 24.23162863004105,
      "p50_waiting_time": 8.602388373951642,
      "p95_waiting_time": 75.6702843362761,
      "p99_waiting_time": 127.3621888609688,
      "p50_jct": 11.604386282698098,
      "p95_jct": 80.69839585370546,
      "p99_jct": 129.67254203041003,
      "estimated_arrival_rate": 0.431083207157443,
      "avg_actual_execution_time": 2.7562966138124465,
      "effective_load": 1.1881931841594697,
      "throughput_p25": 0.3406987652286428,
      "throughput_p50": 0.3354179620071056,
      "throughput_p75": 0.3370044244646732,
      "aw_jct": 21.297711969806986
    }
  },
  "num_jobs": 80,
  "total_run_time": 224.5056259664392,
  "overall_metrics": {
    "avg_waiting_time": 21.475332016228602,
    "std_waiting_time": 30.116707802457576,
    "p50_waiting_time": 8.602388373951642,
    "p95_waiting_time": 75.6702843362761,
    "p99_waiting_time": 127.3621888609688,
    "avg_turnaround_time": 24.23162863004105,
    "std_turnaround_time": 30.127584548549002,
    "p99_turnaround_time": 129.67254203041003,
    "avg_service_time": 1.916212600708008,
    "throughput": 0.3563385089154024,
    "aw_jct": 21.297711969806986,
    "total_affect_weight": 105.23970747194495,
    "avg_affect_weight": 1.3154963433993119
  },
  "run_metrics": {
    "total_jobs": 80,
    "total_time": 224.5056259664392,
    "throughput": 0.3563385089154024,
    "avg_waiting_time": 21.475332016228602,
    "avg_jct": 24.23162863004105,
    "p50_waiting_time": 8.602388373951642,
    "p95_waiting_time": 75.6702843362761,
    "p99_waiting_time": 127.3621888609688,
    "p50_jct": 11.604386282698098,
    "p95_jct": 80.69839585370546,
    "p99_jct": 129.67254203041003,
    "estimated_arrival_rate": 0.431083207157443,
    "avg_actual_execution_time": 2.7562966138124465,
    "effective_load": 1.1881931841594697,
    "throughput_p25": 0.3406987652286428,
    "throughput_p50": 0.3354179620071056,
    "throughput_p75": 0.3370044244646732,
    "aw_jct": 21.297711969806986
  },
  "llm_metrics": {
    "num_llm_jobs": 80,
    "avg_actual_execution_time": 2.7562966138124465,
    "std_actual_execution_time": 1.3809655320067276,
    "avg_output_token_length": 131.2625,
    "std_output_token_length": 66.18208665303627,
    "cache_hit_count": 80,
    "cache_hit_rate": 1.0,
    "fallback_used_count": 0,
    "error_count": 0,
    "prediction_accuracy": {
      "avg_absolute_error": 1.13591342318058,
      "std_absolute_error": 1.0612457152217076,
      "avg_relative_error": 0.4045561582068181,
      "median_relative_error": 0.32530081326679205,
      "max_absolute_error": 4.147755432128906
    }
  },
  "per_emotion_class_metrics": {
    "excited": {
      "count": 20,
      "avg_waiting_time": 30.132727167109966,
      "std_waiting_time": 37.99260341894742,
      "avg_turnaround_time": 32.76262894580793,
      "std_turnaround_time": 38.062274646812625,
      "avg_predicted_service_time": 1.680347007751465,
      "avg_measured_execution_time": 2.6299017786979677,
      "avg_affect_weight": 1.01331548021853,
      "p50_waiting_time": 14.715188862904554,
      "p95_waiting_time": 73.02737158510011,
      "p99_waiting_time": 146.45435607912518
    },
    "depression": {
      "count": 20,
      "avg_waiting_time": 7.028789638115969,
      "std_waiting_time": 3.5164033187667663,
      "avg_turnaround_time": 10.098792754246798,
      "std_turnaround_time": 3.6553452044457493,
      "avg_predicted_service_time": 1.9198673515319826,
      "avg_measured_execution_time": 3.0700031161308288,
      "avg_affect_weight": 1.7632524643904852,
      "p50_waiting_time": 6.813743178115002,
      "p95_waiting_time": 12.964072760300581,
      "p99_waiting_time": 15.638544963218102
    },
    "panic": {
      "count": 20,
      "avg_waiting_time": 9.679844702996835,
      "std_waiting_time": 8.828809595395844,
      "avg_turnaround_time": 12.614723099984749,
      "std_turnaround_time": 9.634329135468017,
      "avg_predicted_service_time": 2.0038645591735844,
      "avg_measured_execution_time": 2.934878396987915,
      "avg_affect_weight": 1.4093879948143804,
      "p50_waiting_time": 7.4241649914012555,
      "p95_waiting_time": 16.11567010684267,
      "p99_waiting_time": 39.59231772931728
    },
    "calm": {
      "count": 20,
      "avg_waiting_time": 39.059966556691656,
      "std_waiting_time": 36.909450000693155,
      "avg_turnaround_time": 41.450369720124726,
      "std_turnaround_time": 37.03801088172726,
      "avg_predicted_service_time": 2.0607714843750005,
      "avg_measured_execution_time": 2.390403163433075,
      "avg_affect_weight": 1.0760294341738523,
      "p50_waiting_time": 23.70082772784142,
      "p95_waiting_time": 115.54922469236341,
      "p99_waiting_time": 117.03577648117289
    },
    "overall": {
      "count": 80,
      "avg_waiting_time": 21.475332016228606,
      "avg_turnaround_time": 24.23162863004105
    }
  },
  "per_quadrant_metrics": {
    "excited": {
      "count": 20,
      "avg_waiting_time": 30.132727167109966,
      "p50_waiting_time": 14.715188862904554,
      "p99_waiting_time": 146.45435607912518,
      "avg_jct": 32.76262894580793,
      "p99_jct": 149.47640234711147,
      "avg_affect_weight": 1.01331548021853
    },
    "calm": {
      "count": 20,
      "avg_waiting_time": 39.059966556691656,
      "p50_waiting_time": 23.70082772784142,
      "p99_waiting_time": 117.03577648117289,
      "avg_jct": 41.450369720124726,
      "p99_jct": 119.34302205993876,
      "avg_affect_weight": 1.0760294341738523
    },
    "panic": {
      "count": 20,
      "avg_waiting_time": 9.679844702996835,
      "p50_waiting_time": 7.4241649914012555,
      "p99_waiting_time": 39.59231772931728,
      "avg_jct": 12.614723099984749,
      "p99_jct": 44.801481006466474,
      "avg_affect_weight": 1.4093879948143804
    },
    "depression": {
      "count": 20,
      "avg_waiting_time": 7.028789638115969,
      "p50_waiting_time": 6.813743178115002,
      "p99_waiting_time": 15.638544963218102,
      "avg_jct": 10.098792754246798,
      "p99_jct": 19.01465212426318,
      "avg_affect_weight": 1.7632524643904852
    }
  },
  "fairness_analysis": {
    "waiting_time_fairness": {
      "jain_index": 0.7159206116423951,
      "per_quadrant_values": {
        "excited": 30.132727167109966,
        "depression": 7.028789638115969,
        "panic": 9.679844702996835,
        "calm": 39.059966556691656
      },
      "coefficient_of_variation": 0.6299229467484557,
      "max_min_ratio": 5.557139787606658,
      "depression_vs_others": 0.2673474105809102,
      "mean": 21.475332016228606,
      "std": 13.527804426064177
    },
    "turnaround_time_fairness": {
      "jain_index": 0.7693954781651402,
      "per_quadrant_values": {
        "excited": 32.76262894580793,
        "depression": 10.098792754246798,
        "panic": 12.614723099984749,
        "calm": 41.450369720124726
      },