{
  "experiment_name": "FCFS_80jobs_load0.90_fixed",
  "metadata": {
    "scheduler": "FCFS",
    "num_jobs": 80,
    "mode": "fixed_jobs",
    "simulation_duration": null,
    "system_load": 0.9,
    "base_service_time": null,
    "w_max": null,
    "p": null,
    "q": null,
    "use_confidence": null,
    "weight_exponent": null,
    "gamma_panic": null,
    "gamma_dep": null,
    "weight_mode": null,
    "enable_emotion": null,
    "arousal_noise": null,
    "random_seed": 44,
    "starvation_threshold": null,
    "starvation_coefficient": null,
    "output_dir": "results/experiments/exp6_multiseed/seed44",
    "verbose": null,
    "model_name": null,
    "dataset_path": null,
    "use_cache": null,
    "force_regenerate": null,
    "device_map": null,
    "dtype": null,
    "load_in_8bit": null,
    "force_new_job_config": true,
    "use_saved_job_config": null,
    "experiment_mode": "fixed_jobs",
    "arrival_rate": 0.45,
    "run_metrics": {
      "total_jobs": 80,
      "total_time": 224.5056259664392,
      "throughput": 0.3563385089154024,
      "avg_waiting_time": 22.531182075022627,
      "avg_jct": 25.287478688835073,
      "p50_waiting_time": 24.387870959198132,
      "p95_waiting_time": 39.47779227485243,
      "p99_waiting_time": 40.725239307545145,
      "p50_jct": 26.69719421612158,
      "p95_jct": 41.91439057346664,
      "p99_jct": 42.92796742297073,
      "estimated_arrival_rate": 0.431083207157443,
      "avg_actual_execution_time": 2.7562966138124465,
      "effective_load": 1.1881931841594697,
      "throughput_p25": 0.34681190442945403,
      "throughput_p50": 0.33223514893448686,
      "throughput_p75": 0.34547385633199995,
      "aw_jct": 25.254483390329224
    }
  },
  "num_jobs": 80,
  "total_run_time": 224.5056259664392,
  "overall_metrics": {
    "avg_waiting_time": 22.531182075022627,
    "std_waiting_time": 12.212688820786045,
    "p50_waiting_time": 24.387870959198132,
    "p95_waiting_time": 39.47779227485243,
    "p99_waiting_time": 40.725239307545145,
    "avg_turnaround_time": 25.287478688835073,
    "std_turnaround_time": 11.999356575300892,
    "p99_turnaround_time": 42.92796742297073,
    "avg_service_time": 1.9162126007080076,
    "throughput": 0.3563385089154024,
    "aw_jct": 25.254483390329224,
    "total_affect_weight": 83.331756,
    "avg_affect_weight": 1.04164695
  },
  "run_metrics": {
    "total_jobs": 80,
    "total_time": 224.5056259664392,
    "throughput": 0.3563385089154024,
    "avg_waiting_time": 22.531182075022627,
    "avg_jct": 25.287478688835073,
    "p50_waiting_time": 24.387870959198132,
    "p95_waiting_time": 39.47779227485243,
    "p99_waiting_time": 40.725239307545145,
    "p50_jct": 26.69719421612158,
    "p95_jct": 41.91439057346664,
    "p99_jct": 42.92796742297073,
    "estimated_arrival_rate": 0.431083207157443,
    "avg_actual_execution_time": 2.7562966138124465,
    "effective_load": 1.1881931841594697,
    "throughput_p25": 0.34681190442945403,
    "throughput_p50": 0.33223514893448686,
    "throughput_p75": 0.34547385633199995,
    "aw_jct": 25.254483390329224
  },
  "llm_metrics": {
    "num_llm_jobs": 80,
    "avg_actual_execution_time": 2.7562966138124465,
    "std_actual_execution_time": 1.3809655320067276,
    "avg_output_token_length": 131.2625,
    "std_output_token_length": 66.18208665303627,
    "cache_hit_count": 0,
    "cache_hit_rate": 0.0,
    "fallback_used_count": 0,
    "error_count": 0,
    "prediction_accuracy": {
      "avg_absolute_error": 1.13591342318058,
      "std_absolute_error": 1.0612457152217076,
      "avg_relative_error": 0.4045561582068181,
      "median_relative_error": 0.32530081326679205,
      "max_absolute_error": 4.147755432128906
    }
  },
  "per_emotion_class_metrics": {
    "excited": {
      "count": 20,
      "avg_waiting_time": 21.076744029025555,
      "std_waiting_time": 12.937294747409855,
      "avg_turnaround_time": 23.706645807723522,
      "std_turnaround_time": 12.403052210113108,
      "avg_predicted_service_time": 1.680347007751465,
      "avg_measured_execution_time": 2.6299017786979677,
      "avg_affect_weight": 1.0,
      "p50_waiting_time": 24.94613358867624,
      "p95_waiting_time": 39.62856699591312,
      "p99_waiting_time": 40.17287988674299
    },
    "depression": {
      "count": 20,
      "avg_waiting_time": 18.976177130772676,
      "std_waiting_time": 13.628899834037387,
      "avg_turnaround_time": 22.046180246903504,
      "std_turnaround_time": 13.6761698082979,
      "avg_predicted_service_time": 1.9198673515319828,
      "avg_measured_execution_time": 3.0700031161308288,
      "avg_affect_weight": 1.1665878000000003,
      "p50_waiting_time": 16.371239650111004,
      "p95_waiting_time": 39.202691779623976,
      "p99_waiting_time": 40.814094321988435
    },
    "panic": {
      "count": 20,
      "avg_waiting_time": 23.022176684655772,
      "std_waiting_time": 10.439189735756273,
      "avg_turnaround_time": 25.957055081643688,
      "std_turnaround_time": 10.232308925125492,
      "avg_predicted_service_time": 2.0038645591735835,
      "avg_measured_execution_time": 2.934878396987915,
      "avg_affect_weight": 1.0,
      "p50_waiting_time": 23.473791306024587,
      "p95_waiting_time": 38.10683481644332,
      "p99_waiting_time": 38.12746154122328
    },
    "calm": {
      "count": 20,
      "avg_waiting_time": 27.04963045563651,
      "std_waiting_time": 9.954445382263218,
      "avg_turnaround_time": 29.440033619069585,
      "std_turnaround_time": 9.983369622095568,
      "avg_predicted_service_time": 2.0607714843750005,
      "avg_measured_execution_time": 2.390403163433075,
      "avg_affect_weight": 1.0,
      "p50_waiting_time": 26.877385819405994,
      "p95_waiting_time": 39.22525300787157,
      "p99_waiting_time": 40.32067679545122
    },
    "overall": {
      "count": 80,
      "avg_waiting_time": 22.531182075022627,
      "avg_turnaround_time": 25.287478688835073
    }
  },
  "per_quadrant_metrics": {
    "excited": {
      "count": 20,
      "avg_waiting_time": 21.076744029025555,
      "p50_waiting_time": 24.94613358867624,
      "p99_waiting_time": 40.17287988674299,
      "avg_jct": 23.706645807723522,
      "p99_jct": 41.58975579884926,
      "avg_affect_weight": 1.0
    },
    "calm": {
      "count": 20,
      "avg_waiting_time": 27.04963045563651,
      "p50_waiting_time": 26.877385819405994,
      "p99_waiting_time": 40.32067679545122,
      "avg_jct": 29.440033619069585,
      "p99_jct": 42.13294898171029,
      "avg_affect_weight": 1.0
    },
    "panic": {
      "count": 20,
      "avg_waiting_time": 23.022176684655772,
      "p50_waiting_time": 23.473791306024587,
      "p99_waiting_time": 38.12746154122328,
      "avg_jct": 25.957055081643688,
      "p99_jct": 40.142518857049694,
      "avg_affect_weight": 1.0
    },
    "depression": {
      "count": 20,
      "avg_waiting_time": 18.976177130772676,
      "p50_waiting_time": 16.371239650111004,
      "p99_waiting_time": 40.814094321988435,
      "avg_jct": 22.046180246903504,
      "p99_jct": 43.03336472513714,
      "avg_affect_weight": 1.1665878000000003
    }
  },
  "fairness_analysis": {
    "waiting_time_fairness": {
      "jain_index": 0.9828603924422076,
      "per_quadrant_values": {
        "excited": 21.076744029025555,
        "depression": 18.976177130772676,
        "panic": 23.022176684655772,
        "calm": 27.04963045563651
      },
      "coefficient_of_variation": 0.13205489973859746,
      "max_min_ratio": 1.425452042802211,
      "depression_vs_others": 0.8001362003400561,
      "mean": 22.531182075022627,
      "std": 2.9753529899091977
    },
    "turnaround_time_fairness": {
      "jain_index": 0.9881410795437084,
      "per_quadrant_values": {
        "excited": 23.706645807723522,
        "depression": 22.046180246903504,
        "panic": 25.957055081643688,
        "calm": 29.440033619069585
      },
      "coefficient_of_variation": 0.10955018134769452,