{
  "experiment_name": "SJF_80jobs_load0.90_fixed",
  "metadata": {
    "scheduler": "SJF",
    "num_jobs": 80,
    "mode": "fixed_jobs",
    "simulation_duration": null,
    "system_load": 0.9,
    "base_service_time": null,
    "w_max": null,
    "p": null,
    "q": null,
    "use_confidence": null,
    "weight_exponent": null,
    "gamma_panic": null,
    "gamma_dep": null,
    "weight_mode": null,
    "enable_emotion": null,
    "arousal_noise": null,
    "random_seed": 44,
    "starvation_threshold": null,
    "starvation_coefficient": null,
    "output_dir": "results/experiments/exp6_multiseed/seed44",
    "verbose": null,
    "model_name": null,
    "dataset_path": null,
    "use_cache": null,
    "force_regenerate": null,
    "device_map": null,
    "dtype": null,
    "load_in_8bit": null,
    "force_new_job_config": null,
    "use_saved_job_config": true,
    "experiment_mode": "fixed_jobs",
    "arrival_rate": 0.45,
    "run_metrics": {
      "total_jobs": 80,
      "total_time": 224.5056259664392,
      "throughput": 0.3563385089154024,
      "avg_waiting_time": 16.91223416972058,
      "avg_jct": 19.668530783533026,
      "p50_waiting_time": 3.477040904411215,
      "p95_waiting_time": 78.9026044247355,
      "p99_waiting_time": 128.69493388441506,
      "p50_jct": 6.659688192937338,
      "p95_jct": 81.96169807889123,
      "p99_jct": 133.7253469589085,
      "estimated_arrival_rate": 0.431083207157443,
      "avg_actual_execution_time": 2.7562966138124465,
      "effective_load": 1.1881931841594697,
      "throughput_p25": 0.3406987652286428,
      "throughput_p50": 0.34008328922205333,
      "throughput_p75": 0.3560866603143094,
      "aw_jct": 19.488131758655133
    }
  },
  "num_jobs": 80,
  "total_run_time": 224.5056259664392,
  "overall_metrics": {
    "avg_waiting_time": 16.91223416972058,
    "std_waiting_time": 29.566405460066523,
    "p50_waiting_time": 3.477040904411215,
    "p95_waiting_time": 78.9026044247355,
    "p99_waiting_time": 128.69493388441506,
    "avg_turnaround_time": 19.668530783533026,
    "std_turnaround_time": 29.999701598283625,
    "p99_turnaround_time": 133.7253469589085,
    "avg_service_time": 1.916212600708008,
    "throughput": 0.3563385089154024,
    "aw_jct": 19.488131758655133,
    "total_affect_weight": 83.331756,
    "avg_affect_weight": 1.04164695
  },
  "run_metrics": {
    "total_jobs": 80,
    "total_time": 224.5056259664392,
    "throughput": 0.3563385089154024,
    "avg_waiting_time": 16.91223416972058,
    "avg_jct": 19.668530783533026,
    "p50_waiting_time": 3.477040904411215,
    "p95_waiting_time": 78.9026044247355,
    "p99_waiting_time": 128.69493388441506,
    "p50_jct": 6.659688192937338,
    "p95_jct": 81.96169807889123,
    "p99_jct": 133.7253469589085,
    "estimated_arrival_rate": 0.431083207157443,
    "avg_actual_execution_time": 2.7562966138124465,
    "effective_load": 1.1881931841594697,
    "throughput_p25": 0.3406987652286428,
    "throughput_p50": 0.34008328922205333,
    "throughput_p75": 0.3560866603143094,
    "aw_jct": 19.488131758655133
  },
  "llm_metrics": {
    "num_llm_jobs": 80,
    "avg_actual_execution_time": 2.7562966138124465,
    "std_actual_execution_time": 1.3809655320067276,
    "avg_output_token_length": 131.2625,
    "std_output_token_length": 66.18208665303627,
    "cache_hit_count": 80,
    "cache_hit_rate": 1.0,
    "fallback_used_count": 0,
    "error_count": 0,
    "prediction_accuracy": {
      "avg_absolute_error": 1.1359134231805803,
      "std_absolute_error": 1.0612457152217076,
      "avg_relative_error": 0.4045561582068181,
      "median_relative_error": 0.32530081326679205,
      "max_absolute_error": 4.147755432128906
    }
  },
  "per_emotion_class_metrics": {
    "excited": {
      "count": 20,
      "avg_waiting_time": 19.564327356318948,
      "std_waiting_time": 34.42966151190943,
      "avg_turnaround_time": 22.19422913501692,
      "std_turnaround_time": 34.69403628797518,
      "avg_predicted_service_time": 1.6803470077514646,
      "avg_measured_execution_time": 2.6299017786979677,
      "avg_affect_weight": 1.0,
      "p50_waiting_time": 2.763596657371398,
      "p95_waiting_time": 55.09304361316484,
      "p99_waiting_time": 131.99498567821956
    },
    "depression": {
      "count": 20,
      "avg_waiting_time": 9.158472870423402,
      "std_waiting_time": 19.24022494481035,
      "avg_turnaround_time": 12.228475986554233,
      "std_turnaround_time": 19.208694757013,
      "avg_predicted_service_time": 1.9198673515319826,
      "avg_measured_execution_time": 3.0700031161308288,
      "avg_affect_weight": 1.1665878000000003,
      "p50_waiting_time": 2.676069521124412,
      "p95_waiting_time": 53.31376894997486,
      "p99_waiting_time": 73.36958210917294
    },
    "panic": {
      "count": 20,
      "avg_waiting_time": 17.77429249457322,
      "std_waiting_time": 30.91746528940496,
      "avg_turnaround_time": 20.709170891561136,
      "std_turnaround_time": 31.818406945939167,
      "avg_predicted_service_time": 2.003864559173584,
      "avg_measured_execution_time": 2.934878396987915,
      "avg_affect_weight": 1.0,
      "p50_waiting_time": 6.088506716055676,
      "p95_waiting_time": 90.46202675988667,
      "p99_waiting_time": 116.2581116138241
    },
    "calm": {
      "count": 20,
      "avg_waiting_time": 21.151843957566744,
      "std_waiting_time": 29.988997505377814,
      "avg_turnaround_time": 23.54224712099982,
      "std_turnaround_time": 30.611192030123355,
      "avg_predicted_service_time": 2.0607714843750005,
      "avg_measured_execution_time": 2.390403163433075,
      "avg_affect_weight": 1.0,
      "p50_waiting_time": 6.102899550912916,
      "p95_waiting_time": 76.54706383780425,
      "p99_waiting_time": 108.8441745127625
    },
    "overall": {
      "count": 80,
      "avg_waiting_time": 16.91223416972058,
      "avg_turnaround_time": 19.668530783533026
    }
  },
  "per_quadrant_metrics": {
    "excited": {
      "count": 20,
      "avg_waiting_time": 19.564327356318948,
      "p50_waiting_time": 2.763596657371398,
      "p99_waiting_time": 131.99498567821956,
      "avg_jct": 22.19422913501692,
      "p99_jct": 135.01703194620586,
      "avg_affect_weight": 1.0
    },
    "calm": {
      "count": 20,
      "avg_waiting_time": 21.151843957566744,
      "p50_waiting_time": 6.102899550912916,
      "p99_waiting_time": 108.8441745127625,
      "avg_jct": 23.54224712099982,
      "p99_jct": 112.04156839026876,
      "avg_affect_weight": 1.0
    },
    "panic": {
      "count": 20,
      "avg_waiting_time": 17.77429249457322,
      "p50_waiting_time": 6.088506716055676,
      "p99_waiting_time": 116.2581116138241,
      "avg_jct": 20.709170891561136,
      "p99_jct": 121.82628842694969,
      "avg_affect_weight": 1.0
    },
    "depression": {
      "count": 20,
      "avg_waiting_time": 9.158472870423402,
      "p50_waiting_time": 2.676069521124412,
      "p99_waiting_time": 73.36958210917294,
      "avg_jct": 12.228475986554233,
      "p99_jct": 76.17254290076077,
      "avg_affect_weight": 1.1665878000000003
    }
  },
  "fairness_analysis": {
    "waiting_time_fairness": {
      "jain_index": 0.9301835880920626,
      "per_quadrant_values": {
        "excited": 19.564327356318948,
        "depression": 9.158472870423402,
        "panic": 17.77429249457322,
        "calm": 21.151843957566744
      },
      "coefficient_of_variation": 0.2739645852849894,
      "max_min_ratio": 2.309538310243297,
      "depression_vs_others": 0.4697418488806153,
      "mean": 16.912234169720577,
      "std": 4.633353220550125
    },
    "turnaround_time_fairness": {
      "jain_index": 0.9521161060843548,
      "per_quadrant_values": {
        "excited": 22.19422913501692,
        "depression": 12.228475986554233,
        "panic": 20.709170891561136,
        "calm": 23.54224712099982
      },
      "coefficient_of_variation": 0.2242589446700525,
      "max_min_ratio": 1.925198785759206,