{
  "experiment_name": "Weight-Only_80jobs_load0.90_fixed",
  "metadata": {
    "scheduler": "Weight-Only",
    "num_jobs": 80,
    "mode": "fixed_jobs",
    "simulation_duration": null,
    "system_load": 0.9,
    "base_service_time": null,
    "w_max": 2.0,
    "p": 1.0,
    "q": 1.0,
    "use_confidence": true,
    "weight_exponent": null,
    "gamma_panic": null,
    "gamma_dep": null,
    "weight_mode": null,
    "enable_emotion": null,
    "arousal_noise": null,
    "random_seed": 44,
    "starvation_threshold": null,
    "starvation_coefficient": null,
    "output_dir": "results/experiments/exp6_multiseed/seed44",
    "verbose": null,
    "model_name": null,
    "dataset_path": null,
    "use_cache": null,
    "force_regenerate": null,
    "device_map": null,
    "dtype": null,
    "load_in_8bit": null,
    "force_new_job_config": null,
    "use_saved_job_config": true,
    "experiment_mode": "fixed_jobs",
    "arrival_rate": 0.45,
    "run_metrics": {
      "total_jobs": 80,
      "total_time": 224.5056259664392,
      "throughput": 0.3563385089154024,
      "avg_waiting_time": 21.277930051564148,
      "avg_jct": 24.034226665376593,
      "p50_waiting_time": 4.215591361828601,
      "p95_waiting_time": 115.36386994279634,
      "p99_waiting_time": 156.69339561606176,
      "p50_jct": 7.671630719171446,
      "p95_jct": 116.83834475435029,
      "p99_jct": 161.54692555571327,
      "estimated_arrival_rate": 0.431083207157443,
      "avg_actual_execution_time": 2.7562966138124465,
      "effective_load": 1.1881931841594697,
      "throughput_p25": 0.34681190442945403,
      "throughput_p50": 0.3435379703560272,
      "throughput_p75": 0.34095289162743536,
      "aw_jct": 19.781073494959468
    }
  },
  "num_jobs": 80,
  "total_run_time": 224.5056259664392,
  "overall_metrics": {
    "avg_waiting_time": 21.277930051564148,
    "std_waiting_time": 37.20424348780044,
    "p50_waiting_time": 4.215591361828601,
    "p95_waiting_time": 115.36386994279634,
    "p99_waiting_time": 156.69339561606176,
    "avg_turnaround_time": 24.034226665376593,
    "std_turnaround_time": 37.2276670247335,
    "p99_turnaround_time": 161.54692555571327,
    "avg_service_time": 1.916212600708008,
    "throughput": 0.3563385089154024,
    "aw_jct": 19.781073494959468,
    "total_affect_weight": 105.23970747194495,
    "avg_affect_weight": 1.3154963433993117
  },
  "run_metrics": {
    "total_jobs": 80,
    "total_time": 224.5056259664392,
    "throughput": 0.3563385089154024,
    "avg_waiting_time": 21.277930051564148,
    "avg_jct": 24.034226665376593,
    "p50_waiting_time": 4.215591361828601,
    "p95_waiting_time": 115.36386994279634,
    "p99_waiting_time": 156.69339561606176,
    "p50_jct": 7.671630719171446,
    "p95_jct": 116.83834475435029,
    "p99_jct": 161.54692555571327,
    "estimated_arrival_rate": 0.431083207157443,
    "avg_actual_execution_time": 2.7562966138124465,
    "effective_load": 1.1881931841594697,
    "throughput_p25": 0.34681190442945403,
    "throughput_p50": 0.3435379703560272,
    "throughput_p75": 0.34095289162743536,
    "aw_jct": 19.781073494959468
  },
  "llm_metrics": {
    "num_llm_jobs": 80,
    "avg_actual_execution_time": 2.7562966138124465,
    "std_actual_execution_time": 1.3809655320067276,
    "avg_output_token_length": 131.2625,
    "std_output_token_length": 66.18208665303625,
    "cache_hit_count": 80,
    "cache_hit_rate": 1.0,
    "fallback_used_count": 0,
    "error_count": 0,
    "prediction_accuracy": {
      "avg_absolute_error": 1.13591342318058,
      "std_absolute_error": 1.0612457152217076,
      "avg_relative_error": 0.4045561582068181,
      "median_relative_error": 0.32530081326679205,
      "max_absolute_error": 4.147755432128906
    }
  },
  "per_emotion_class_metrics": {
    "excited": {
      "count": 20,
      "avg_waiting_time": 59.09397806833219,
      "std_waiting_time": 53.50176712624071,
      "avg_turnaround_time": 61.72387984703016,
      "std_turnaround_time": 53.791839266125,
      "avg_predicted_service_time": 1.680347007751465,
      "avg_measured_execution_time": 2.6299017786979677,
      "avg_affect_weight": 1.0133154802185298,
      "p50_waiting_time": 39.56056290959178,
      "p95_waiting_time": 154.61656948634766,
      "p99_waiting_time": 164.48149360249005
    },
    "depression": {
      "count": 20,
      "avg_waiting_time": 2.359581647946443,
      "std_waiting_time": 2.2936365624869635,
      "avg_turnaround_time": 5.429584764077272,
      "std_turnaround_time": 2.9242351558570236,
      "avg_predicted_service_time": 1.9198673515319828,
      "avg_measured_execution_time": 3.0700031161308288,
      "avg_affect_weight": 1.7632524643904852,
      "p50_waiting_time": 1.6367355766973528,
      "p95_waiting_time": 5.604405437793706,
      "p99_waiting_time": 9.193951163756754
    },
    "panic": {
      "count": 20,
      "avg_waiting_time": 3.6872731583496168,
      "std_waiting_time": 3.721475978907552,
      "avg_turnaround_time": 6.622151555337531,
      "std_turnaround_time": 4.194937431681118,
      "avg_predicted_service_time": 2.0038645591735835,
      "avg_measured_execution_time": 2.934878396987915,
      "avg_affect_weight": 1.4093879948143804,
      "p50_waiting_time": 2.4934309220567563,
      "p95_waiting_time": 12.03668544302115,
      "p99_waiting_time": 13.298138085813477
    },
    "calm": {
      "count": 20,
      "avg_waiting_time": 19.97088733162833,
      "std_waiting_time": 23.57915884190118,
      "avg_turnaround_time": 22.361290495061404,
      "std_turnaround_time": 23.479020703302783,
      "avg_predicted_service_time": 2.0607714843750005,
      "avg_measured_execution_time": 2.390403163433075,
      "avg_affect_weight": 1.0760294341738523,
      "p50_waiting_time": 10.99827070056979,
      "p95_waiting_time": 52.96240472761306,
      "p99_waiting_time": 84.2061610700231
    },
    "overall": {
      "count": 80,
      "avg_waiting_time": 21.277930051564148,
      "avg_turnaround_time": 24.03422666537659
    }
  },
  "per_quadrant_metrics": {
    "excited": {
      "count": 20,
      "avg_waiting_time": 59.09397806833219,
      "p50_waiting_time": 39.56056290959178,
      "p99_waiting_time": 164.48149360249005,
      "avg_jct": 61.72387984703016,
      "p99_jct": 167.69387268612346,
      "avg_affect_weight": 1.0133154802185298
    },
    "calm": {
      "count": 20,
      "avg_waiting_time": 19.97088733162833,
      "p50_waiting_time": 10.99827070056979,
      "p99_waiting_time": 84.2061610700231,
      "avg_jct": 22.361290495061404,
      "p99_jct": 85.79822296396307,
      "avg_affect_weight": 1.0760294341738523
    },
    "panic": {
      "count": 20,
      "avg_waiting_time": 3.6872731583496168,
      "p50_waiting_time": 2.4934309220567563,
      "p99_waiting_time": 13.298138085813477,
      "avg_jct": 6.622151555337531,
      "p99_jct": 16.93489737889285,
      "avg_affect_weight": 1.4093879948143804
    },
    "depression": {
      "count": 20,
      "avg_waiting_time": 2.359581647946443,
      "p50_waiting_time": 1.6367355766973528,
      "p99_waiting_time": 9.193951163756754,
      "avg_jct": 5.429584764077272,
      "p99_jct": 12.40488397787471,
      "avg_affect_weight": 1.7632524643904852
    }
  },
  "fairness_analysis": {
    "waiting_time_fairness": {
      "jain_index": 0.46316003829718494,
      "per_quadrant_values": {
        "excited": 59.09397806833219,
        "depression": 2.359581647946443,
        "panic": 3.6872731583496168,
        "calm": 19.97088733162833
      },
      "coefficient_of_variation": 1.0766062031024133,
      "max_min_ratio": 25.044260756885443,
      "depression_vs_others": 0.0855415348432523,
      "mean": 21.277930051564145,
      "std": 22.90795148269321
    },
    "turnaround_time_fairness": {
      "jain_index": 0.5271439342558989,
      "per_quadrant_values": {
        "excited": 61.72387984703016,
        "depression": 5.429584764077272,
        "panic": 6.622151555337531,