{
  "experiment_name": "SSJF-Emotion_50jobs_load1.50_fixed",
  "metadata": {
    "scheduler": "SSJF-Emotion",
    "num_jobs": 50,
    "mode": "fixed_jobs",
    "simulation_duration": null,
    "system_load": 1.5,
    "base_service_time": null,
    "alpha": null,
    "rho": null,
    "enable_emotion": null,
    "arousal_noise": null,
    "random_seed": 42,
    "starvation_threshold": null,
    "starvation_coefficient": null,
    "output_dir": "results/llm_runs_job50_load1.5",
    "verbose": true,
    "model_name": null,
    "dataset_path": null,
    "use_cache": null,
    "force_regenerate": null,
    "device_map": null,
    "dtype": null,
    "load_in_8bit": null,
    "experiment_mode": "fixed_jobs",
    "arrival_rate": 0.75,
    "run_metrics": {
      "total_jobs": 50,
      "total_time": 77.60291652318742,
      "throughput": 0.6443056812827417,
      "avg_waiting_time": 8.036431045161775,
      "avg_jct": 9.509787315951876,
      "p50_waiting_time": 3.0104514981372237,
      "p95_waiting_time": 31.990328391660235,
      "p99_waiting_time": 33.0625043064565,
      "p50_jct": 4.613777580366838,
      "p95_jct": 34.07935471164086,
      "p99_jct": 34.86925283323842,
      "throughput_p25": 0.5855303148826908,
      "throughput_p50": 0.6380156281510727,
      "throughput_p75": 0.6785976770925596
    }
  },
  "num_jobs": 50,
  "total_run_time": 77.60291652318742,
  "overall_metrics": {
    "avg_waiting_time": 8.036431045161775,
    "std_waiting_time": 10.343391225818836,
    "p50_waiting_time": 3.0104514981372237,
    "p95_waiting_time": 31.990328391660235,
    "p99_waiting_time": 33.0625043064565,
    "avg_turnaround_time": 9.509787315951876,
    "std_turnaround_time": 10.69435490422047,
    "p99_turnaround_time": 34.86925283323842,
    "avg_service_time": 1.9487999999999999,
    "throughput": 0.6443056812827417
  },
  "run_metrics": {
    "total_jobs": 50,
    "total_time": 77.60291652318742,
    "throughput": 0.6443056812827417,
    "avg_waiting_time": 8.036431045161775,
    "avg_jct": 9.509787315951876,
    "p50_waiting_time": 3.0104514981372237,
    "p95_waiting_time": 31.990328391660235,
    "p99_waiting_time": 33.0625043064565,
    "p50_jct": 4.613777580366838,
    "p95_jct": 34.07935471164086,
    "p99_jct": 34.86925283323842,
    "throughput_p25": 0.5855303148826908,
    "throughput_p50": 0.6380156281510727,
    "throughput_p75": 0.6785976770925596
  },
  "llm_metrics": {
    "num_llm_jobs": 50,
    "avg_actual_execution_time": 1.4733562707901,
    "std_actual_execution_time": 0.5713674059388197,
    "avg_output_token_length": 70.86,
    "std_output_token_length": 27.411683640374957,
    "cache_hit_count": 50,
    "cache_hit_rate": 1.0,
    "fallback_used_count": 0,
    "error_count": 0,
    "prediction_accuracy": {
      "avg_absolute_error": 0.6230052179336549,
      "std_absolute_error": 0.5146776295891677,
      "avg_relative_error": 0.38707239532967036,
      "median_relative_error": 0.3049113982692761,
      "max_absolute_error": 1.851887254714966
    }
  },
  "per_emotion_class_metrics": {
    "high": {
      "count": 16,
      "avg_waiting_time": 19.63175253439792,
      "std_waiting_time": 11.14369480338204,
      "avg_turnaround_time": 21.64225460458644,
      "std_turnaround_time": 11.21571321151057,
      "avg_execution_time": 3.2800000000000002,
      "p50_waiting_time": 19.517705723051467,
      "p95_waiting_time": 32.95844385146363,
      "p99_waiting_time": 33.19858336298566
    },
    "low": {
      "count": 18,
      "avg_waiting_time": 1.0374967571035967,
      "std_waiting_time": 0.617355799633732,
      "avg_turnaround_time": 1.8913439031378374,
      "std_turnaround_time": 0.5946267217745833,
      "avg_execution_time": 0.7199999999999996,
      "p50_waiting_time": 1.1541967053522848,
      "p95_waiting_time": 1.9457633578853877,
      "p99_waiting_time": 2.222178447121869
    },
    "medium": {
      "count": 16,
      "avg_waiting_time": 4.314910629991083,
      "std_waiting_time": 2.512036997388542,
      "avg_turnaround_time": 5.948068866733102,
      "std_turnaround_time": 2.456718654271426,
      "avg_execution_time": 2.0,
      "p50_waiting_time": 4.052484986372011,
      "p95_waiting_time": 8.83900044680534,
      "p99_waiting_time": 8.99832202246133
    },
    "overall": {
      "count": 50,
      "avg_waiting_time": 4.314910629991082,
      "avg_turnaround_time": 5.948068866733102
    }
  },
  "fairness_analysis": {
    "waiting_time_fairness": {
      "jain_index": 0.513624111580267,
      "per_class_values": {
        "high": 19.63175253439792,
        "low": 1.0374967571035967,
        "medium": 4.314910629991083
      },
      "coefficient_of_variation": 0.9731130954495492,
      "max_min_ratio": 18.922230262390727,
      "mean": 8.328053307164199,
      "std": 8.104137732803409
    },
    "turnaround_time_fairness": {
      "jain_index": 0.5710582305111755,
      "per_class_values": {
        "high": 21.64225460458644,
        "low": 1.8913439031378374,
        "medium": 5.948068866733102
      },
      "coefficient_of_variation": 0.8666803935634724,
      "max_min_ratio": 11.442791852227836,
      "mean": 9.82722245815246,
      "std": 8.517061027667369
    },
    "per_class_metrics": {
      "high": {
        "count": 16,
        "avg_waiting_time": 19.63175253439792,
        "std_waiting_time": 11.14369480338204,
        "avg_turnaround_time": 21.64225460458644,
        "std_turnaround_time": 11.21571321151057,
        "avg_execution_time": 3.2800000000000002,
        "p50_waiting_time": 19.517705723051467,
        "p95_waiting_time": 32.95844385146363,
        "p99_waiting_time": 33.19858336298566
      },
      "low": {
        "count": 18,
        "avg_waiting_time": 1.0374967571035967,
        "std_waiting_time": 0.617355799633732,
        "avg_turnaround_time": 1.8913439031378374,
        "std_turnaround_time": 0.5946267217745833,
        "avg_execution_time": 0.7199999999999996,
        "p50_waiting_time": 1.1541967053522848,
        "p95_waiting_time": 1.9457633578853877,
        "p99_waiting_time": 2.222178447121869
      },
      "medium": {
        "count": 16,
        "avg_waiting_time": 4.314910629991083,
        "std_waiting_time": 2.512036997388542,
        "avg_turnaround_time": 5.948068866733102,
        "std_turnaround_time": 2.456718654271426,
        "avg_execution_time": 2.0,
        "p50_waiting_time": 4.052484986372011,
        "p95_waiting_time": 8.83900044680534,
        "p99_waiting_time": 8.99832202246133
      },
      "overall": {
        "count": 50,
        "avg_waiting_time": 4.314910629991082,
        "avg_turnaround_time": 5.948068866733102
      }
    }
  }
}