{
  "experiment_name": "SJF_80jobs_load0.90_fixed",
  "metadata": {
    "scheduler": "SJF",
    "num_jobs": 80,
    "mode": "fixed_jobs",
    "simulation_duration": null,
    "system_load": 0.9,
    "base_service_time": null,
    "w_max": null,
    "p": null,
    "q": null,
    "use_confidence": null,
    "weight_exponent": null,
    "gamma_panic": null,
    "gamma_dep": null,
    "weight_mode": null,
    "enable_emotion": null,
    "arousal_noise": null,
    "random_seed": 46,
    "starvation_threshold": null,
    "starvation_coefficient": null,
    "output_dir": "results/experiments/exp6_multiseed/seed46",
    "verbose": null,
    "model_name": null,
    "dataset_path": null,
    "use_cache": null,
    "force_regenerate": null,
    "device_map": null,
    "dtype": null,
    "load_in_8bit": null,
    "force_new_job_config": null,
    "use_saved_job_config": true,
    "experiment_mode": "fixed_jobs",
    "arrival_rate": 0.45,
    "run_metrics": {
      "total_jobs": 80,
      "total_time": 231.94034497727102,
      "throughput": 0.3449162758115221,
      "avg_waiting_time": 29.62935800344551,
      "avg_jct": 32.47873389811123,
      "p50_waiting_time": 6.184284211725707,
      "p95_waiting_time": 130.64923655897962,
      "p99_waiting_time": 171.57319694778965,
      "p50_jct": 8.78036951112572,
      "p95_jct": 133.49074335009442,
      "p99_jct": 176.56275490543888,
      "estimated_arrival_rate": 0.5388494524035184,
      "avg_actual_execution_time": 2.849375894665718,
      "effective_load": 1.5353846405324076,
      "throughput_p25": 0.36114044720974076,
      "throughput_p50": 0.36679145040360855,
      "throughput_p75": 0.3768895048709532,
      "aw_jct": 32.04926076827971
    }
  },
  "num_jobs": 80,
  "total_run_time": 231.94034497727102,
  "overall_metrics": {
    "avg_waiting_time": 29.62935800344551,
    "std_waiting_time": 45.09328617334375,
    "p50_waiting_time": 6.184284211725707,
    "p95_waiting_time": 130.64923655897962,
    "p99_waiting_time": 171.57319694778965,
    "avg_turnaround_time": 32.47873389811123,
    "std_turnaround_time": 45.59117069094849,
    "p99_turnaround_time": 176.56275490543888,
    "avg_service_time": 1.8756706142425543,
    "throughput": 0.3449162758115221,
    "aw_jct": 32.04926076827971,
    "total_affect_weight": 83.03852,
    "avg_affect_weight": 1.0379815000000001
  },
  "run_metrics": {
    "total_jobs": 80,
    "total_time": 231.94034497727102,
    "throughput": 0.3449162758115221,
    "avg_waiting_time": 29.62935800344551,
    "avg_jct": 32.47873389811123,
    "p50_waiting_time": 6.184284211725707,
    "p95_waiting_time": 130.64923655897962,
    "p99_waiting_time": 171.57319694778965,
    "p50_jct": 8.78036951112572,
    "p95_jct": 133.49074335009442,
    "p99_jct": 176.56275490543888,
    "estimated_arrival_rate": 0.5388494524035184,
    "avg_actual_execution_time": 2.849375894665718,
    "effective_load": 1.5353846405324076,
    "throughput_p25": 0.36114044720974076,
    "throughput_p50": 0.36679145040360855,
    "throughput_p75": 0.3768895048709532,
    "aw_jct": 32.04926076827971
  },
  "llm_metrics": {
    "num_llm_jobs": 80,
    "avg_actual_execution_time": 2.849375894665718,
    "std_actual_execution_time": 1.452710166263084,
    "avg_output_token_length": 139.1875,
    "std_output_token_length": 71.33531624483065,
    "cache_hit_count": 80,
    "cache_hit_rate": 1.0,
    "fallback_used_count": 0,
    "error_count": 0,
    "prediction_accuracy": {
      "avg_absolute_error": 1.1649056466817855,
      "std_absolute_error": 1.1364066311794514,
      "avg_relative_error": 0.3445523801749578,
      "median_relative_error": 0.33744279758463214,
      "max_absolute_error": 4.032121963500977
    }
  },
  "per_emotion_class_metrics": {
    "excited": {
      "count": 20,
      "avg_waiting_time": 22.87487901789714,
      "std_waiting_time": 43.22537359151894,
      "avg_turnaround_time": 26.00932174069453,
      "std_turnaround_time": 43.96419629996411,
      "avg_predicted_service_time": 1.7065880203247072,
      "avg_measured_execution_time": 3.134442722797394,
      "avg_affect_weight": 1.0,
      "p50_waiting_time": 1.8643333628173302,
      "p95_waiting_time": 125.4224979730244,
      "p99_waiting_time": 138.19656390061635
    },
    "panic": {
      "count": 20,
      "avg_waiting_time": 54.0000304560996,
      "std_waiting_time": 58.088694719119374,
      "avg_turnaround_time": 57.50817709973821,
      "std_turnaround_time": 58.49082388041668,
      "avg_predicted_service_time": 2.289261421203613,
      "avg_measured_execution_time": 3.508146643638611,
      "avg_affect_weight": 1.0,
      "p50_waiting_time": 27.694379428111965,
      "p95_waiting_time": 166.71192778886143,
      "p99_waiting_time": 189.8029562937715
    },
    "calm": {
      "count": 20,
      "avg_waiting_time": 20.077559591963084,
      "std_waiting_time": 28.13020931718676,
      "avg_turnaround_time": 22.29929144544819,
      "std_turnaround_time": 28.236329020143362,
      "avg_predicted_service_time": 1.7480204086303712,
      "avg_measured_execution_time": 2.2217318534851076,
      "avg_affect_weight": 1.0,
      "p50_waiting_time": 4.853991420482021,
      "p95_waiting_time": 76.70632798913879,
      "p99_waiting_time": 103.00657912313432
    },
    "depression": {
      "count": 20,
      "avg_waiting_time": 21.564962947822227,
      "std_waiting_time": 36.10755871629377,
      "avg_turnaround_time": 24.098145306563985,
      "std_turnaround_time": 36.34171754891971,
      "avg_predicted_service_time": 1.7588126068115237,
      "avg_measured_execution_time": 2.5331823587417603,
      "avg_affect_weight": 1.1519260000000002,
      "p50_waiting_time": 6.0985523283852885,
      "p95_waiting_time": 105.58157923074641,
      "p99_waiting_time": 125.18345903760519
    },
    "overall": {
      "count": 80,
      "avg_waiting_time": 29.629358003445514,
      "avg_turnaround_time": 32.47873389811123
    }
  },
  "per_quadrant_metrics": {
    "excited": {
      "count": 20,
      "avg_waiting_time": 22.87487901789714,
      "p50_waiting_time": 1.8643333628173302,
      "p99_waiting_time": 138.19656390061635,
      "avg_jct": 26.00932174069453,
      "p99_jct": 142.15602558484335,
      "avg_affect_weight": 1.0
    },
    "calm": {
      "count": 20,
      "avg_waiting_time": 20.077559591963084,
      "p50_waiting_time": 4.853991420482021,
      "p99_waiting_time": 103.00657912313432,
      "avg_jct": 22.29929144544819,
      "p99_jct": 105.99630963861436,
      "avg_affect_weight": 1.0
    },
    "panic": {
      "count": 20,
      "avg_waiting_time": 54.0000304560996,
      "p50_waiting_time": 27.694379428111965,
      "p99_waiting_time": 189.8029562937715,
      "avg_jct": 57.50817709973821,
      "p99_jct": 194.9737586247423,
      "avg_affect_weight": 1.0
    },
    "depression": {
      "count": 20,
      "avg_waiting_time": 21.564962947822227,
      "p50_waiting_time": 6.0985523283852885,
      "p99_waiting_time": 125.18345903760519,
      "avg_jct": 24.098145306563985,
      "p99_jct": 127.7956672919425,
      "avg_affect_weight": 1.1519260000000002
    }
  },
  "fairness_analysis": {
    "waiting_time_fairness": {
      "jain_index": 0.8152434421268404,
      "per_quadrant_values": {
        "excited": 22.87487901789714,
        "panic": 54.0000304560996,
        "calm": 20.077559591963084,
        "depression": 21.564962947822227
      },
      "coefficient_of_variation": 0.47605406096072495,
      "max_min_ratio": 2.68957141971156,
      "depression_vs_others": 0.6672845928189071,
      "mean": 29.62935800344551,
      "std": 14.105176201199393
    },
    "turnaround_time_fairness": {
      "jain_index": 0.833615337657522,
      "per_quadrant_values": {
        "excited": 26.00932174069453,
        "panic": 57.50817709973821,
        "calm": 22.29929144544819,
        "depression": 24.098145306563985
      },
      "coefficient_of_variation": 0.4467595003448345,
      "max_min_ratio": 2.5789239644866377,