{
  "data_files": [
    "AW-SSJF_80jobs_load0.50_fixed_jobs.csv",
    "AW-SSJF_80jobs_load0.70_fixed_jobs.csv",
    "AW-SSJF_80jobs_load0.90_fixed_jobs.csv"
  ],
  "n_rows_total": 240,
  "mg1_metrics_finite_pred": {
    "n_points": 3,
    "MAE": 4.281661113905682,
    "RMSE": 4.990476495290635,
    "note": "Points with rho>=1 lead to infinite MG1 mean; those are excluded from finite metrics."
  },
  "regression": {
    "features": [
      "queue_length",
      "predicted_S",
      "qlen_x_S"
    ],
    "used_S_column": "predicted_S",
    "model": "Ridge(alpha=1.0) + StandardScaler",
    "MAE": 12.536985768124786,
    "RMSE": 19.493639988168674,
    "R2": 0.09467617874225098,
    "coef_scaled_space": {
      "intercept": 14.718274245105148,
      "coef": [
        0.5326540595452818,
        1.1265570214838738,
        9.838498600910278
      ]
    }
  }
}