load,n_jobs,lambda_est,E_S,E_S2,rho_est,emp_mean_Wq,mg1_pred_mean_Wq,residual_emp_minus_pred
0.5,80,0.2623833989338099,2.63333378136158,8.49503215002628,0.6909430680808736,5.073072281871008,3.6060595627720073,1.4670127190990008
0.7,80,0.3466864118789854,2.635612505674362,8.509859418347666,0.9137310426956267,13.389227122549366,17.099155475662513,-3.7099283531131473
0.9,80,0.36207123331138935,2.6333666801452638,8.49437797020905,0.9534663216413146,25.378667300496677,33.046709570001575,-7.668042269504898
