{
  "experiment_name": "AW-SSJF_80jobs_load0.90_fixed",
  "metadata": {
    "scheduler": "AW-SSJF",
    "num_jobs": 80,
    "mode": "fixed_jobs",
    "simulation_duration": null,
    "system_load": 0.9,
    "base_service_time": null,
    "w_max": 2.0,
    "p": 1.0,
    "q": 1.0,
    "use_confidence": true,
    "weight_exponent": 4.0,
    "gamma_panic": null,
    "gamma_dep": null,
    "weight_mode": null,
    "adaptive_k": null,
    "adaptive_k_min": null,
    "adaptive_k_max": null,
    "adaptive_k_high_threshold": null,
    "adaptive_k_low_threshold": null,
    "enable_emotion": null,
    "arousal_noise": null,
    "random_seed": 42,
    "starvation_threshold": 120.0,
    "starvation_coefficient": 5.0,
    "output_dir": "results/experiments/defense/A1/threshold_120_coef_5",
    "verbose": null,
    "model_name": null,
    "dataset_path": null,
    "use_cache": null,
    "force_regenerate": null,
    "device_map": null,
    "dtype": null,
    "load_in_8bit": null,
    "force_new_job_config": null,
    "use_saved_job_config": true,
    "experiment_mode": "fixed_jobs",
    "arrival_rate": 0.45,
    "run_metrics": {
      "total_jobs": 80,
      "total_time": 221.23117454245534,
      "throughput": 0.3616126893755094,
      "avg_waiting_time": 24.591528617892838,
      "avg_jct": 27.213614257727237,
      "p50_waiting_time": 12.507356040980483,
      "p95_waiting_time": 87.63860487120505,
      "p99_waiting_time": 121.12900618050804,
      "p50_jct": 14.892750835343957,
      "p95_jct": 90.49477442877644,
      "p99_jct": 126.34632834647408,
      "estimated_arrival_rate": 0.4775629988044028,
      "avg_actual_execution_time": 2.622085639834404,
      "effective_load": 1.2522110812812792,
      "throughput_p25": 0.3549593613709343,
      "throughput_p50": 0.368954753284732,
      "throughput_p75": 0.3704359703671846,
      "aw_jct": 25.06502813204673
    }
  },
  "num_jobs": 80,
  "total_run_time": 221.23117454245534,
  "overall_metrics": {
    "avg_waiting_time": 24.591528617892838,
    "std_waiting_time": 28.061908805367292,
    "p50_waiting_time": 12.507356040980483,
    "p95_waiting_time": 87.63860487120505,
    "p99_waiting_time": 121.12900618050804,
    "avg_turnaround_time": 27.213614257727237,
    "std_turnaround_time": 28.519489530300124,
    "p99_turnaround_time": 126.34632834647408,
    "avg_service_time": 2.1638034076690675,
    "throughput": 0.3616126893755094,
    "aw_jct": 25.06502813204673,
    "total_affect_weight": 104.1098842737755,
    "avg_affect_weight": 1.3013735534221937
  },
  "run_metrics": {
    "total_jobs": 80,
    "total_time": 221.23117454245534,
    "throughput": 0.3616126893755094,
    "avg_waiting_time": 24.591528617892838,
    "avg_jct": 27.213614257727237,
    "p50_waiting_time": 12.507356040980483,
    "p95_waiting_time": 87.63860487120505,
    "p99_waiting_time": 121.12900618050804,
    "p50_jct": 14.892750835343957,
    "p95_jct": 90.49477442877644,
    "p99_jct": 126.34632834647408,
    "estimated_arrival_rate": 0.4775629988044028,
    "avg_actual_execution_time": 2.622085639834404,
    "effective_load": 1.2522110812812792,
    "throughput_p25": 0.3549593613709343,
    "throughput_p50": 0.368954753284732,
    "throughput_p75": 0.3704359703671846,
    "aw_jct": 25.06502813204673
  },
  "llm_metrics": {
    "num_llm_jobs": 80,
    "avg_actual_execution_time": 2.622085639834404,
    "std_actual_execution_time": 1.2440858892945756,
    "avg_output_token_length": 128.625,
    "std_output_token_length": 61.22057966893159,
    "cache_hit_count": 0,
    "cache_hit_rate": 0.0,
    "fallback_used_count": 0,
    "error_count": 0,
    "prediction_accuracy": {
      "avg_absolute_error": 1.001353015065193,
      "std_absolute_error": 0.8934581482097322,
      "avg_relative_error": 0.4389613548981905,
      "median_relative_error": 0.3189597429515646,
      "max_absolute_error": 3.853085660934448
    }
  },
  "per_emotion_class_metrics": {
    "depression": {
      "count": 20,
      "avg_waiting_time": 13.557232298788923,
      "std_waiting_time": 8.545435479847544,
      "avg_turnaround_time": 16.19460190766801,
      "std_turnaround_time": 8.949622933543063,
      "avg_predicted_service_time": 2.2728546142578123,
      "avg_measured_execution_time": 2.6373696088790894,
      "avg_affect_weight": 1.7143353566673862,
      "p50_waiting_time": 11.990604910205853,
      "p95_waiting_time": 27.689196653833175,
      "p99_waiting_time": 33.168991102803346
    },
    "panic": {
      "count": 20,
      "avg_waiting_time": 19.919879642473738,
      "std_waiting_time": 22.255955717695976,
      "avg_turnaround_time": 22.4898114237657,
      "std_turnaround_time": 22.609377136428876,
      "avg_predicted_service_time": 2.392194450378418,
      "avg_measured_execution_time": 2.5699317812919618,
      "avg_affect_weight": 1.4071937119871896,
      "p50_waiting_time": 11.922328564325134,
      "p95_waiting_time": 65.9597996644647,
      "p99_waiting_time": 83.12742728545265
    },
    "excited": {
      "count": 20,
      "avg_waiting_time": 35.26676615868026,
      "std_waiting_time": 37.11838545738592,
      "avg_turnaround_time": 37.984045724014585,
      "std_turnaround_time": 37.95703393293851,
      "avg_predicted_service_time": 2.0685425910949706,
      "avg_measured_execution_time": 2.7172795653343202,
      "avg_affect_weight": 1.0236754560750314,
      "p50_waiting_time": 21.248315409249948,
      "p95_waiting_time": 107.65700272717206,
      "p99_waiting_time": 118.20571260750354
    },
    "calm": {
      "count": 20,
      "avg_waiting_time": 29.62223637162843,
      "std_waiting_time": 30.346459683603687,
      "avg_turnaround_time": 32.185997975460666,
      "std_turnaround_time": 30.609953968410363,
      "avg_predicted_service_time": 1.9216219749450687,
      "avg_measured_execution_time": 2.563761603832245,
      "avg_affect_weight": 1.060289688959168,
      "p50_waiting_time": 18.384366774814723,
      "p95_waiting_time": 84.63312396522579,
      "p99_waiting_time": 114.69090296148227
    },
    "overall": {
      "count": 80,
      "avg_waiting_time": 24.591528617892838,
      "avg_turnaround_time": 27.213614257727237
    }
  },
  "per_quadrant_metrics": {
    "excited": {
      "count": 20,
      "avg_waiting_time": 35.26676615868026,
      "p50_waiting_time": 21.248315409249948,
      "p99_waiting_time": 118.20571260750354,
      "avg_jct": 37.984045724014585,
      "p99_jct": 123.18752703249515,
      "avg_affect_weight": 1.0236754560750314
    },
    "calm": {
      "count": 20,
      "avg_waiting_time": 29.62223637162843,
      "p50_waiting_time": 18.384366774814723,
      "p99_waiting_time": 114.69090296148227,
      "avg_jct": 32.185997975460666,
      "p99_jct": 119.19451560615467,
      "avg_affect_weight": 1.060289688959168
    },
    "panic": {
      "count": 20,
      "avg_waiting_time": 19.919879642473738,
      "p50_waiting_time": 11.922328564325134,
      "p99_waiting_time": 83.12742728545265,
      "avg_jct": 22.4898114237657,
      "p99_jct": 86.33108950926858,
      "avg_affect_weight": 1.4071937119871896
    },
    "depression": {
      "count": 20,
      "avg_waiting_time": 13.557232298788923,
      "p50_waiting_time": 11.990604910205853,
      "p99_waiting_time": 33.168991102803346,
      "avg_jct": 16.19460190766801,
      "p99_jct": 37.123409909833065,
      "avg_affect_weight": 1.7143353566673862
    }
  },
  "fairness_analysis": {
    "waiting_time_fairness": {
      "jain_index": 0.8953118548586869,
      "per_quadrant_values": {
        "depression": 13.557232298788923,
        "panic": 19.919879642473738,
        "excited": 35.26676615868026,
        "calm": 29.62223637162843
      },
      "coefficient_of_variation": 0.3419491944785892,
      "max_min_ratio": 2.601324915103112,
      "depression_vs_others": 0.47956883588567645,
      "mean": 24.591528617892838,
      "std": 8.409053401885629
    },
    "turnaround_time_fairness": {
      "jain_index": 0.9123872013953763,