{
  "experiment_name": "AW-SSJF_80jobs_load0.90_fixed",
  "metadata": {
    "scheduler": "AW-SSJF",
    "num_jobs": 80,
    "mode": "fixed_jobs",
    "simulation_duration": null,
    "system_load": 0.9,
    "base_service_time": null,
    "w_max": 2.0,
    "p": 1.0,
    "q": 1.0,
    "use_confidence": true,
    "weight_exponent": 4.0,
    "gamma_panic": null,
    "gamma_dep": null,
    "weight_mode": null,
    "adaptive_k": null,
    "adaptive_k_min": null,
    "adaptive_k_max": null,
    "adaptive_k_high_threshold": null,
    "adaptive_k_low_threshold": null,
    "enable_emotion": null,
    "arousal_noise": null,
    "random_seed": 42,
    "starvation_threshold": null,
    "starvation_coefficient": null,
    "output_dir": "results/experiments/defense/A2/oracle",
    "verbose": null,
    "model_name": null,
    "dataset_path": null,
    "use_cache": null,
    "force_regenerate": null,
    "device_map": null,
    "dtype": null,
    "load_in_8bit": null,
    "use_oracle_service_time": true,
    "disable_predictor": null,
    "force_new_job_config": true,
    "use_saved_job_config": null,
    "experiment_mode": "fixed_jobs",
    "arrival_rate": 0.45,
    "run_metrics": {
      "total_jobs": 80,
      "total_time": 196.81840713217701,
      "throughput": 0.4064660473868917,
      "avg_waiting_time": 15.769178786430931,
      "avg_jct": 18.055325093422503,
      "p50_waiting_time": 8.505930428131126,
      "p95_waiting_time": 53.39861242640871,
      "p99_waiting_time": 87.34262304591948,
      "p50_jct": 11.349654307947596,
      "p95_jct": 55.557187436708396,
      "p99_jct": 88.9583543567639,
      "estimated_arrival_rate": 0.4775629988044028,
      "avg_actual_execution_time": 2.286146306991577,
      "effective_load": 1.0917788860725084,
      "throughput_p25": 0.36212546738199786,
      "throughput_p50": 0.41832596787763704,
      "throughput_p75": 0.3929877715484317,
      "aw_jct": 16.2927587698588
    }
  },
  "num_jobs": 80,
  "total_run_time": 196.81840713217701,
  "overall_metrics": {
    "avg_waiting_time": 15.769178786430931,
    "std_waiting_time": 18.646604778641088,
    "p50_waiting_time": 8.505930428131126,
    "p95_waiting_time": 53.39861242640871,
    "p99_waiting_time": 87.34262304591948,
    "avg_turnaround_time": 18.055325093422503,
    "std_turnaround_time": 18.564409425157248,
    "p99_turnaround_time": 88.9583543567639,
    "avg_service_time": 2.0,
    "throughput": 0.4064660473868917,
    "aw_jct": 16.2927587698588,
    "total_affect_weight": 104.1098842737755,
    "avg_affect_weight": 1.3013735534221937
  },
  "run_metrics": {
    "total_jobs": 80,
    "total_time": 196.81840713217701,
    "throughput": 0.4064660473868917,
    "avg_waiting_time": 15.769178786430931,
    "avg_jct": 18.055325093422503,
    "p50_waiting_time": 8.505930428131126,
    "p95_waiting_time": 53.39861242640871,
    "p99_waiting_time": 87.34262304591948,
    "p50_jct": 11.349654307947596,
    "p95_jct": 55.557187436708396,
    "p99_jct": 88.9583543567639,
    "estimated_arrival_rate": 0.4775629988044028,
    "avg_actual_execution_time": 2.286146306991577,
    "effective_load": 1.0917788860725084,
    "throughput_p25": 0.36212546738199786,
    "throughput_p50": 0.41832596787763704,
    "throughput_p75": 0.3929877715484317,
    "aw_jct": 16.2927587698588
  },
  "llm_metrics": {
    "num_llm_jobs": 80,
    "avg_actual_execution_time": 2.286146306991577,
    "std_actual_execution_time": 1.372568242737597,
    "avg_output_token_length": 111.6625,
    "std_output_token_length": 67.16675958947253,
    "cache_hit_count": 0,
    "cache_hit_rate": 0.0,
    "fallback_used_count": 0,
    "error_count": 0,
    "prediction_accuracy": {
      "avg_absolute_error": 0.9606816232204437,
      "std_absolute_error": 1.0212316626423341,
      "avg_relative_error": 0.4780506086628293,
      "median_relative_error": 0.3612765546507668,
      "max_absolute_error": 3.241865634918213
    }
  },
  "per_emotion_class_metrics": {
    "depression": {
      "count": 20,
      "avg_waiting_time": 6.861025037703412,
      "std_waiting_time": 3.5089873451659384,
      "avg_turnaround_time": 9.408660581049817,
      "std_turnaround_time": 3.6268202716598,
      "avg_predicted_service_time": 2.0,
      "avg_measured_execution_time": 2.547635543346405,
      "avg_affect_weight": 1.7143353566673867,
      "p50_waiting_time": 7.690242818802773,
      "p95_waiting_time": 11.61109785086937,
      "p99_waiting_time": 12.470559488552551
    },
    "panic": {
      "count": 20,
      "avg_waiting_time": 8.407905248152296,
      "std_waiting_time": 5.273708330518742,
      "avg_turnaround_time": 11.089649442183056,
      "std_turnaround_time": 5.905724067639282,
      "avg_predicted_service_time": 2.0,
      "avg_measured_execution_time": 2.681744194030762,
      "avg_affect_weight": 1.4071937119871893,
      "p50_waiting_time": 7.202064746571239,
      "p95_waiting_time": 19.632109948692257,
      "p99_waiting_time": 20.473729831028063
    },
    "excited": {
      "count": 20,
      "avg_waiting_time": 24.13742164764816,
      "std_waiting_time": 23.82186324389813,
      "avg_turnaround_time": 26.242802600006407,
      "std_turnaround_time": 23.90581240804973,
      "avg_predicted_service_time": 2.0,
      "avg_measured_execution_time": 2.105380952358246,
      "avg_affect_weight": 1.0236754560750314,
      "p50_waiting_time": 18.36548183835412,
      "p95_waiting_time": 69.93331688090218,
      "p99_waiting_time": 81.76913752365371
    },
    "calm": {
      "count": 20,
      "avg_waiting_time": 23.670363212219858,
      "std_waiting_time": 22.741538287844307,
      "avg_turnaround_time": 25.480187750450753,
      "std_turnaround_time": 22.662327824392687,
      "avg_predicted_service_time": 2.0,
      "avg_measured_execution_time": 1.809824538230896,
      "avg_affect_weight": 1.060289688959168,
      "p50_waiting_time": 17.973479082782873,
      "p95_waiting_time": 55.13210497068708,
      "p99_waiting_time": 88.76901080476472
    },
    "overall": {
      "count": 80,
      "avg_waiting_time": 15.769178786430931,
      "avg_turnaround_time": 18.055325093422507
    }
  },
  "per_quadrant_metrics": {
    "excited": {
      "count": 20,
      "avg_waiting_time": 24.13742164764816,
      "p50_waiting_time": 18.36548183835412,
      "p99_waiting_time": 81.76913752365371,
      "avg_jct": 26.242802600006407,
      "p99_jct": 83.62184781599304,
      "avg_affect_weight": 1.0236754560750314
    },
    "calm": {
      "count": 20,
      "avg_waiting_time": 23.670363212219858,
      "p50_waiting_time": 17.973479082782873,
      "p99_waiting_time": 88.76901080476472,
      "avg_jct": 25.480187750450753,
      "p99_jct": 89.8647286497278,
      "avg_affect_weight": 1.060289688959168
    },
    "panic": {
      "count": 20,
      "avg_waiting_time": 8.407905248152296,
      "p50_waiting_time": 7.202064746571239,
      "p99_waiting_time": 20.473729831028063,
      "avg_jct": 11.089649442183056,
      "p99_jct": 25.261949640560225,
      "avg_affect_weight": 1.4071937119871893
    },
    "depression": {
      "count": 20,
      "avg_waiting_time": 6.861025037703412,
      "p50_waiting_time": 7.690242818802773,
      "p99_waiting_time": 12.470559488552551,
      "avg_jct": 9.408660581049817,
      "p99_jct": 14.747660948055724,
      "avg_affect_weight": 1.7143353566673867
    }
  },
  "fairness_analysis": {
    "waiting_time_fairness": {
      "jain_index": 0.7890009049044279,
      "per_quadrant_values": {
        "depression": 6.861025037703412,
        "panic": 8.407905248152296,
        "excited": 24.13742164764816,
        "calm": 23.670363212219858
      },
      "coefficient_of_variation": 0.5171321584753786,
      "max_min_ratio": 3.5180489088737783,
      "depression_vs_others": 0.3661446666145906,
      "mean": 15.769178786430931,
      "std": 8.154749463211179
    },
    "turnaround_time_fairness": {
      "jain_index": 0.8415874518205426,