{
  "experiment_name": "FCFS_54jobs_load1.20_fixed",
  "metadata": {
    "scheduler": "FCFS",
    "num_jobs": 54,
    "mode": "fixed_jobs",
    "simulation_duration": null,
    "system_load": 1.2,
    "base_service_time": null,
    "alpha": null,
    "rho": null,
    "emotion_correlation": null,
    "enable_emotion": null,
    "arousal_noise": null,
    "random_seed": 456,
    "starvation_threshold": null,
    "starvation_coefficient": null,
    "beta": null,
    "output_dir": "results/multi_seed_runs/seed_456",
    "verbose": true,
    "model_name": null,
    "dataset_path": null,
    "use_cache": null,
    "force_regenerate": null,
    "device_map": null,
    "dtype": null,
    "load_in_8bit": null,
    "experiment_mode": "fixed_jobs",
    "arrival_rate": 0.6,
    "run_metrics": {
      "total_jobs": 54,
      "total_time": 87.96117846353653,
      "throughput": 0.613907191140978,
      "avg_waiting_time": 6.756235803097736,
      "avg_jct": 8.307472684247877,
      "p50_waiting_time": 6.924919150854787,
      "p95_waiting_time": 13.505284359033267,
      "p99_waiting_time": 14.278988840277748,
      "p50_jct": 8.495773339021106,
      "p95_jct": 14.906503309781709,
      "p99_jct": 15.377619840796546,
      "estimated_arrival_rate": 0.7328997285789364,
      "avg_actual_execution_time": 1.5512368811501398,
      "effective_load": 1.1369010891565732,
      "throughput_p25": 0.5555717613731275,
      "throughput_p50": 0.5675401289856862,
      "throughput_p75": 0.6201233035642814
    }
  },
  "num_jobs": 54,
  "total_run_time": 87.96117846353653,
  "overall_metrics": {
    "avg_waiting_time": 6.756235803097736,
    "std_waiting_time": 4.2361484580418205,
    "p50_waiting_time": 6.924919150854787,
    "p95_waiting_time": 13.505284359033267,
    "p99_waiting_time": 14.278988840277748,
    "avg_turnaround_time": 8.307472684247877,
    "std_turnaround_time": 4.199636040632991,
    "p99_turnaround_time": 15.377619840796546,
    "avg_service_time": 2.0,
    "throughput": 0.613907191140978
  },
  "run_metrics": {
    "total_jobs": 54,
    "total_time": 87.96117846353653,
    "throughput": 0.613907191140978,
    "avg_waiting_time": 6.756235803097736,
    "avg_jct": 8.307472684247877,
    "p50_waiting_time": 6.924919150854787,
    "p95_waiting_time": 13.505284359033267,
    "p99_waiting_time": 14.278988840277748,
    "p50_jct": 8.495773339021106,
    "p95_jct": 14.906503309781709,
    "p99_jct": 15.377619840796546,
    "estimated_arrival_rate": 0.7328997285789364,
    "avg_actual_execution_time": 1.5512368811501398,
    "effective_load": 1.1369010891565732,
    "throughput_p25": 0.5555717613731275,
    "throughput_p50": 0.5675401289856862,
    "throughput_p75": 0.6201233035642814
  },
  "llm_metrics": {
    "num_llm_jobs": 54,
    "avg_actual_execution_time": 1.5512368811501398,
    "std_actual_execution_time": 0.6276616832753337,
    "avg_output_token_length": 76.51851851851852,
    "std_output_token_length": 30.97594092717332,
    "cache_hit_count": 0,
    "cache_hit_rate": 0.0,
    "fallback_used_count": 0,
    "error_count": 0,
    "prediction_accuracy": {
      "avg_absolute_error": 0.6444337316795633,
      "std_absolute_error": 0.5339904648946356,
      "avg_relative_error": 0.39850809139612714,
      "median_relative_error": 0.31488726493772307,
      "max_absolute_error": 2.047692089080811
    }
  },
  "per_emotion_class_metrics": {
    "medium": {
      "count": 18,
      "avg_waiting_time": 6.718810778994803,
      "std_waiting_time": 4.256545841617607,
      "avg_turnaround_time": 8.294141142374388,
      "std_turnaround_time": 4.264349156573487,
      "avg_predicted_service_time": 2.0,
      "avg_measured_execution_time": 1.5753303633795843,
      "p50_waiting_time": 6.0320252043783125,
      "p95_waiting_time": 13.697506002051432,
      "p99_waiting_time": 13.79689020441412
    },
    "high": {
      "count": 18,
      "avg_waiting_time": 6.445134125925773,
      "std_waiting_time": 3.640609845950975,
      "avg_turnaround_time": 8.562746262660632,
      "std_turnaround_time": 3.682297158897757,
      "avg_predicted_service_time": 3.2800000000000002,
      "avg_measured_execution_time": 2.1176121367348566,
      "p50_waiting_time": 6.035132978783578,
      "p95_waiting_time": 11.7312223627958,
      "p99_waiting_time": 12.677687084153158
    },
    "low": {
      "count": 18,
      "avg_waiting_time": 7.104762504372631,
      "std_waiting_time": 4.7162467043204055,
      "avg_turnaround_time": 8.06553064770861,
      "std_turnaround_time": 4.587261083355295,
      "avg_predicted_service_time": 0.7199999999999996,
      "avg_measured_execution_time": 0.9607681433359782,
      "p50_waiting_time": 8.127619087920735,
      "p95_waiting_time": 13.53132995695107,
      "p99_waiting_time": 14.541957268199077
    },
    "overall": {
      "count": 54,
      "avg_waiting_time": 7.104762504372631,
      "avg_turnaround_time": 8.06553064770861
    }
  },
  "fairness_analysis": {
    "waiting_time_fairness": {
      "jain_index": 0.998398541616776,
      "per_class_values": {
        "medium": 6.718810778994803,
        "high": 6.445134125925773,
        "low": 7.104762504372631
      },
      "coefficient_of_variation": 0.04005030793858962,
      "max_min_ratio": 1.1023451747564847,
      "mean": 6.756235803097735,
      "std": 0.27058932441978867
    },
    "turnaround_time_fairness": {
      "jain_index": 0.9994020342721295,
      "per_class_values": {
        "medium": 8.294141142374388,
        "high": 8.562746262660632,
        "low": 8.06553064770861
      },
      "coefficient_of_variation": 0.024460652174878066,
      "max_min_ratio": 1.0616469810443632,
      "mean": 8.307472684247875,
      "std": 0.2032061997816879
    },
    "per_class_metrics": {
      "medium": {
        "count": 18,
        "avg_waiting_time": 6.718810778994803,
        "std_waiting_time": 4.256545841617607,
        "avg_turnaround_time": 8.294141142374388,
        "std_turnaround_time": 4.264349156573487,
        "avg_predicted_service_time": 2.0,
        "avg_measured_execution_time": 1.5753303633795843,
        "p50_waiting_time": 6.0320252043783125,
        "p95_waiting_time": 13.697506002051432,
        "p99_waiting_time": 13.79689020441412
      },
      "high": {
        "count": 18,
        "avg_waiting_time": 6.445134125925773,
        "std_waiting_time": 3.640609845950975,
        "avg_turnaround_time": 8.562746262660632,
        "std_turnaround_time": 3.682297158897757,
        "avg_predicted_service_time": 3.2800000000000002,
        "avg_measured_execution_time": 2.1176121367348566,
        "p50_waiting_time": 6.035132978783578,
        "p95_waiting_time": 11.7312223627958,
        "p99_waiting_time": 12.677687084153158
      },
      "low": {
        "count": 18,
        "avg_waiting_time": 7.104762504372631,
        "std_waiting_time": 4.7162467043204055,
        "avg_turnaround_time": 8.06553064770861,
        "std_turnaround_time": 4.587261083355295,
        "avg_predicted_service_time": 0.7199999999999996,
        "avg_measured_execution_time": 0.9607681433359782,
        "p50_waiting_time": 8.127619087920735,
        "p95_waiting_time": 13.53132995695107,
        "p99_waiting_time": 14.541957268199077
      },
      "overall": {
        "count": 54,
        "avg_waiting_time": 7.104762504372631,
        "avg_turnaround_time": 8.06553064770861
      }
    },
    "arousal_valence_distribution": {
      "high_positive": 6,
      "high_neutral": 6,
      "high_negative": 6,
      "medium_positive": 6,
      "medium_neutral": 6,
      "medium_negative": 6,
      "low_positive": 6,
      "low_neutral": 6,
      "low_negative": 6,
      "total": 54
    }
  }
}