{
  "experiment_name": "AW-SSJF_80jobs_load0.90_fixed",
  "metadata": {
    "scheduler": "AW-SSJF",
    "num_jobs": 80,
    "mode": "fixed_jobs",
    "simulation_duration": null,
    "system_load": 0.9,
    "base_service_time": null,
    "w_max": 2.0,
    "p": 1.0,
    "q": 1.0,
    "use_confidence": true,
    "weight_exponent": 4.0,
    "gamma_panic": null,
    "gamma_dep": null,
    "weight_mode": null,
    "adaptive_k": null,
    "adaptive_k_min": null,
    "adaptive_k_max": null,
    "adaptive_k_high_threshold": null,
    "adaptive_k_low_threshold": null,
    "enable_emotion": null,
    "arousal_noise": null,
    "random_seed": 42,
    "starvation_threshold": 60.0,
    "starvation_coefficient": 3.0,
    "output_dir": "results/experiments/defense/A1/threshold_60_coef_3",
    "verbose": null,
    "model_name": null,
    "dataset_path": null,
    "use_cache": null,
    "force_regenerate": null,
    "device_map": null,
    "dtype": null,
    "load_in_8bit": null,
    "force_new_job_config": null,
    "use_saved_job_config": true,
    "experiment_mode": "fixed_jobs",
    "arrival_rate": 0.45,
    "run_metrics": {
      "total_jobs": 80,
      "total_time": 221.51226217940297,
      "throughput": 0.36115382152166337,
      "avg_waiting_time": 27.03391363576469,
      "avg_jct": 29.660782342706295,
      "p50_waiting_time": 11.772393525214873,
      "p95_waiting_time": 65.80584738583369,
      "p99_waiting_time": 67.01604127620244,
      "p50_jct": 14.837648275092803,
      "p95_jct": 67.39635110230249,
      "p99_jct": 70.0807568464869,
      "estimated_arrival_rate": 0.4775629988044028,
      "avg_actual_execution_time": 2.626868706941605,
      "effective_load": 1.2544952971524768,
      "throughput_p25": 0.35079844915297453,
      "throughput_p50": 0.36519174791046904,
      "throughput_p75": 0.3612342797771586,
      "aw_jct": 27.42719177899955
    }
  },
  "num_jobs": 80,
  "total_run_time": 221.51226217940297,
  "overall_metrics": {
    "avg_waiting_time": 27.03391363576469,
    "std_waiting_time": 25.363401374524074,
    "p50_waiting_time": 11.772393525214873,
    "p95_waiting_time": 65.80584738583369,
    "p99_waiting_time": 67.01604127620244,
    "avg_turnaround_time": 29.660782342706295,
    "std_turnaround_time": 25.63331251320591,
    "p99_turnaround_time": 70.0807568464869,
    "avg_service_time": 2.163803407669068,
    "throughput": 0.36115382152166337,
    "aw_jct": 27.42719177899955,
    "total_affect_weight": 104.1098842737755,
    "avg_affect_weight": 1.3013735534221937
  },
  "run_metrics": {
    "total_jobs": 80,
    "total_time": 221.51226217940297,
    "throughput": 0.36115382152166337,
    "avg_waiting_time": 27.03391363576469,
    "avg_jct": 29.660782342706295,
    "p50_waiting_time": 11.772393525214873,
    "p95_waiting_time": 65.80584738583369,
    "p99_waiting_time": 67.01604127620244,
    "p50_jct": 14.837648275092803,
    "p95_jct": 67.39635110230249,
    "p99_jct": 70.0807568464869,
    "estimated_arrival_rate": 0.4775629988044028,
    "avg_actual_execution_time": 2.626868706941605,
    "effective_load": 1.2544952971524768,
    "throughput_p25": 0.35079844915297453,
    "throughput_p50": 0.36519174791046904,
    "throughput_p75": 0.3612342797771586,
    "aw_jct": 27.42719177899955
  },
  "llm_metrics": {
    "num_llm_jobs": 80,
    "avg_actual_execution_time": 2.626868706941605,
    "std_actual_execution_time": 1.2455511693110415,
    "avg_output_token_length": 128.625,
    "std_output_token_length": 61.22057966893159,
    "cache_hit_count": 0,
    "cache_hit_rate": 0.0,
    "fallback_used_count": 0,
    "error_count": 0,
    "prediction_accuracy": {
      "avg_absolute_error": 1.003032551765442,
      "std_absolute_error": 0.8961733873856523,
      "avg_relative_error": 0.4382188360432699,
      "median_relative_error": 0.3204828346879656,
      "max_absolute_error": 3.8674253463745116
    }
  },
  "per_emotion_class_metrics": {
    "depression": {
      "count": 20,
      "avg_waiting_time": 16.026804354128735,
      "std_waiting_time": 18.396115494042192,
      "avg_turnaround_time": 18.67110927337159,
      "std_turnaround_time": 18.581017236360154,
      "avg_predicted_service_time": 2.2728546142578128,
      "avg_measured_execution_time": 2.6443049192428587,
      "avg_affect_weight": 1.7143353566673862,
      "p50_waiting_time": 8.646378964767536,
      "p95_waiting_time": 58.11853960422771,
      "p99_waiting_time": 59.962092358897884
    },
    "panic": {
      "count": 20,
      "avg_waiting_time": 23.315938857542555,
      "std_waiting_time": 24.452207677489998,
      "avg_turnaround_time": 25.889806464659255,
      "std_turnaround_time": 24.744306913277526,
      "avg_predicted_service_time": 2.3921944503784176,
      "avg_measured_execution_time": 2.573867607116699,
      "avg_affect_weight": 1.4071937119871893,
      "p50_waiting_time": 10.440287548972755,
      "p95_waiting_time": 66.93241305167267,
      "p99_waiting_time": 67.32964711818909
    },
    "excited": {
      "count": 20,
      "avg_waiting_time": 32.01908082161361,
      "std_waiting_time": 27.81913917900796,
      "avg_turnaround_time": 34.74026233349258,
      "std_turnaround_time": 28.359918781358754,
      "avg_predicted_service_time": 2.068542591094971,
      "avg_measured_execution_time": 2.7211815118789673,
      "avg_affect_weight": 1.0236754560750314,
      "p50_waiting_time": 23.50702126366584,
      "p95_waiting_time": 64.72973213913482,
      "p99_waiting_time": 66.00308601858768
    },
    "calm": {
      "count": 20,
      "avg_waiting_time": 36.77383050977387,
      "std_waiting_time": 24.663309249444556,
      "avg_turnaround_time": 39.34195129930176,
      "std_turnaround_time": 24.73717040347266,
      "avg_predicted_service_time": 1.9216219749450683,
      "avg_measured_execution_time": 2.5681207895278932,
      "avg_affect_weight": 1.060289688959168,
      "p50_waiting_time": 34.46523916230882,
      "p95_waiting_time": 64.99694255719369,
      "p99_waiting_time": 65.62264848211217
    },
    "overall": {
      "count": 80,
      "avg_waiting_time": 27.03391363576469,
      "avg_turnaround_time": 29.660782342706295
    }
  },
  "per_quadrant_metrics": {
    "excited": {
      "count": 20,
      "avg_waiting_time": 32.01908082161361,
      "p50_waiting_time": 23.50702126366584,
      "p99_waiting_time": 66.00308601858768,
      "avg_jct": 34.74026233349258,
      "p99_jct": 68.90356272383178,
      "avg_affect_weight": 1.0236754560750314
    },
    "calm": {
      "count": 20,
      "avg_waiting_time": 36.77383050977387,
      "p50_waiting_time": 34.46523916230882,
      "p99_waiting_time": 65.62264848211217,
      "avg_jct": 39.34195129930176,
      "p99_jct": 67.33077373944339,
      "avg_affect_weight": 1.060289688959168
    },
    "panic": {
      "count": 20,
      "avg_waiting_time": 23.315938857542555,
      "p50_waiting_time": 10.440287548972755,
      "p99_waiting_time": 67.32964711818909,
      "avg_jct": 25.889806464659255,
      "p99_jct": 71.92463186655257,
      "avg_affect_weight": 1.4071937119871893
    },
    "depression": {
      "count": 20,
      "avg_waiting_time": 16.026804354128735,
      "p50_waiting_time": 8.646378964767536,
      "p99_waiting_time": 59.962092358897884,
      "avg_jct": 18.67110927337159,
      "p99_jct": 63.5702037308919,
      "avg_affect_weight": 1.7143353566673862
    }
  },
  "fairness_analysis": {
    "waiting_time_fairness": {
      "jain_index": 0.9198566862665,
      "per_quadrant_values": {
        "depression": 16.026804354128735,
        "panic": 23.315938857542555,
        "excited": 32.01908082161361,
        "calm": 36.77383050977387
      },
      "coefficient_of_variation": 0.29517091597618483,
      "max_min_ratio": 2.2945204606743954,
      "depression_vs_others": 0.5219955841785622,
      "mean": 27.033913635764694,
      "std": 7.979625050289738
    },
    "turnaround_time_fairness": {
      "jain_index": 0.9325520658963382,