{
  "experiment_name": "FCFS_180jobs_load0.90_fixed",
  "metadata": {
    "scheduler": "FCFS",
    "num_jobs": 180,
    "mode": "fixed_jobs",
    "simulation_duration": null,
    "system_load": 0.9,
    "base_service_time": null,
    "alpha": null,
    "rho": null,
    "emotion_correlation": null,
    "enable_emotion": null,
    "arousal_noise": null,
    "random_seed": 3579,
    "starvation_threshold": null,
    "starvation_coefficient": null,
    "beta": null,
    "output_dir": "results/multi_seed_runs/seed_3579",
    "verbose": true,
    "model_name": null,
    "dataset_path": null,
    "use_cache": null,
    "force_regenerate": null,
    "device_map": null,
    "dtype": null,
    "load_in_8bit": null,
    "experiment_mode": "fixed_jobs",
    "arrival_rate": 0.8181818181818181,
    "run_metrics": {
      "total_jobs": 180,
      "total_time": 247.21054025817867,
      "throughput": 0.7281242936163395,
      "avg_waiting_time": 2.3016346534867043,
      "avg_jct": 3.439160337790412,
      "p50_waiting_time": 1.5009436489686578,
      "p95_waiting_time": 6.468263392524296,
      "p99_waiting_time": 7.905819702603456,
      "p50_jct": 2.679197323816755,
      "p95_jct": 7.712602602498366,
      "p99_jct": 8.659654621803485,
      "estimated_arrival_rate": 0.7360431105274218,
      "avg_actual_execution_time": 1.1375256843037076,
      "effective_load": 0.837267942979735,
      "throughput_p25": 0.7213701255252348,
      "throughput_p50": 0.7624131444836,
      "throughput_p75": 0.7113003322628842
    }
  },
  "num_jobs": 180,
  "total_run_time": 247.21054025817867,
  "overall_metrics": {
    "avg_waiting_time": 2.3016346534867043,
    "std_waiting_time": 2.2680501992717574,
    "p50_waiting_time": 1.5009436489686578,
    "p95_waiting_time": 6.468263392524296,
    "p99_waiting_time": 7.905819702603456,
    "avg_turnaround_time": 3.439160337790412,
    "std_turnaround_time": 2.373632160235438,
    "p99_turnaround_time": 8.659654621803485,
    "avg_service_time": 1.1,
    "throughput": 0.7281242936163395
  },
  "run_metrics": {
    "total_jobs": 180,
    "total_time": 247.21054025817867,
    "throughput": 0.7281242936163395,
    "avg_waiting_time": 2.3016346534867043,
    "avg_jct": 3.439160337790412,
    "p50_waiting_time": 1.5009436489686578,
    "p95_waiting_time": 6.468263392524296,
    "p99_waiting_time": 7.905819702603456,
    "p50_jct": 2.679197323816755,
    "p95_jct": 7.712602602498366,
    "p99_jct": 8.659654621803485,
    "estimated_arrival_rate": 0.7360431105274218,
    "avg_actual_execution_time": 1.1375256843037076,
    "effective_load": 0.837267942979735,
    "throughput_p25": 0.7213701255252348,
    "throughput_p50": 0.7624131444836,
    "throughput_p75": 0.7113003322628842
  },
  "llm_metrics": {
    "num_llm_jobs": 180,
    "avg_actual_execution_time": 1.1375256843037076,
    "std_actual_execution_time": 0.4809517232432029,
    "avg_output_token_length": 55.97222222222222,
    "std_output_token_length": 23.83028664805346,
    "cache_hit_count": 3,
    "cache_hit_rate": 0.016666666666666666,
    "fallback_used_count": 0,
    "error_count": 0,
    "prediction_accuracy": {
      "avg_absolute_error": 0.27491228704452525,
      "std_absolute_error": 0.2647104521724395,
      "avg_relative_error": 0.24668784172829947,
      "median_relative_error": 0.22526978489572624,
      "max_absolute_error": 2.7497321643829347
    }
  },
  "per_emotion_class_metrics": {
    "low": {
      "count": 60,
      "avg_waiting_time": 1.9408952106403314,
      "std_waiting_time": 2.283941570174496,
      "avg_turnaround_time": 2.594267705020011,
      "std_turnaround_time": 2.321969089454758,
      "avg_predicted_service_time": 0.39599999999999996,
      "avg_measured_execution_time": 0.6533724943796794,
      "p50_waiting_time": 1.1136972617888858,
      "p95_waiting_time": 6.42038760968056,
      "p99_waiting_time": 7.978694719501198
    },
    "medium": {
      "count": 60,
      "avg_waiting_time": 2.4239916274614948,
      "std_waiting_time": 2.356237297941476,
      "avg_turnaround_time": 3.6402959614662147,
      "std_turnaround_time": 2.3611612975588345,
      "avg_predicted_service_time": 1.0999999999999999,
      "avg_measured_execution_time": 1.2163043340047202,
      "p50_waiting_time": 1.3663182477476852,
      "p95_waiting_time": 6.475348939216147,
      "p99_waiting_time": 7.84415990138548
    },
    "high": {
      "count": 60,
      "avg_waiting_time": 2.5400171223582864,
      "std_waiting_time": 2.112340276304365,
      "avg_turnaround_time": 4.08291734688501,
      "std_turnaround_time": 2.183356036943861,
      "avg_predicted_service_time": 1.8040000000000005,
      "avg_measured_execution_time": 1.5429002245267232,
      "p50_waiting_time": 2.3090639723718205,
      "p95_waiting_time": 6.352910372132761,
      "p99_waiting_time": 6.785930521471036
    },
    "overall": {
      "count": 180,
      "avg_waiting_time": 2.5400171223582864,
      "avg_turnaround_time": 4.08291734688501
    }
  },
  "fairness_analysis": {
    "waiting_time_fairness": {
      "jain_index": 0.9874534518812997,
      "per_class_values": {
        "low": 1.9408952106403314,
        "medium": 2.4239916274614948,
        "high": 2.5400171223582864
      },
      "coefficient_of_variation": 0.11272073504367147,
      "max_min_ratio": 1.3086832861627267,
      "mean": 2.3016346534867043,
      "std": 0.2594419499430074
    },
    "turnaround_time_fairness": {
      "jain_index": 0.9681131722379628,
      "per_class_values": {
        "low": 2.594267705020011,
        "medium": 3.6402959614662147,
        "high": 4.08291734688501
      },
      "coefficient_of_variation": 0.1814857762514818,
      "max_min_ratio": 1.5738226779697417,
      "mean": 3.439160337790412,
      "std": 0.6241586835572013
    },
    "per_class_metrics": {
      "low": {
        "count": 60,
        "avg_waiting_time": 1.9408952106403314,
        "std_waiting_time": 2.283941570174496,
        "avg_turnaround_time": 2.594267705020011,
        "std_turnaround_time": 2.321969089454758,
        "avg_predicted_service_time": 0.39599999999999996,
        "avg_measured_execution_time": 0.6533724943796794,
        "p50_waiting_time": 1.1136972617888858,
        "p95_waiting_time": 6.42038760968056,
        "p99_waiting_time": 7.978694719501198
      },
      "medium": {
        "count": 60,
        "avg_waiting_time": 2.4239916274614948,
        "std_waiting_time": 2.356237297941476,
        "avg_turnaround_time": 3.6402959614662147,
        "std_turnaround_time": 2.3611612975588345,
        "avg_predicted_service_time": 1.0999999999999999,
        "avg_measured_execution_time": 1.2163043340047202,
        "p50_waiting_time": 1.3663182477476852,
        "p95_waiting_time": 6.475348939216147,
        "p99_waiting_time": 7.84415990138548
      },
      "high": {
        "count": 60,
        "avg_waiting_time": 2.5400171223582864,
        "std_waiting_time": 2.112340276304365,
        "avg_turnaround_time": 4.08291734688501,
        "std_turnaround_time": 2.183356036943861,
        "avg_predicted_service_time": 1.8040000000000005,
        "avg_measured_execution_time": 1.5429002245267232,
        "p50_waiting_time": 2.3090639723718205,
        "p95_waiting_time": 6.352910372132761,
        "p99_waiting_time": 6.785930521471036
      },
      "overall": {
        "count": 180,
        "avg_waiting_time": 2.5400171223582864,
        "avg_turnaround_time": 4.08291734688501
      }
    },
    "arousal_valence_distribution": {
      "high_positive": 20,
      "high_neutral": 20,
      "high_negative": 20,
      "medium_positive": 20,
      "medium_neutral": 20,
      "medium_negative": 20,
      "low_positive": 20,
      "low_neutral": 20,
      "low_negative": 20,
      "total": 180
    }
  }
}