{
  "experiment_name": "SSJF-Emotion_54jobs_load1.20_fixed",
  "metadata": {
    "scheduler": "SSJF-Emotion",
    "num_jobs": 54,
    "mode": "fixed_jobs",
    "simulation_duration": null,
    "system_load": 1.2,
    "base_service_time": null,
    "alpha": null,
    "rho": null,
    "emotion_correlation": null,
    "enable_emotion": null,
    "arousal_noise": null,
    "random_seed": 3579,
    "starvation_threshold": null,
    "starvation_coefficient": null,
    "beta": null,
    "output_dir": "results/multi_seed_runs/seed_3579",
    "verbose": true,
    "model_name": null,
    "dataset_path": null,
    "use_cache": null,
    "force_regenerate": null,
    "device_map": null,
    "dtype": null,
    "load_in_8bit": null,
    "experiment_mode": "fixed_jobs",
    "arrival_rate": 0.6,
    "run_metrics": {
      "total_jobs": 54,
      "total_time": 95.84118200216066,
      "throughput": 0.5634321162564816,
      "avg_waiting_time": 1.7965526501465474,
      "avg_jct": 3.3616988093892473,
      "p50_waiting_time": 1.3707511563457828,
      "p95_waiting_time": 7.616940406857585,
      "p99_waiting_time": 8.8181883386575,
      "p50_jct": 2.5315490048967426,
      "p95_jct": 10.606036190091235,
      "p99_jct": 11.579852188011289,
      "estimated_arrival_rate": 0.5650059315328696,
      "avg_actual_execution_time": 1.5651461592427007,
      "effective_load": 0.8843168636880152,
      "throughput_p25": 0.5088625511088845,
      "throughput_p50": 0.5028048801998379,
      "throughput_p75": 0.5373761889706703
    }
  },
  "num_jobs": 54,
  "total_run_time": 95.84118200216066,
  "overall_metrics": {
    "avg_waiting_time": 1.7965526501465474,
    "std_waiting_time": 2.0862989280881385,
    "p50_waiting_time": 1.3707511563457828,
    "p95_waiting_time": 7.616940406857585,
    "p99_waiting_time": 8.8181883386575,
    "avg_turnaround_time": 3.3616988093892473,
    "std_turnaround_time": 2.449072118932017,
    "p99_turnaround_time": 11.579852188011289,
    "avg_service_time": 2.0,
    "throughput": 0.5634321162564816
  },
  "run_metrics": {
    "total_jobs": 54,
    "total_time": 95.84118200216066,
    "throughput": 0.5634321162564816,
    "avg_waiting_time": 1.7965526501465474,
    "avg_jct": 3.3616988093892473,
    "p50_waiting_time": 1.3707511563457828,
    "p95_waiting_time": 7.616940406857585,
    "p99_waiting_time": 8.8181883386575,
    "p50_jct": 2.5315490048967426,
    "p95_jct": 10.606036190091235,
    "p99_jct": 11.579852188011289,
    "estimated_arrival_rate": 0.5650059315328696,
    "avg_actual_execution_time": 1.5651461592427007,
    "effective_load": 0.8843168636880152,
    "throughput_p25": 0.5088625511088845,
    "throughput_p50": 0.5028048801998379,
    "throughput_p75": 0.5373761889706703
  },
  "llm_metrics": {
    "num_llm_jobs": 54,
    "avg_actual_execution_time": 1.5651461592427007,
    "std_actual_execution_time": 0.6562063303823271,
    "avg_output_token_length": 77.25925925925925,
    "std_output_token_length": 32.409523740421314,
    "cache_hit_count": 54,
    "cache_hit_rate": 1.0,
    "fallback_used_count": 0,
    "error_count": 0,
    "prediction_accuracy": {
      "avg_absolute_error": 0.536397802035014,
      "std_absolute_error": 0.48531330182089405,
      "avg_relative_error": 0.3224713371072454,
      "median_relative_error": 0.28914843253989875,
      "max_absolute_error": 1.6586721229553225
    }
  },
  "per_emotion_class_metrics": {
    "medium": {
      "count": 18,
      "avg_waiting_time": 0.9948763418684167,
      "std_waiting_time": 0.9864038986427397,
      "avg_turnaround_time": 2.6250439586066303,
      "std_turnaround_time": 0.9201759194123685,
      "avg_predicted_service_time": 2.0,
      "avg_measured_execution_time": 1.6301676167382135,
      "p50_waiting_time": 0.8458168027173762,
      "p95_waiting_time": 2.272777191795696,
      "p99_waiting_time": 3.1720092985185664
    },
    "low": {
      "count": 18,
      "avg_waiting_time": 1.2524132897507934,
      "std_waiting_time": 0.6203625297810265,
      "avg_turnaround_time": 2.0885332859276193,
      "std_turnaround_time": 0.6371119264177293,
      "avg_predicted_service_time": 0.7199999999999996,
      "avg_measured_execution_time": 0.8361199961768256,
      "p50_waiting_time": 1.200431434982459,
      "p95_waiting_time": 2.114346045661101,
      "p99_waiting_time": 2.3780835695597413
    },
    "high": {
      "count": 18,
      "avg_waiting_time": 3.1423683188204317,
      "std_waiting_time": 2.9916709330367124,
      "avg_turnaround_time": 5.371519183633494,
      "std_turnaround_time": 3.2462653381540156,
      "avg_predicted_service_time": 3.2800000000000002,
      "avg_measured_execution_time": 2.2291508648130627,
      "p50_waiting_time": 2.2807042761096703,
      "p95_waiting_time": 8.748308451927016,
      "p99_waiting_time": 8.896803211229292
    },
    "overall": {
      "count": 54,
      "avg_waiting_time": 3.142368318820431,
      "avg_turnaround_time": 5.371519183633494
    }
  },
  "fairness_analysis": {
    "waiting_time_fairness": {
      "jain_index": 0.778811441902368,
      "per_class_values": {
        "medium": 0.9948763418684167,
        "low": 1.2524132897507934,
        "high": 3.1423683188204317
      },
      "coefficient_of_variation": 0.5329238627486315,
      "max_min_ratio": 3.1585516577054604,
      "mean": 1.7965526501465472,
      "std": 0.9574257779473887
    },
    "turnaround_time_fairness": {
      "jain_index": 0.8453353180937191,
      "per_class_values": {
        "medium": 2.6250439586066303,
        "low": 2.0885332859276193,
        "high": 5.371519183633494
      },
      "coefficient_of_variation": 0.42774118600350464,
      "max_min_ratio": 2.5719097798567003,
      "mean": 3.361698809389248,
      "std": 1.4379370357147265
    },
    "per_class_metrics": {
      "medium": {
        "count": 18,
        "avg_waiting_time": 0.9948763418684167,
        "std_waiting_time": 0.9864038986427397,
        "avg_turnaround_time": 2.6250439586066303,
        "std_turnaround_time": 0.9201759194123685,
        "avg_predicted_service_time": 2.0,
        "avg_measured_execution_time": 1.6301676167382135,
        "p50_waiting_time": 0.8458168027173762,
        "p95_waiting_time": 2.272777191795696,
        "p99_waiting_time": 3.1720092985185664
      },
      "low": {
        "count": 18,
        "avg_waiting_time": 1.2524132897507934,
        "std_waiting_time": 0.6203625297810265,
        "avg_turnaround_time": 2.0885332859276193,
        "std_turnaround_time": 0.6371119264177293,
        "avg_predicted_service_time": 0.7199999999999996,
        "avg_measured_execution_time": 0.8361199961768256,
        "p50_waiting_time": 1.200431434982459,
        "p95_waiting_time": 2.114346045661101,
        "p99_waiting_time": 2.3780835695597413
      },
      "high": {
        "count": 18,
        "avg_waiting_time": 3.1423683188204317,
        "std_waiting_time": 2.9916709330367124,
        "avg_turnaround_time": 5.371519183633494,
        "std_turnaround_time": 3.2462653381540156,
        "avg_predicted_service_time": 3.2800000000000002,
        "avg_measured_execution_time": 2.2291508648130627,
        "p50_waiting_time": 2.2807042761096703,
        "p95_waiting_time": 8.748308451927016,
        "p99_waiting_time": 8.896803211229292
      },
      "overall": {
        "count": 54,
        "avg_waiting_time": 3.142368318820431,
        "avg_turnaround_time": 5.371519183633494
      }
    },
    "arousal_valence_distribution": {
      "high_positive": 6,
      "high_neutral": 6,
      "high_negative": 6,
      "medium_positive": 6,
      "medium_neutral": 6,
      "medium_negative": 6,
      "low_positive": 6,
      "low_neutral": 6,
      "low_negative": 6,
      "total": 54
    }
  }
}