{
  "experiment_name": "SSJF-Combined_180jobs_load0.90_fixed",
  "metadata": {
    "scheduler": "SSJF-Combined",
    "num_jobs": 180,
    "mode": "fixed_jobs",
    "simulation_duration": null,
    "system_load": 0.9,
    "base_service_time": null,
    "alpha": null,
    "rho": null,
    "emotion_correlation": null,
    "enable_emotion": null,
    "arousal_noise": null,
    "random_seed": 3579,
    "starvation_threshold": null,
    "starvation_coefficient": null,
    "beta": null,
    "output_dir": "results/multi_seed_runs/seed_3579",
    "verbose": true,
    "model_name": null,
    "dataset_path": null,
    "use_cache": null,
    "force_regenerate": null,
    "device_map": null,
    "dtype": null,
    "load_in_8bit": null,
    "experiment_mode": "fixed_jobs",
    "arrival_rate": 0.8181818181818181,
    "run_metrics": {
      "total_jobs": 180,
      "total_time": 247.21054025817867,
      "throughput": 0.7281242936163395,
      "avg_waiting_time": 1.9726657974169275,
      "avg_jct": 3.1101914817206353,
      "p50_waiting_time": 0.6575755822079188,
      "p95_waiting_time": 9.69848612698673,
      "p99_waiting_time": 18.16839373781701,
      "p50_jct": 1.8533532241234205,
      "p95_jct": 11.152013525535363,
      "p99_jct": 19.707561943078243,
      "estimated_arrival_rate": 0.7360431105274218,
      "avg_actual_execution_time": 1.1375256843037076,
      "effective_load": 0.837267942979735,
      "throughput_p25": 0.7441961373842642,
      "throughput_p50": 0.7624131444836,
      "throughput_p75": 0.7145686973683093
    },
    "valence_beta": 0.8
  },
  "num_jobs": 180,
  "total_run_time": 247.21054025817867,
  "overall_metrics": {
    "avg_waiting_time": 1.9726657974169275,
    "std_waiting_time": 3.546487107235549,
    "p50_waiting_time": 0.6575755822079188,
    "p95_waiting_time": 9.69848612698673,
    "p99_waiting_time": 18.16839373781701,
    "avg_turnaround_time": 3.1101914817206353,
    "std_turnaround_time": 3.7169974137341044,
    "p99_turnaround_time": 19.707561943078243,
    "avg_service_time": 1.1,
    "throughput": 0.7281242936163395
  },
  "run_metrics": {
    "total_jobs": 180,
    "total_time": 247.21054025817867,
    "throughput": 0.7281242936163395,
    "avg_waiting_time": 1.9726657974169275,
    "avg_jct": 3.1101914817206353,
    "p50_waiting_time": 0.6575755822079188,
    "p95_waiting_time": 9.69848612698673,
    "p99_waiting_time": 18.16839373781701,
    "p50_jct": 1.8533532241234205,
    "p95_jct": 11.152013525535363,
    "p99_jct": 19.707561943078243,
    "estimated_arrival_rate": 0.7360431105274218,
    "avg_actual_execution_time": 1.1375256843037076,
    "effective_load": 0.837267942979735,
    "throughput_p25": 0.7441961373842642,
    "throughput_p50": 0.7624131444836,
    "throughput_p75": 0.7145686973683093
  },
  "llm_metrics": {
    "num_llm_jobs": 180,
    "avg_actual_execution_time": 1.1375256843037076,
    "std_actual_execution_time": 0.48095172324320296,
    "avg_output_token_length": 55.97222222222222,
    "std_output_token_length": 23.83028664805346,
    "cache_hit_count": 180,
    "cache_hit_rate": 1.0,
    "fallback_used_count": 0,
    "error_count": 0,
    "prediction_accuracy": {
      "avg_absolute_error": 0.27491228704452525,
      "std_absolute_error": 0.2647104521724395,
      "avg_relative_error": 0.24668784172829947,
      "median_relative_error": 0.22526978489572624,
      "max_absolute_error": 2.7497321643829347
    }
  },
  "per_emotion_class_metrics": {
    "low": {
      "count": 60,
      "avg_waiting_time": 0.5601361343629168,
      "std_waiting_time": 0.8554226005769604,
      "avg_turnaround_time": 1.2135086287425962,
      "std_turnaround_time": 0.936810259807331,
      "avg_predicted_service_time": 0.39599999999999996,
      "avg_measured_execution_time": 0.6533724943796794,
      "p50_waiting_time": 0.2571935159264065,
      "p95_waiting_time": 2.032631190121796,
      "p99_waiting_time": 3.9833702145878265
    },
    "medium": {
      "count": 60,
      "avg_waiting_time": 1.785355320539854,
      "std_waiting_time": 2.6923526680260204,
      "avg_turnaround_time": 3.0016596545445737,
      "std_turnaround_time": 2.7333953546040455,
      "avg_predicted_service_time": 1.0999999999999999,
      "avg_measured_execution_time": 1.2163043340047202,
      "p50_waiting_time": 0.8874551712508492,
      "p95_waiting_time": 9.292893398474284,
      "p99_waiting_time": 10.743262950664754
    },
    "high": {
      "count": 60,
      "avg_waiting_time": 3.5725059373480126,
      "std_waiting_time": 5.016212510816216,
      "avg_turnaround_time": 5.115406161874735,
      "std_turnaround_time": 5.046689486967691,
      "avg_predicted_service_time": 1.8040000000000005,
      "avg_measured_execution_time": 1.5429002245267232,
      "p50_waiting_time": 1.3365347218892865,
      "p95_waiting_time": 15.725060391562252,
      "p99_waiting_time": 18.71464058882356
    },
    "overall": {
      "count": 180,
      "avg_waiting_time": 3.572505937348012,
      "avg_turnaround_time": 5.115406161874735
    }
  },
  "fairness_analysis": {
    "waiting_time_fairness": {
      "jain_index": 0.7177938330461419,
      "per_class_values": {
        "low": 0.5601361343629168,
        "medium": 1.785355320539854,
        "high": 3.5725059373480126
      },
      "coefficient_of_variation": 0.6270228802115029,
      "max_min_ratio": 6.377924433336695,
      "mean": 1.9726657974169275,
      "std": 1.236906589991083
    },
    "turnaround_time_fairness": {
      "jain_index": 0.7918122084921849,
      "per_class_values": {
        "low": 1.2135086287425962,
        "medium": 3.0016596545445737,
        "high": 5.115406161874735
      },
      "coefficient_of_variation": 0.5127628258377261,
      "max_min_ratio": 4.215385074908924,
      "mean": 3.110191481720635,
      "std": 1.5947905730634975
    },
    "per_class_metrics": {
      "low": {
        "count": 60,
        "avg_waiting_time": 0.5601361343629168,
        "std_waiting_time": 0.8554226005769604,
        "avg_turnaround_time": 1.2135086287425962,
        "std_turnaround_time": 0.936810259807331,
        "avg_predicted_service_time": 0.39599999999999996,
        "avg_measured_execution_time": 0.6533724943796794,
        "p50_waiting_time": 0.2571935159264065,
        "p95_waiting_time": 2.032631190121796,
        "p99_waiting_time": 3.9833702145878265
      },
      "medium": {
        "count": 60,
        "avg_waiting_time": 1.785355320539854,
        "std_waiting_time": 2.6923526680260204,
        "avg_turnaround_time": 3.0016596545445737,
        "std_turnaround_time": 2.7333953546040455,
        "avg_predicted_service_time": 1.0999999999999999,
        "avg_measured_execution_time": 1.2163043340047202,
        "p50_waiting_time": 0.8874551712508492,
        "p95_waiting_time": 9.292893398474284,
        "p99_waiting_time": 10.743262950664754
      },
      "high": {
        "count": 60,
        "avg_waiting_time": 3.5725059373480126,
        "std_waiting_time": 5.016212510816216,
        "avg_turnaround_time": 5.115406161874735,
        "std_turnaround_time": 5.046689486967691,
        "avg_predicted_service_time": 1.8040000000000005,
        "avg_measured_execution_time": 1.5429002245267232,
        "p50_waiting_time": 1.3365347218892865,
        "p95_waiting_time": 15.725060391562252,
        "p99_waiting_time": 18.71464058882356
      },
      "overall": {
        "count": 180,
        "avg_waiting_time": 3.572505937348012,
        "avg_turnaround_time": 5.115406161874735
      }
    },
    "arousal_valence_distribution": {
      "high_positive": 20,
      "high_neutral": 20,
      "high_negative": 20,
      "medium_positive": 20,
      "medium_neutral": 20,
      "medium_negative": 20,
      "low_positive": 20,
      "low_neutral": 20,
      "low_negative": 20,
      "total": 180
    },
    "valence_fairness": {
      "weighted_jain_index": 0.9793118654223973,
      "per_valence_values": {
        "neutral": 1.2172875429530032,