{
  "experiment_name": "FCFS_50jobs_load1.20_fixedjobs",
  "metadata": {
    "scheduler": "FCFS",
    "num_jobs": 50,
    "system_load": 1.2,
    "base_service_time": null,
    "alpha": 4.0,
    "rho": null,
    "enable_emotion": null,
    "arousal_noise": null,
    "random_seed": 42,
    "starvation_threshold": null,
    "starvation_coefficient": null,
    "output_dir": "results/load1.2_alpha4",
    "verbose": true,
    "model_name": null,
    "dataset_path": null,
    "use_cache": null,
    "force_regenerate": null,
    "device_map": null,
    "dtype": null,
    "load_in_8bit": null,
    "experiment_mode": "fixed_jobs",
    "arrival_rate": 0.6,
    "run_metrics": {
      "total_jobs": 50,
      "total_time": 115.332319889484,
      "throughput": 0.4335298210242539,
      "avg_waiting_time": 19.888774794060154,
      "avg_jct": 22.1275294670643,
      "p50_waiting_time": 22.186962261545965,
      "p95_waiting_time": 35.360522000812416,
      "p99_waiting_time": 40.162019492004625,
      "p50_jct": 25.90442091955399,
      "p95_jct": 39.40553140897192,
      "p99_jct": 43.05231441101859,
      "throughput_p25": 0.3962493594041266,
      "throughput_p50": 0.4286144002330611,
      "throughput_p75": 0.4411160004009579
    }
  },
  "num_jobs": 50,
  "total_run_time": 115.332319889484,
  "overall_metrics": {
    "avg_waiting_time": 19.888774794060154,
    "std_waiting_time": 11.771338381782503,
    "p50_waiting_time": 22.186962261545965,
    "p95_waiting_time": 35.360522000812416,
    "p99_waiting_time": 40.162019492004625,
    "avg_turnaround_time": 22.1275294670643,
    "std_turnaround_time": 11.79728292112241,
    "p99_turnaround_time": 43.05231441101859,
    "avg_service_time": 4.540000000000001,
    "throughput": 0.4335298210242539
  },
  "run_metrics": {
    "total_jobs": 50,
    "total_time": 115.332319889484,
    "throughput": 0.4335298210242539,
    "avg_waiting_time": 19.888774794060154,
    "avg_jct": 22.1275294670643,
    "p50_waiting_time": 22.186962261545965,
    "p95_waiting_time": 35.360522000812416,
    "p99_waiting_time": 40.162019492004625,
    "p50_jct": 25.90442091955399,
    "p95_jct": 39.40553140897192,
    "p99_jct": 43.05231441101859,
    "throughput_p25": 0.3962493594041266,
    "throughput_p50": 0.4286144002330611,
    "throughput_p75": 0.4411160004009579
  },
  "llm_metrics": {
    "num_llm_jobs": 50,
    "avg_actual_execution_time": 2.2387546730041503,
    "std_actual_execution_time": 1.5925395253021304,
    "avg_output_token_length": 118.36,
    "std_output_token_length": 84.53206728810079,
    "cache_hit_count": 0,
    "cache_hit_rate": 0.0,
    "fallback_used_count": 0,
    "error_count": 0,
    "prediction_accuracy": {
      "avg_absolute_error": 2.5344786109924318,
      "std_absolute_error": 2.3928317618083814,
      "avg_relative_error": 1.0458757172576203,
      "median_relative_error": 0.780771973369843,
      "max_absolute_error": 7.002300643920899
    }
  },
  "per_emotion_class_metrics": {
    "medium": {
      "count": 12,
      "avg_waiting_time": 19.5810443059374,
      "std_waiting_time": 12.370178145314956,
      "avg_turnaround_time": 21.245797842320712,
      "std_turnaround_time": 12.25612263139511,
      "avg_execution_time": 2.0,
      "p50_waiting_time": 21.407269146715876,
      "p95_waiting_time": 36.41342220968755,
      "p99_waiting_time": 38.83596095709575
    },
    "high": {
      "count": 24,
      "avg_waiting_time": 19.028697612783095,
      "std_waiting_time": 12.450000000394262,
      "avg_turnaround_time": 22.575958254834788,
      "std_turnaround_time": 12.5431963281221,
      "avg_execution_time": 8.4,
      "p50_waiting_time": 20.768908037895073,
      "p95_waiting_time": 35.99090251378983,
      "p99_waiting_time": 39.858749385313445
    },
    "low": {
      "count": 14,
      "avg_waiting_time": 21.626961808926044,
      "std_waiting_time": 9.675877945831308,
      "avg_turnaround_time": 22.114564366380836,
      "std_turnaround_time": 9.878270710741818,
      "avg_execution_time": 0.10000000000000002,
      "p50_waiting_time": 25.284846969376755,
      "p95_waiting_time": 32.16700388698922,
      "p99_waiting_time": 33.519588655106794
    },
    "overall": {
      "count": 50,
      "avg_waiting_time": 21.626961808926048,
      "avg_turnaround_time": 22.114564366380836
    }
  },
  "fairness_analysis": {
    "waiting_time_fairness": {
      "jain_index": 0.9969113292382416,
      "per_class_values": {
        "medium": 19.5810443059374,
        "high": 19.028697612783095,
        "low": 21.626961808926044
      },
      "coefficient_of_variation": 0.055661837965475996,
      "max_min_ratio": 1.1365445102452776,
      "mean": 20.07890124254885,
      "std": 1.1176285474875487
    },
    "turnaround_time_fairness": {
      "jain_index": 0.9993708608386025,
      "per_class_values": {
        "medium": 21.245797842320712,
        "high": 22.575958254834788,
        "low": 22.114564366380836
      },
      "coefficient_of_variation": 0.025090540581302334,
      "max_min_ratio": 1.0626081647950378,
      "mean": 21.978773487845444,
      "std": 0.551459308124038
    },
    "per_class_metrics": {
      "medium": {
        "count": 12,
        "avg_waiting_time": 19.5810443059374,
        "std_waiting_time": 12.370178145314956,
        "avg_turnaround_time": 21.245797842320712,
        "std_turnaround_time": 12.25612263139511,
        "avg_execution_time": 2.0,
        "p50_waiting_time": 21.407269146715876,
        "p95_waiting_time": 36.41342220968755,
        "p99_waiting_time": 38.83596095709575
      },
      "high": {
        "count": 24,
        "avg_waiting_time": 19.028697612783095,
        "std_waiting_time": 12.450000000394262,
        "avg_turnaround_time": 22.575958254834788,
        "std_turnaround_time": 12.5431963281221,
        "avg_execution_time": 8.4,
        "p50_waiting_time": 20.768908037895073,
        "p95_waiting_time": 35.99090251378983,
        "p99_waiting_time": 39.858749385313445
      },
      "low": {
        "count": 14,
        "avg_waiting_time": 21.626961808926044,
        "std_waiting_time": 9.675877945831308,
        "avg_turnaround_time": 22.114564366380836,
        "std_turnaround_time": 9.878270710741818,
        "avg_execution_time": 0.10000000000000002,
        "p50_waiting_time": 25.284846969376755,
        "p95_waiting_time": 32.16700388698922,
        "p99_waiting_time": 33.519588655106794
      },
      "overall": {
        "count": 50,
        "avg_waiting_time": 21.626961808926048,
        "avg_turnaround_time": 22.114564366380836
      }
    }
  }
}