{
  "experiment_name": "SSJF-Emotion_50jobs_load1.20_fixedjobs",
  "metadata": {
    "scheduler": "SSJF-Emotion",
    "num_jobs": 50,
    "system_load": 1.2,
    "base_service_time": null,
    "alpha": 4.0,
    "rho": null,
    "enable_emotion": null,
    "arousal_noise": null,
    "random_seed": 42,
    "starvation_threshold": null,
    "starvation_coefficient": null,
    "output_dir": "results/load1.2_alpha4",
    "verbose": true,
    "model_name": null,
    "dataset_path": null,
    "use_cache": null,
    "force_regenerate": null,
    "device_map": null,
    "dtype": null,
    "load_in_8bit": null,
    "experiment_mode": "fixed_jobs",
    "arrival_rate": 0.6,
    "run_metrics": {
      "total_jobs": 50,
      "total_time": 115.332319889484,
      "throughput": 0.4335298210242539,
      "avg_waiting_time": 14.668729942757057,
      "avg_jct": 16.907484615761206,
      "p50_waiting_time": 6.022457961808264,
      "p95_waiting_time": 37.62420561731597,
      "p99_waiting_time": 40.162019492004625,
      "p50_jct": 7.906141692350226,
      "p95_jct": 40.97630961359283,
      "p99_jct": 43.05231441101859,
      "throughput_p25": 0.4392056526117443,
      "throughput_p50": 0.5229300509511082,
      "throughput_p75": 0.4411160004009579
    }
  },
  "num_jobs": 50,
  "total_run_time": 115.332319889484,
  "overall_metrics": {
    "avg_waiting_time": 14.668729942757057,
    "std_waiting_time": 14.043806877916937,
    "p50_waiting_time": 6.022457961808264,
    "p95_waiting_time": 37.62420561731597,
    "p99_waiting_time": 40.162019492004625,
    "avg_turnaround_time": 16.907484615761206,
    "std_turnaround_time": 14.873223868922967,
    "p99_turnaround_time": 43.05231441101859,
    "avg_service_time": 4.540000000000001,
    "throughput": 0.4335298210242539
  },
  "run_metrics": {
    "total_jobs": 50,
    "total_time": 115.332319889484,
    "throughput": 0.4335298210242539,
    "avg_waiting_time": 14.668729942757057,
    "avg_jct": 16.907484615761206,
    "p50_waiting_time": 6.022457961808264,
    "p95_waiting_time": 37.62420561731597,
    "p99_waiting_time": 40.162019492004625,
    "p50_jct": 7.906141692350226,
    "p95_jct": 40.97630961359283,
    "p99_jct": 43.05231441101859,
    "throughput_p25": 0.4392056526117443,
    "throughput_p50": 0.5229300509511082,
    "throughput_p75": 0.4411160004009579
  },
  "llm_metrics": {
    "num_llm_jobs": 50,
    "avg_actual_execution_time": 2.2387546730041503,
    "std_actual_execution_time": 1.5925395253021304,
    "avg_output_token_length": 118.36,
    "std_output_token_length": 84.53206728810079,
    "cache_hit_count": 50,
    "cache_hit_rate": 1.0,
    "fallback_used_count": 0,
    "error_count": 0,
    "prediction_accuracy": {
      "avg_absolute_error": 2.5344786109924318,
      "std_absolute_error": 2.3928317618083814,
      "avg_relative_error": 1.0458757172576203,
      "median_relative_error": 0.780771973369843,
      "max_absolute_error": 7.002300643920899
    }
  },
  "per_emotion_class_metrics": {
    "medium": {
      "count": 12,
      "avg_waiting_time": 9.438839246409055,
      "std_waiting_time": 13.032427208890189,
      "avg_turnaround_time": 11.103592782792367,
      "std_turnaround_time": 13.057962196004132,
      "avg_execution_time": 2.0,
      "p50_waiting_time": 2.008690230347847,
      "p95_waiting_time": 32.874282546197946,
      "p99_waiting_time": 38.12813302439783
    },
    "high": {
      "count": 24,
      "avg_waiting_time": 22.50224687943933,
      "std_waiting_time": 12.517769627610097,
      "avg_turnaround_time": 26.049507521491027,
      "std_turnaround_time": 12.722105266387757,
      "avg_execution_time": 8.4,
      "p50_waiting_time": 27.095692412492713,
      "p95_waiting_time": 38.22312728568783,
      "p99_waiting_time": 40.31792266439853
    },
    "low": {
      "count": 14,
      "avg_waiting_time": 5.722607219600007,
      "std_waiting_time": 9.028549841554897,
      "avg_turnaround_time": 6.210209777054797,
      "std_turnaround_time": 8.93613945258255,
      "avg_execution_time": 0.10000000000000002,
      "p50_waiting_time": 1.7001907812677306,
      "p95_waiting_time": 27.60890510060839,
      "p99_waiting_time": 27.944592351703463
    },
    "overall": {
      "count": 50,
      "avg_waiting_time": 5.722607219600007,
      "avg_turnaround_time": 6.210209777054796
    }
  },
  "fairness_analysis": {
    "waiting_time_fairness": {
      "jain_index": 0.752718901783888,
      "per_class_values": {
        "medium": 9.438839246409055,
        "high": 22.50224687943933,
        "low": 5.722607219600007
      },
      "coefficient_of_variation": 0.5731641908366976,
      "max_min_ratio": 3.9321669329967,
      "mean": 12.554564448482799,
      "std": 7.195826773421814
    },
    "turnaround_time_fairness": {
      "jain_index": 0.7457964900767917,
      "per_class_values": {
        "medium": 11.103592782792367,
        "high": 26.049507521491027,
        "low": 6.210209777054797
      },
      "coefficient_of_variation": 0.5838221982571076,
      "max_min_ratio": 4.194626020160796,
      "mean": 14.454436693779398,
      "std": 8.438821005130485
    },
    "per_class_metrics": {
      "medium": {
        "count": 12,
        "avg_waiting_time": 9.438839246409055,
        "std_waiting_time": 13.032427208890189,
        "avg_turnaround_time": 11.103592782792367,
        "std_turnaround_time": 13.057962196004132,
        "avg_execution_time": 2.0,
        "p50_waiting_time": 2.008690230347847,
        "p95_waiting_time": 32.874282546197946,
        "p99_waiting_time": 38.12813302439783
      },
      "high": {
        "count": 24,
        "avg_waiting_time": 22.50224687943933,
        "std_waiting_time": 12.517769627610097,
        "avg_turnaround_time": 26.049507521491027,
        "std_turnaround_time": 12.722105266387757,
        "avg_execution_time": 8.4,
        "p50_waiting_time": 27.095692412492713,
        "p95_waiting_time": 38.22312728568783,
        "p99_waiting_time": 40.31792266439853
      },
      "low": {
        "count": 14,
        "avg_waiting_time": 5.722607219600007,
        "std_waiting_time": 9.028549841554897,
        "avg_turnaround_time": 6.210209777054797,
        "std_turnaround_time": 8.93613945258255,
        "avg_execution_time": 0.10000000000000002,
        "p50_waiting_time": 1.7001907812677306,
        "p95_waiting_time": 27.60890510060839,
        "p99_waiting_time": 27.944592351703463
      },
      "overall": {
        "count": 50,
        "avg_waiting_time": 5.722607219600007,
        "avg_turnaround_time": 6.210209777054796
      }
    }
  }
}